子ASIN,父ASIN,GV,Sessions,销量,销售额_USD,商品会话百分比,转化率 - 总计,标题
B0GZB23F6H,B0HBB92HG4,560,534,3,3.15,0.56%,10.43%,"100 Count Round Disposable Coffee Filters for Coffee Makers, Natural Wood Pulp Paper"
B0GZB6CTDS,B0HBB92HG4,552,527,1,1.05,0.19%,10.29%,"100 Count Round Disposable Coffee Filters for Coffee Makers, Natural Wood Pulp Paper"
B0GZB52M4R,B0HBB92HG4,380,363,2,2.1,0.55%,7.09%,"100 Count Round Disposable Coffee Filters for Coffee Makers, Natural Wood Pulp Paper"
B0GZB4TZMX,B0HBB92HG4,373,347,1,1.05,0.29%,6.78%,"100 Count Round Disposable Coffee Filters for Coffee Makers, Natural Wood Pulp Paper"
B0H4KZPVKJ,B0H4LHVZC1,326,244,12,15.6,4.92%,4.77%,"Multi-Style Alloy Waist Buckles, Adjustable Pants Waist Tightener Cinch Clips for Women 4 Pack"
B0GZF595K3,B0HC8JPL48,313,249,15,17.1,6.02%,4.86%,"Flat Resistance Band for Yoga, Pilates, Stretching and Home Workouts, Latex-Free Exercise Band"
B0GZB6FF1D,B0HBB92HG4,276,269,0,0.0,0.00%,5.25%,"100 Count Round Disposable Coffee Filters for Coffee Makers, Natural Wood Pulp Paper"
B0GZB1BJR5,B0HBB92HG4,256,248,1,1.05,0.40%,4.84%,"100 Count Round Disposable Coffee Filters for Coffee Makers, Natural Wood Pulp Paper"
B0GZB2W47K,B0HBB92HG4,236,220,0,0.0,0.00%,4.30%,"100 Count Round Disposable Coffee Filters for Coffee Makers, Natural Wood Pulp Paper"
B0H77HK1TK,B0HBR99JR6,228,179,1,5.99,0.56%,3.50%,"Women's Jelly Slide Sandals with Flower Charms, Plastic Slip On Summer Flats, Size 7, Clear"
B0H8RPM3LR,B0H8RR7QB5,189,169,2,2.32,1.18%,3.30%,"No Glue Required Fake Under Eyelashes, Natural Soft Reusable Bottom Lashes with Multiple Styles for Daily Makeup Look"
B0H2FSBZ4Z,B0HBB92HG4,186,176,0,0.0,0.00%,3.44%,"100 Pack Disposable Coffee Filters, Round Paper Filters for Coffee Makers, Natural Wood Pulp Filter Paper"
B0GYQBXTQH,B0HC8JPL48,143,118,7,7.98,5.93%,2.30%,"Flat Resistance Band for Yoga, Pilates, Stretching and Home Workouts, Latex-Free Exercise Band"
B0H77JXNHM,B0HBR99JR6,129,103,0,0.0,0.00%,2.01%,"Women's Jelly Slide Sandals with Flower Charms, Plastic Slip On Summer Flats, Size 7, Black"
B0H76ZNHT5,B0HBR99JR6,127,96,0,0.0,0.00%,1.88%,"Women's Jelly Slide Sandals with Flower Charms, Plastic Slip On Summer Flats, Size 7, Gold"
B0H4G9JD1N,B0H4GGJ94B,121,93,18,22.54,19.35%,1.82%,"Catnip Ball Toy, Rotatable Cat Treat Toy, Hanging Cat Play Accessory for Indoor Cats"
B0H4LC5J69,B0H4LHVZC1,116,100,4,5.48,4.00%,1.95%,"Multi-Style Alloy Waist Buckles, Adjustable Pants Waist Tightener Cinch Clips for Women 4 Pack"
B0H4HK6L56,B0HB5DXJHK,98,82,1,2.49,1.22%,1.60%,"Foldable Flip Flops for Men and Women Portable Lightweight Non-Slip Quick Dry Travel Sandals, Sunshine Yellow, Size 9"
B0GYQ3JX2V,B0HC8JPL48,77,67,10,11.4,14.93%,1.31%,"Flat Resistance Band for Yoga, Pilates, Stretching and Home Workouts, Latex-Free Exercise Band"
B0H4LHWP8M,B0H4L5CLDP,62,48,17,25.13,35.42%,0.94%,"Handheld Double Hole Dough Mixer, Stainless Steel Manual Egg Beater Flour Stirrer for Baking & Cooking"
B0H4GJBX2K,B0H4GR6RDC,61,44,8,23.92,18.18%,0.86%,"One Pair Ankle Support Brace, Adjustable Ankle Wrap, Ankle Stabilizer for Sports and Fitness Activities"
B0H4HB219T,B0HB5DXJHK,47,39,0,0.0,0.00%,0.76%,"Foldable Flip Flops for Men and Women Portable Lightweight Non-Slip Quick Dry Travel Sandals, Ocean Blue, Size 9"
B0H77HK1TK,B0H77HK1TK,39,29,0,0.0,0.00%,0.57%,"Women's Jelly Slide Sandals with Flower Charms, Plastic Slip On Summer Flats, Size 7, Clear"
B0H4H4DT9L,B0HB4TD2TW,36,31,2,5.28,6.45%,0.61%,"Foldable Flip Flops for Men and Women Portable Lightweight Non-Slip Quick Dry Travel Sandals, Rose Red, Size 9"
B0H4HDVS6Z,B0HB4TD2TW,36,34,0,0.0,0.00%,0.66%,"Foldable Flip Flops for Men and Women Portable Lightweight Non-Slip Quick Dry Travel Sandals, Classic Black, Size 9"
B0H4HJHHL5,B0HB5DXJHK,31,29,0,0.0,0.00%,0.57%,"Foldable Flip Flops for Men and Women Portable Lightweight Non-Slip Quick Dry Travel Sandals, Mist Grey, Size 9"
B0H4HFHXR2,B0HB4TD2TW,30,20,1,3.49,5.00%,0.39%,"Foldable Flip Flops for Men and Women Portable Lightweight Non-Slip Quick Dry Travel Sandals, Classic Black, Size 8"
B0H4H7SS6W,B0HB5DXJHK,27,21,0,0.0,0.00%,0.41%,"Foldable Flip Flops for Men and Women Portable Lightweight Non-Slip Quick Dry Travel Sandals, Pearl White, Size 9"
B0GZBHJXWC,B0HBB92HG4,24,22,3,3.15,13.64%,0.43%,"100 Count Round Disposable Coffee Filters for Coffee Makers, Natural Wood Pulp Paper"
B0H4HDZTJ6,B0HB5DXJHK,24,20,0,0.0,0.00%,0.39%,"Foldable Flip Flops for Men and Women Portable Lightweight Non-Slip Quick Dry Travel Sandals, Blush Pink, Size 8"
B0H4HKW9ZM,B0HB5DXJHK,22,21,1,2.99,4.76%,0.41%,"Foldable Flip Flops for Men and Women Portable Lightweight Non-Slip Quick Dry Travel Sandals, Sunshine Yellow, Size 8"
B0GZ9WKD2X,B0HBB92HG4,20,18,0,0.0,0.00%,0.35%,"100 Count Round Disposable Coffee Filters for Coffee Makers, Natural Wood Pulp Paper"
B0H4H8L9LB,B0HB5DXJHK,18,17,0,0.0,0.00%,0.33%,"Foldable Flip Flops for Men and Women Portable Lightweight Non-Slip Quick Dry Travel Sandals, Blush Pink, Size 9"
B0H8NSQBGQ,B0H8P3C3Z8,17,17,6,9.54,35.29%,0.33%,"Reusable Washable Silicone Foot Cover Socks, Soft Gel Lotion Holding Foot Spa Socks to Lock Skin Care Lotion for Daily Foot Care"
B0H87N9L4R,B0H87NRH3R,16,10,1,1.89,10.00%,0.20%,"Bird Self Watering Plant Stake, Transparent Light Green Auto Slow Release Irrigation Spike, Water Insert for Indoor Outdoor Potted Flower Succulent Garden"
B0H4H6MHDJ,B0HB4TD2TW,15,14,1,3.49,7.14%,0.27%,"Foldable Flip Flops for Men and Women Portable Lightweight Non-Slip Quick Dry Travel Sandals, Lemon Yellow, Size 8"
B0H4GM7HZM,B0H4GJG5W6,15,10,0,0.0,0.00%,0.20%,"20 Pcs Dual Carabiner Clip, S Shaped Double Ended Clip, Small Keychain Hook For Daily And Outdoor Use"
B0GZB82M9W,B0HBB92HG4,14,12,0,0.0,0.00%,0.23%,"100 Count Round Disposable Coffee Filters for Coffee Makers, Natural Wood Pulp Paper"
B0H4H6L1FM,B0HB4TD2TW,13,13,0,0.0,0.00%,0.25%,"Foldable Flip Flops for Men and Women Portable Lightweight Non-Slip Quick Dry Travel Sandals, Cloud White, Size 9"
B0H4H9FNNL,B0HB5DXJHK,13,10,3,8.37,30.00%,0.20%,"Foldable Flip Flops for Men and Women Portable Lightweight Non-Slip Quick Dry Travel Sandals, Mist Grey, Size 8"
B0H4H3Y47J,B0HB4TD2TW,12,12,0,0.0,0.00%,0.23%,"Foldable Flip Flops for Men and Women Portable Lightweight Non-Slip Quick Dry Travel Sandals, Cloud White, Size 8"
B0H4H1Z4N4,B0HB4TD2TW,12,11,0,0.0,0.00%,0.21%,"Foldable Flip Flops for Men and Women Portable Lightweight Non-Slip Quick Dry Travel Sandals, Lemon Yellow, Size 9"
B0H4HG4T67,B0HB4TD2TW,11,10,0,0.0,0.00%,0.20%,"Foldable Flip Flops for Men and Women Portable Lightweight Non-Slip Quick Dry Travel Sandals, Mint Green, Size 9"
B0H4H8FXTT,B0HB4TD2TW,10,10,0,0.0,0.00%,0.20%,"Foldable Flip Flops for Men and Women Portable Lightweight Non-Slip Quick Dry Travel Sandals, Rose Red, Size 8"
B0H269DYNM,B0H269DYNM,10,10,0,0.0,0.00%,0.20%,"Shield Cycling Sunglasses with Carrying Case, Mirror Lens, Adult Unisex, Black Frame"
B0H4H77K18,B0HB4TD2TW,10,10,0,0.0,0.00%,0.20%,"Foldable Flip Flops for Men and Women Portable Lightweight Non-Slip Quick Dry Travel Sandals, Mint Green, Size 8"
B0GZ9Z7S29,B0HBB92HG4,10,10,1,1.05,10.00%,0.20%,"100 Count Round Disposable Coffee Filters for Coffee Makers, Natural Wood Pulp Paper"
B0GZF595K3,B0GZF595K3,10,8,2,2.28,25.00%,0.16%,"Flat Resistance Band for Yoga, Pilates, Stretching and Home Workouts, Latex-Free Exercise Band"
B0H7Q765FK,B0H7FN6981,9,6,0,0.0,0.00%,0.12%,"Foldable EVA Slide Sandals, Ocean Blue, US Size 9"
B0H76ZNHT5,B0H76ZNHT5,9,6,0,0.0,0.00%,0.12%,"Women's Jelly Slide Sandals with Flower Charms, Plastic Slip On Summer Flats, Size 7, Gold"
B0H4H49FTB,B0HB5DXJHK,9,6,0,0.0,0.00%,0.12%,"Foldable Flip Flops for Men and Women Portable Lightweight Non-Slip Quick Dry Travel Sandals, Pearl White, Size 8"
B0H7F9Y37Y,B0H7FN6981,9,9,1,2.99,11.11%,0.18%,"Foldable EVA Slide Sandals, Pearl White, US Size 9"
B0H2S8R3P1,B0HBL686YK,8,6,0,0.0,0.00%,0.12%,"Women's Non-Slip Five-Toe Yoga Grip Socks, Cotton Pilates Barre Low Cut Socks, Purple"
B0H49ZB5PH,B0HC7X84YK,8,7,1,1.74,14.29%,0.14%,"Gardening Gloves for Women and Men, Breathable Latex Coated Garden Work Gloves with Grip, Medium Size, Gray Elastic Black Grip, 1 Pair"
B0H7FG7CRQ,B0H7FN6981,7,4,0,0.0,0.00%,0.08%,"Foldable EVA Slide Sandals, Blush Pink, US Size 8"
B0GZQ7M31V,B0HBNWWDSF,7,4,0,0.0,0.00%,0.08%,Feather Shape Cat Chew Toy for Indoor Cats and Kittens
B0H1SHJRGH,B0HBPTLSR2,7,4,0,0.0,0.00%,0.08%,Generic Diffuser Replacement Sticks 22cm Black Fiber 50 Count
B0H7F95XRJ,B0H7FN6981,7,6,0,0.0,0.00%,0.12%,"Foldable EVA Slide Sandals, Mist Grey, US Size 9"
B0GYQBXTQH,B0GYQBXTQH,7,4,0,0.0,0.00%,0.08%,"Flat Resistance Band for Yoga, Pilates, Stretching and Home Workouts, Latex-Free Exercise Band"
B0GZLJ5L2Z,B0HBNWWDSF,7,4,0,0.0,0.00%,0.08%,"Fish Bone Cat Chew Toy, Mint and Gall Fruit Scent for Indoor Cats"
B0H77JXNHM,B0H77JXNHM,7,6,0,0.0,0.00%,0.12%,"Women's Jelly Slide Sandals with Flower Charms, Plastic Slip On Summer Flats, Size 7, Black"
B0H8WYSL4R,B0H8WP6VP2,7,6,0,0.0,0.00%,0.12%,"One-Touch Electric Hands-Free Can Opener, Battery Operated Kitchen Tool with Smooth Cut Edge for Daily Cans"
B0H4GHKBZ3,B0H4GQVGPR,7,4,0,0.0,0.00%,0.08%,"Waterproof Dry Bag, Ocean Pack Floating Dry Sack, 20L Storage Bag For Beach And Outdoor Activities(Black"
B0GZLJ5L2Z,B0GZLJ5L2Z,6,6,0,0.0,0.00%,0.12%,"Fish Bone Cat Chew Toy, Mint and Gall Fruit Scent for Indoor Cats"
B0H77FDN3F,B0H77FDN3F,6,4,0,0.0,0.00%,0.08%,"Vintage Glass Plant Mister Spray Bottle, 200ml Decorative Water Sprayer for Indoor Plants, Grey"
B0H776FBN6,B0HDJSVM7C,6,4,0,0.0,0.00%,0.08%,"Vintage Glass Plant Mister Spray Bottle, 200ml Decorative Water Sprayer for Indoor Plants, Yellow"
B0H4H7P4MT,B0HB5DXJHK,6,5,0,0.0,0.00%,0.10%,"Foldable Flip Flops for Men and Women Portable Lightweight Non-Slip Quick Dry Travel Sandals, Ocean Blue, Size 8"
B0H4L3KMG4,B0H4L3D191,6,5,0,0.0,0.00%,0.10%,"Ice Silk Cooling Arm Sleeves, UV Sun Protection Non-Slip Arm Covers for Men Women Outdoor Sports"
B0H7FPGHCT,B0H7FN6981,5,5,0,0.0,0.00%,0.10%,"Foldable EVA Slide Sandals, Pearl White, US Size 8"
B0H7FFYG66,B0H7FN6981,5,5,0,0.0,0.00%,0.10%,"Foldable EVA Slide Sandals, Blush Pink, US Size 9"
B0H1S45D7J,B0H1S45D7J,5,5,0,0.0,0.00%,0.10%,Generic Diffuser Replacement Sticks 22cm White Fiber 50 Count
B0GY4HJWN8,B0HBNWWDSF,5,3,0,0.0,0.00%,0.06%,"Fish Bone Shape Cat Chew Toy, Gall Fruit Scent Interactive Bite Toy for Indoor Cats, Kittens, Solo Play and Chewing Activity"
B0H4L7B6GC,B0H4LDZN9X,5,5,0,0.0,0.00%,0.10%,"4Pcs Adjustable Waist Buckle Set, Alloy Pant Button Extender Fashion Waist Cinch Clips for Women"
B0H2SHMV95,B0HBL686YK,5,3,0,0.0,0.00%,0.06%,"Women's Non-Slip Five-Toe Yoga Grip Socks, Cotton Pilates Barre Low Cut Socks, White"
B0GZTXGMMT,B0GZTXGMMT,4,4,0,0.0,0.00%,0.08%,58mm Single Cup Single Wall Espresso Filter Basket
B0H1S45D7J,B0HBPTLSR2,4,4,0,0.0,0.00%,0.08%,Generic Diffuser Replacement Sticks 22cm White Fiber 50 Count
B0H776FBN6,B0HBRQJLNZ,4,3,0,0.0,0.00%,0.06%,"Vintage Glass Plant Mister Spray Bottle, 200ml Decorative Water Sprayer for Indoor Plants, Yellow"
B0H2FPKFBW,B0HBK3P2R6,4,4,0,0.0,0.00%,0.08%,"Small Exercise Ball, Mini Pilates Ball for Yoga, Core Training, Blue"
B0H2S9D5YP,B0HBL686YK,4,4,0,0.0,0.00%,0.08%,"Women's Non-Slip Five-Toe Yoga Grip Socks, Cotton Pilates Barre Low Cut Socks, Blue"
B0H77KLHW4,B0HDJSVM7C,4,4,0,0.0,0.00%,0.08%,"Vintage Glass Plant Mister Spray Bottle, 200ml Decorative Water Sprayer for Indoor Plants, Purple"
B0H59X9G81,B0H5BBR3JR,4,4,2,10.53,50.00%,0.08%,"6 Pairs Men's No Show Socks, Low Cut Liner Socks, Multicolor Invisible Socks For Daily Casual Wear"
B0H7FW5NBH,B0H7FN6981,4,3,1,2.99,33.33%,0.06%,"Foldable EVA Slide Sandals, Mist Grey, US Size 8"
B0H77KVSJR,B0H77KVSJR,4,3,1,5.49,33.33%,0.06%,"Vintage Glass Plant Mister Spray Bottle, 200ml Decorative Water Sprayer for Indoor Plants, Brown"
B0H5B96D8Q,B0H5B4QW8C,4,3,1,5.6,33.33%,0.06%,"7 Pairs Men's Ankle Socks, Mesh Short Crew Socks, Multicolor Casual Socks For Daily Wear"
B0GY44YXL8,B0HBNWWDSF,4,3,0,0.0,0.00%,0.06%,"Fish Bone Cat Chew Toy, Mint Scent for Indoor Cats and Kittens"
B0H77FDN3F,B0HBRQJLNZ,4,3,1,5.49,33.33%,0.06%,"Vintage Glass Plant Mister Spray Bottle, 200ml Decorative Water Sprayer for Indoor Plants, Grey"
B0GWZWDLC3,B0HB5YC4VY,4,2,0,0.0,0.00%,0.04%,"Velvet Pet Collar with Bell, Adjustable Collar for Cats and Small Dogs, Daily Wear and Indoor Outdoor Use, Light Green"
B0H7FSW3S8,B0H7FN6981,4,4,0,0.0,0.00%,0.08%,"Foldable EVA Slide Sandals, Ocean Blue, US Size 8"
B0H8SH9K6C,B0H8S9VYG3,4,2,0,0.0,0.00%,0.04%,"Single Bug Cat Wand Refill Attachment, Interchangeable Feather Teaser WESSPare with Bell, Snap On Replacement Head for Indoor Kitten Interactive Play"
B0H223B95G,B0HBKCQD8V,3,2,0,0.0,0.00%,0.04%,"Unbleached V Shape Coffee Filters V02, 200 Count, Disposable Paper Filters for Drip Coffee Makers"
B0H2SJWRF3,B0HBLJ4MK2,3,2,0,0.0,0.00%,0.04%,"Women's Non-Slip Five-Toe Yoga Grip Socks, Cotton Pilates Barre Crew Socks, White"
B0H9KTC2GL,B0H9KQD27V,3,2,0,0.0,0.00%,0.04%,"Ergonomic Silicone Thumb Picking Sleeve, Non-Slip Finger Guard for Garden Fruit Vegetable Harvesting"
B0H4GLZ5VJ,B0H4GQVGPR,3,3,0,0.0,0.00%,0.06%,"Waterproof Dry Bag, Ocean Pack Floating Dry Sack, 20L Storage Bag For Beach And Outdoor Activities（White）"
B0GY44YXL8,B0GY44YXL8,3,3,0,0.0,0.00%,0.06%,"Fish Bone Cat Chew Toy, Mint Scent for Indoor Cats and Kittens"
B0H8PZN871,B0H8PZN871,3,1,0,0.0,0.00%,0.02%,"Pet Collar for Dogs & Cats 65cm, Adjustable Waterproof Collar for Daily Wear"
B0H4LHG1VR,B0H4L5YJ73,3,2,0,0.0,0.00%,0.04%,"Fuzzy Ball Chenille Hanging Hand Towels 2 Pack, Soft Absorbent Fast Drying Towels with Hanging Loop for Bathroom Kitchen"
B0H4LFFD16,B0H4L56X4Y,3,2,0,0.0,0.00%,0.04%,Women Two Piece Vintage Print Bikini Set Halter String Triangle Swimsuit Back Self Tie Spaghetti Strap Bathing Suit
B0H49ZB5PH,B0H49ZB5PH,3,3,0,0.0,0.00%,0.06%,"Gardening Gloves for Women and Men, Breathable Latex Coated Garden Work Gloves with Grip, Medium Size, Gray Elastic Black Grip, 1 Pair"
B0GSJT3V72,B0HBL7MTB5,3,2,0,0.0,0.00%,0.04%,"Women's Plus Size High Impact Sports Bra with Fixed Pads, Seamless Workout Tank - Matcha Green - Large"
B0H2S9MR7T,B0H2S9MR7T,3,1,0,0.0,0.00%,0.02%,"Women's Non-Slip Five-Toe Yoga Grip Socks, Cotton Pilates Barre Crew Socks, Green"
B0H2S9T917,B0HBL686YK,3,3,0,0.0,0.00%,0.06%,"Women's Non-Slip Five-Toe Yoga Grip Socks, Cotton Pilates Barre Low Cut Socks, Green"
B0H4HK6L56,B0H4H22BZQ,3,3,0,0.0,0.00%,0.06%,"Foldable Flip Flops for Men and Women Portable Lightweight Non-Slip Quick Dry Travel Sandals, Sunshine Yellow, Size 9"
B0GSJSNDVQ,B0HBLQKXQM,3,3,0,0.0,0.00%,0.06%,"Women's Strappy Sports Bra with Removable Pads, Crisscross Back Medium Support Workout Bra - Forest Green - Small"
B0H45TL91Y,B0HBPTLSR2,3,3,1,3.29,33.33%,0.06%,Generic Diffuser Replacement Sticks 22cm Natural Fiber 50 Count
B0H4LDKQJ4,B0H4L56X4Y,3,3,1,5.79,33.33%,0.06%,String Bikini Tops for Women Sexy Triangle Bathing Suit Tops Adjustable Tie Back Swim Tops Black
B0H77KLHW4,B0H77KLHW4,3,3,0,0.0,0.00%,0.06%,"Vintage Glass Plant Mister Spray Bottle, 200ml Decorative Water Sprayer for Indoor Plants, Purple"
B0GZRRPC47,B0HBGDL165,3,2,0,0.0,0.00%,0.04%,"Magnetic Espresso Dosing Ring for 53mm Portafilter, Mess-Reducing Coffee Funnel"
B0H2S9T917,B0H2S9T917,3,3,1,4.49,33.33%,0.06%,"Women's Non-Slip Five-Toe Yoga Grip Socks, Cotton Pilates Barre Low Cut Socks, Green"
B0H4HB219T,B0H4HB219T,3,3,0,0.0,0.00%,0.06%,"Foldable Flip Flops for Men and Women Portable Lightweight Non-Slip Quick Dry Travel Sandals, Ocean Blue, Size 9"
B0HBR99JR6,B0HBR99JR6,3,3,0,0.0,0.00%,0.06%,"Women's Jelly Slide Sandals with Flower Charms, Plastic Slip On Summer Flats, Size 7, Beach Pool Shower Sandals"
B0GZRN9RMR,B0GZRN9RMR,3,2,0,0.0,0.00%,0.04%,"Magnetic Espresso Dosing Ring for 51mm Portafilter, Mess-Reducing Coffee Funnel"
B0H77KVSJR,B0HDJSVM7C,3,3,0,0.0,0.00%,0.06%,"Vintage Glass Plant Mister Spray Bottle, 200ml Decorative Water Sprayer for Indoor Plants, Brown"
B0GXF9M547,B0GXF9M547,3,3,0,0.0,0.00%,0.06%,"Pet Collar for Cats 38cm, Adjustable Waterproof Collar, 4 Pack"
B0GXF9M547,B0HBMS9LGN,3,3,0,0.0,0.00%,0.06%,"Pet Collar for Cats 38cm, Adjustable Waterproof Collar, 4 Pack"
B0H4H7P4MT,B0H4H7P4MT,2,1,0,0.0,0.00%,0.02%,"Foldable Flip Flops for Men and Women Portable Lightweight Non-Slip Quick Dry Travel Sandals, Ocean Blue, Size 8"
B0H3V4PKMH,B0HBX8J1M6,2,2,0,0.0,0.00%,0.04%,"Rose Thorn Stripper Tool, Green Iron Leaf Thorn Remover for Roses, Floral Stem Cleaner for Gardening and Flower Arrangements"
B0H4L4JGC6,B0H4L56X4Y,2,2,0,0.0,0.00%,0.04%,String Bikini Tops for Women Sexy Triangle Bathing Suit Tops Adjustable Tie Back Swim Tops Black
B0H4B6G8G1,B0H4B6G8G1,2,2,0,0.0,0.00%,0.04%,"Gardening Gloves for Women and Men, Breathable Latex Coated Garden Work Gloves with Grip, Medium Size, Purple Violet Foam Latex Coated, 1 Pair"
B0H3TX3FBL,B0HBX8J1M6,2,2,0,0.0,0.00%,0.04%,"Rose Thorn Stripper Tool, Pink Iron Leaf Thorn Remover for Roses, Floral Stem Cleaner for Gardening and Flower Arrangements"
B0H4B6G8G1,B0HC7X84YK,2,1,0,0.0,0.00%,0.02%,"Gardening Gloves for Women and Men, Breathable Latex Coated Garden Work Gloves with Grip, Medium Size, Purple Violet Foam Latex Coated, 1 Pair"
B0H4HG4T67,B0H4H22BZQ,2,2,0,0.0,0.00%,0.04%,"Foldable Flip Flops for Men and Women Portable Lightweight Non-Slip Quick Dry Travel Sandals, Mint Green, Size 9"
B0H4B7483Q,B0HC7X84YK,2,2,0,0.0,0.00%,0.04%,"Gardening Gloves for Women and Men, Breathable Latex Coated Garden Work Gloves with Grip, Medium Size, Green Hibiscus Foam Latex Coated, 1 Pair"
B0HBPTLSR2,B0HBPTLSR2,2,1,0,0.0,0.00%,0.02%, 
B0HB4TD2TW,B0HB4TD2TW,2,2,0,0.0,0.00%,0.04%,Foldable Flip Flops for Men and Women Lightweight Non-Slip Quick Dry Travel Sandals
B0H4HG4T67,B0H4HG4T67,2,2,0,0.0,0.00%,0.04%,"Foldable Flip Flops for Men and Women Portable Lightweight Non-Slip Quick Dry Travel Sandals, Mint Green, Size 9"
B0GSJPB11K,B0HBL7MTB5,2,1,0,0.0,0.00%,0.02%,"Women's Plus Size High Impact Sports Bra with Fixed Pads, Seamless Workout Tank - White - X-Large"
B0H4HJHHL5,B0H4HJHHL5,2,2,0,0.0,0.00%,0.04%,"Foldable Flip Flops for Men and Women Portable Lightweight Non-Slip Quick Dry Travel Sandals, Mist Grey, Size 9"
B0GSJN2NZ3,B0HBLQKXQM,2,2,0,0.0,0.00%,0.04%,"Women's Strappy Sports Bra with Removable Pads, Crisscross Back Medium Support Workout Bra - Peach Pink - Medium"
B0GS6DHFM7,B0GS6DHFM7,2,2,0,0.0,0.00%,0.04%,"Gradient Pink Yellow Ballet Dance Shoes for Women, Soft Split Sole Yoga Gymnastics Slippers with Elastic Strap, Pink/Yellow, US Women's 5.5, Practice Flat Shoes"
B0GS6CWBL1,B0GS6CWBL1,2,2,0,0.0,0.00%,0.04%,"Gradient Pink Yellow Ballet Dance Shoes for Girls, Soft Split Sole Yoga Gymnastics Slippers with Elastic Strap, Pink/Yellow, US Big Kid 2.5, Practice Flat Shoes"
B0H4HJHHL5,B0H4H22BZQ,2,1,0,0.0,0.00%,0.02%,"Foldable Flip Flops for Men and Women Portable Lightweight Non-Slip Quick Dry Travel Sandals, Mist Grey, Size 9"
B0GSJVQLKZ,B0HBL99NV1,2,1,0,0.0,0.00%,0.02%,"Women's Halter Sports Bra, Backless Padded Yoga Workout Crop Top - Red Wine - Large"
B0GT52539D,B0HC3987P1,2,2,0,0.0,0.00%,0.04%,"High Rise Yoga Leggings for Women, Buttery Soft Tummy Control Workout Pants, Squat Proof 4-Way Stretch Tights - Mocha - Large"
B0H2FHZJQD,B0H2FHZJQD,2,1,0,0.0,0.00%,0.02%,"Small Exercise Ball, Mini Pilates Ball for Yoga, Core Training, Purple"
B0GY4XSHVF,B0HBCZN7V3,2,2,0,0.0,0.00%,0.04%,Pet Birthday Bandana Bib Deep Blue
B0GXFJJCJH,B0HBMV3966,2,2,0,0.0,0.00%,0.04%,"Pet Collar for Dogs & Cats 65cm, Adjustable Waterproof Collar for Daily Wear"
B0HBCZN7V3,B0HBCZN7V3,2,1,0,0.0,0.00%,0.02%,"Pet Birthday Bandana Bib for Dogs and Cats, Color Variations"
B0HBX8J1M6,B0HBX8J1M6,2,2,0,0.0,0.00%,0.04%,"Rose Thorn Stripper Tool, Iron Leaf Thorn Remover for Roses, Floral Stem Cleaner for Gardening, Florist Bouquets and Flower Arrangements"
B0H77FDN3F,B0HDJSVM7C,2,1,0,0.0,0.00%,0.02%,"Vintage Glass Plant Mister Spray Bottle, 200ml Decorative Water Sprayer for Indoor Plants, Grey"
B0GZRX9M9C,B0HBGDL165,2,2,0,0.0,0.00%,0.04%,"Magnetic Espresso Dosing Ring for 58mm Portafilter, Mess-Reducing Coffee Funnel"
B0GZTXFN51,B0GZTXFN51,2,2,0,0.0,0.00%,0.04%,54mm Double Cup Single Wall Espresso Filter Basket
B0GZVL2BTT,B0HBMV3966,2,2,0,0.0,0.00%,0.04%,"Pet Collar for Dogs & Cats 48cm, Adjustable Waterproof Collar for Daily Wear"
B0GT523YHV,B0GT522MN5,2,2,0,0.0,0.00%,0.04%,"High Rise Yoga Leggings for Women, Buttery Soft Tummy Control Workout Pants, Squat Proof 4-Way Stretch Tights - Mocha - XLarge"
B0H21Y6GCJ,B0HBKCQD8V,2,2,0,0.0,0.00%,0.04%,"Unbleached V Shape Coffee Filters V02, 100 Count, Disposable Paper Filters for Drip Coffee Makers"
B0GZTXFN51,B0HCKZ4B5B,2,2,0,0.0,0.00%,0.04%,54mm Double Cup Single Wall Espresso Filter Basket
B0GSJV9D6R,B0GSGT5PD3,2,1,0,0.0,0.00%,0.02%,"Women's Plus Size High Impact Sports Bra with Fixed Pads, Seamless Workout Tank - Matcha Green - Medium"
B0H2G8FHSV,B0H2G8FHSV,2,1,0,0.0,0.00%,0.02%,"Snow Crinkle Flower Wrapping Paper, 5 Sheets Waterproof Bouquet Wrap for Florist Supplies, Decorative Floral Packaging Paper for Wedding, Birthday and DIY, Lava"
B0GSJWF3QR,B0HBLQKXQM,2,2,0,0.0,0.00%,0.04%,"Women's Strappy Sports Bra with Removable Pads, Crisscross Back Medium Support Workout Bra - Peach Pink - Large"
B0H2FSBZ4Z,B0H2FSBZ4Z,2,1,0,0.0,0.00%,0.02%,"100 Pack Disposable Coffee Filters, Round Paper Filters for Coffee Makers, Natural Wood Pulp Filter Paper"
B0H8SJXZM9,B0H8S9VYG3,2,2,0,0.0,0.00%,0.04%,"Single Bug Cat Wand Refill Attachment, Interchangeable Feather Teaser WESSPare with Bell, Snap On Replacement Head for Indoor Kitten Interactive Play"
B0HBNWWDSF,B0HBNWWDSF,1,1,0,0.0,0.00%,0.02%, 
B0HB5DXJHK,B0HB5DXJHK,1,1,0,0.0,0.00%,0.02%,Foldable Flip Flops for Men and Women Lightweight Non-Slip Quick Dry Travel Sandals
B0H77KLHW4,B0HBRQJLNZ,1,1,0,0.0,0.00%,0.02%,"Vintage Glass Plant Mister Spray Bottle, 200ml Decorative Water Sprayer for Indoor Plants, Purple"
B0H8WP6VP2,B0H8WP6VP2,1,1,0,0.0,0.00%,0.02%,"One-Touch Electric Hands-Free Can Opener, Battery Operated Kitchen Tool with Smooth Cut Edge for Daily Cans"
B0H4HKW9ZM,B0H4H22BZQ,1,1,0,0.0,0.00%,0.02%,"Foldable Flip Flops for Men and Women Portable Lightweight Non-Slip Quick Dry Travel Sandals, Sunshine Yellow, Size 8"
B0HBK3P2R6,B0HBK3P2R6,1,1,0,0.0,0.00%,0.02%,"Small Exercise Ball, Mini Pilates Ball for Yoga and Core Training"
B0H4LBBZ3B,B0H4L56X4Y,1,1,0,0.0,0.00%,0.02%,Women Two Piece Vintage Print Bikini Set Halter String Triangle Swimsuit Back Self Tie Spaghetti Strap Bathing Suit
B0HBLJ4MK2,B0HBLJ4MK2,1,1,0,0.0,0.00%,0.02%,"Women's Non-Slip Five-Toe Yoga Grip Socks, Cotton Pilates Barre Crew Socks"
B0H86VSQ13,B0H86VSQ13,1,1,0,0.0,0.00%,0.02%,"Cat Q-Tip Toy Set, 3 Pack Giant Cotton Swab Cat Toys with Catnip for Indoor Interactive Play and Chewing"
B0H776FBN6,B0H776FBN6,1,1,0,0.0,0.00%,0.02%,"Vintage Glass Plant Mister Spray Bottle, 200ml Decorative Water Sprayer for Indoor Plants, Yellow"
B0H8D65QW1,B0HBRMWZQZ,1,1,0,0.0,0.00%,0.02%,"Cooling Sports Towel, Double-Sided Microfiber Quick Dry Ice Towel for Gym Yoga Running Camping, Gray"
B0H8D864GK,B0HBRMWZQZ,1,1,0,0.0,0.00%,0.02%,"Cooling Sports Towel, Double-Sided Microfiber Quick Dry Ice Towel for Gym Yoga Running Camping, Green"
B0H4L5CLDP,B0H4L5CLDP,1,1,0,0.0,0.00%,0.02%,"Handheld Double Hole Dough Mixer, Stainless Steel Manual Egg Beater Flour Stirrer for Baking & Cooking"
B0H4HK6L56,B0H4HK6L56,1,1,0,0.0,0.00%,0.02%,"Foldable Flip Flops for Men and Women Portable Lightweight Non-Slip Quick Dry Travel Sandals, Sunshine Yellow, Size 9"
B0H9KQD27V,B0H9KQD27V,1,1,0,0.0,0.00%,0.02%,"Ergonomic Silicone Thumb Picking Sleeve, Non-Slip Finger Guard for Garden Fruit Vegetable Harvesting"
B0H4L56X4Y,B0H4L56X4Y,1,1,0,0.0,0.00%,0.02%,Women Two Piece Vintage Print Bikini Set Halter String Triangle Swimsuit Back Self Tie Spaghetti Strap Bathing Suit
B0H22189H2,B0HBKCQD8V,1,1,0,0.0,0.00%,0.02%,"Unbleached Fan Shape Coffee Filters 04, 100 Count, Disposable Paper Filters for Drip Coffee Makers"
B0H4HDVS6Z,B0H4H22BZQ,1,1,0,0.0,0.00%,0.02%,"Foldable Flip Flops for Men and Women Portable Lightweight Non-Slip Quick Dry Travel Sandals, Classic Black, Size 9"
B0GT4P549G,B0GT4P549G,1,1,0,0.0,0.00%,0.02%,"Women's High Waisted Yoga Pants, Tummy Control Soft Workout Leggings, 4-Way Stretch Non-See-Through Tights - Large"
B0GXYVF7V4,B0HCL3XW3X,1,1,0,0.0,0.00%,0.02%,"Purple Figure 8 Resistance Band for Workout, Stretching, Yoga, Pilates, Physical Therapy and Home Fitness, TPE Exercise Band"
B0GXF64BPG,B0GXF64BPG,1,1,0,0.0,0.00%,0.02%,"Pet Collar for Dogs 63.5cm, Adjustable Waterproof Collar, 4 Pack"
B0GXF64BPG,B0HBMS9LGN,1,1,0,0.0,0.00%,0.02%,"Pet Collar for Dogs 63.5cm, Adjustable Waterproof Collar, 4 Pack"
B0GWZQMF9W,B0HB5YC4VY,1,1,0,0.0,0.00%,0.02%,"Velvet Pet Collar with Bell, Adjustable Collar for Cats and Small Dogs, Daily Wear and Indoor Outdoor Use, Off-White"
B0GT5F2WYJ,B0HC3987P1,1,1,0,0.0,0.00%,0.02%,"High Rise Yoga Leggings for Women, Buttery Soft Tummy Control Workout Pants, Squat Proof 4-Way Stretch Tights - Coffee - Large"
B0GT5F2WYJ,B0GT5DQC9M,1,1,0,0.0,0.00%,0.02%,"High Rise Yoga Leggings for Women, Buttery Soft Tummy Control Workout Pants, Squat Proof 4-Way Stretch Tights - Coffee - Large"
B0GT5DQC9L,B0HC2NYC9M,1,1,0,0.0,0.00%,0.02%,"Women's High Waisted Yoga Pants, Tummy Control Soft Workout Leggings, 4-Way Stretch Non-See - AppleGreen - Large"
B0GT5CHQQM,B0HC2NYC9M,1,1,0,0.0,0.00%,0.02%,"Women's High Waisted Yoga Pants, Tummy Control Soft Workout Leggings, 4-Way Stretch Non-See - Red - Small"
B0GT59BZLQ,B0HC2NYC9M,1,1,0,0.0,0.00%,0.02%,"Women's High Waisted Yoga Pants, Tummy Control Soft Workout Leggings, 4-Way Stretch Non-See - AppleGreen - Medium"
B0GT56RB3X,B0HC2NYC9M,1,1,0,0.0,0.00%,0.02%,"Women's High Waisted Yoga Pants, Tummy Control Soft Workout Leggings, 4-Way Stretch Non-See - Red - Medium"
B0GT55WJPX,B0GT522MN5,1,1,0,0.0,0.00%,0.02%,"High Rise Yoga Leggings for Women, Buttery Soft Tummy Control Workout Pants, Squat Proof 4-Way Stretch Tights - Mocha - Medium"
B0GSJZ362Y,B0HBL7MTB5,1,1,0,0.0,0.00%,0.02%,"Women's Plus Size High Impact Sports Bra with Fixed Pads, Seamless Workout Tank - Matcha Green - X-Large"
B0GY4HJWN8,B0GY4HJWN8,1,1,0,0.0,0.00%,0.02%,"Fish Bone Shape Cat Chew Toy, Gall Fruit Scent Interactive Bite Toy for Indoor Cats, Kittens, Solo Play and Chewing Activity"
B0GSJWC46D,B0GSGJ4D7F,1,1,0,0.0,0.00%,0.02%,"Women's Halter Sports Bra, Backless Padded Yoga Workout Crop Top - Pistachio Green - Medium"
B0GSJRLF19,B0HBL7MTB5,1,1,0,0.0,0.00%,0.02%,"Women's Plus Size High Impact Sports Bra with Fixed Pads, Seamless Workout Tank - White - Large"
B0GSJPD8BM,B0HBLQKXQM,1,1,0,0.0,0.00%,0.02%,"Women's Strappy Sports Bra with Removable Pads, Crisscross Back Medium Support Workout Bra - Forest Green - Large"
B0GSJPB11K,B0GSGKDDDY,1,1,0,0.0,0.00%,0.02%,"Women's Plus Size High Impact Sports Bra with Fixed Pads, Seamless Workout Tank - White - X-Large"
B0GSJJB85Q,B0HBLQKXQM,1,1,0,0.0,0.00%,0.02%,"Women's Strappy Sports Bra with Removable Pads, Crisscross Back Medium Support Workout Bra - Tomato Purple - Medium"
B0H77KVSJR,B0HBRQJLNZ,1,1,1,5.49,100.00%,0.02%,"Vintage Glass Plant Mister Spray Bottle, 200ml Decorative Water Sprayer for Indoor Plants, Brown"
B0H2S9MR7T,B0HBLJ4MK2,1,1,1,4.79,100.00%,0.02%,"Women's Non-Slip Five-Toe Yoga Grip Socks, Cotton Pilates Barre Crew Socks, Green"
B0H2FJYSVR,B0HBK3P2R6,1,1,2,7.58,200.00%,0.02%,"Small Exercise Ball, Mini Pilates Ball for Yoga, Core Training, Pink"
B0H2FGHVXD,B0HBK3P2R6,1,1,1,4.55,100.00%,0.02%,"Small Exercise Ball, Mini Pilates Ball for Yoga, Core Training, Cloud Pink"
B0H21WXBXX,B0HBKCQD8V,1,1,3,23.97,300.00%,0.02%,"Unbleached Fan Shape Coffee Filters 04, 200 Count, Disposable Paper Filters for Drip Coffee Makers"
B0H1BQ7NM6,B0HCBJP4X2,1,1,4,14.88,400.00%,0.02%,"Resistance Band Set for Workout and Stretching, 5 Levels, 5-Piece Set"
B0H4H8L9LB,B0H4H22BZQ,1,1,0,0.0,0.00%,0.02%,"Foldable Flip Flops for Men and Women Portable Lightweight Non-Slip Quick Dry Travel Sandals, Blush Pink, Size 9"
B0GXYYNRZ8,B0HCL3XW3X,1,1,0,0.0,0.00%,0.02%,"Blue Figure 8 Resistance Band for Workout, Stretching, Yoga, Pilates, Physical Therapy and Home Fitness, TPE Exercise Band"
B0GY4XNMQ5,B0HBCZN7V3,1,1,0,0.0,0.00%,0.02%,Pet Birthday Bandana Bib Sky Blue
B0H2G3YSRM,B0H2G3YSRM,1,1,0,0.0,0.00%,0.02%,"Embossed Stone Flower Wrapping Paper, 5 Sheets Waterproof Bouquet Wrap for Florist Supplies, Decorative Floral Packaging Paper for Wedding, Birthday and DIY, Glazed Green"
B0H4H8FXTT,B0H4H22BZQ,1,1,0,0.0,0.00%,0.02%,"Foldable Flip Flops for Men and Women Portable Lightweight Non-Slip Quick Dry Travel Sandals, Rose Red, Size 8"
B0H4H6L1FM,B0H4H22BZQ,1,1,0,0.0,0.00%,0.02%,"Foldable Flip Flops for Men and Women Portable Lightweight Non-Slip Quick Dry Travel Sandals, Cloud White, Size 9"
B0H4H49FTB,B0H4H49FTB,1,1,0,0.0,0.00%,0.02%,"Foldable Flip Flops for Men and Women Portable Lightweight Non-Slip Quick Dry Travel Sandals, Pearl White, Size 8"
B0H4H1Z4N4,B0H4H22BZQ,1,1,0,0.0,0.00%,0.02%,"Foldable Flip Flops for Men and Women Portable Lightweight Non-Slip Quick Dry Travel Sandals, Lemon Yellow, Size 9"
B0H4GK35YG,B0H4GS8LB8,1,1,0,0.0,0.00%,0.02%,"5 Pack Men's Boxer Briefs, Pocket Long Leg Underwear, Multipack Daily Wear Boxers for Male Daily and Travel Scenes Multicolor"
B0H4GGWXT6,B0H4GS8LB8,1,1,0,0.0,0.00%,0.02%,"5 Pack Men's Boxer Briefs, Pocket Long Leg Underwear, Multipack Daily Wear Boxers for Male Daily and Travel Scenes Multicolor"
B0H45TL91Y,B0H45TL91Y,1,1,0,0.0,0.00%,0.02%,Generic Diffuser Replacement Sticks 22cm Natural Fiber 50 Count
B0H3V4PKMH,B0H3V4PKMH,1,1,0,0.0,0.00%,0.02%,"Rose Thorn Stripper Tool, Green Iron Leaf Thorn Remover for Roses, Floral Stem Cleaner for Gardening and Flower Arrangements"
B0H3V3D889,B0HBX8J1M6,1,1,0,0.0,0.00%,0.02%,"Rose Thorn Stripper Tool, Red Iron Leaf Thorn Remover for Roses, Floral Stem Cleaner for Gardening and Flower Arrangements"
B0H2SHMV95,B0H2SHMV95,1,1,0,0.0,0.00%,0.02%,"Women's Non-Slip Five-Toe Yoga Grip Socks, Cotton Pilates Barre Low Cut Socks, White"
B0GY4XNMQ5,B0GY4XNMQ5,1,1,0,0.0,0.00%,0.02%,Pet Birthday Bandana Bib Sky Blue
B0H2S8R3P1,B0H2S8R3P1,1,1,0,0.0,0.00%,0.02%,"Women's Non-Slip Five-Toe Yoga Grip Socks, Cotton Pilates Barre Low Cut Socks, Purple"
B0H2FPNHRF,B0HBK3P2R6,1,1,0,0.0,0.00%,0.02%,"Small Exercise Ball, Mini Pilates Ball for Yoga, Core Training, Cloud Blue"
B0H2FKBKFP,B0HBK3P2R6,1,1,0,0.0,0.00%,0.02%,"Small Exercise Ball, Mini Pilates Ball for Yoga, Core Training, Cloud Purple"
B0H2FJYSVR,B0H2FJYSVR,1,1,0,0.0,0.00%,0.02%,"Small Exercise Ball, Mini Pilates Ball for Yoga, Core Training, Pink"
B0H223B95G,B0H223B95G,1,1,0,0.0,0.00%,0.02%,"Unbleached V Shape Coffee Filters V02, 200 Count, Disposable Paper Filters for Drip Coffee Makers"
B0H21Z7L3R,B0H21Z7L3R,1,1,0,0.0,0.00%,0.02%,"Unbleached Fan Shape Coffee Filters 02, 200 Count, Disposable Paper Filters for Drip Coffee Makers"
B0H1SHJRGH,B0H1SHJRGH,1,1,0,0.0,0.00%,0.02%,Generic Diffuser Replacement Sticks 22cm Black Fiber 50 Count
B0H1BQ7NM6,B0H1BQ7NM6,1,1,0,0.0,0.00%,0.02%,"Resistance Band Set for Workout and Stretching, 5 Levels, 5-Piece Set"
B0GZTXGB6Z,B0GZTXGB6Z,1,1,0,0.0,0.00%,0.02%,58mm Blind Espresso Backflush Basket
B0GZRN9RMR,B0HBGDL165,1,1,0,0.0,0.00%,0.02%,"Magnetic Espresso Dosing Ring for 51mm Portafilter, Mess-Reducing Coffee Funnel"
B0GZ9WKD2X,B0GZ9WKD2X,1,1,0,0.0,0.00%,0.02%,"100 Count Round Disposable Coffee Filters for Coffee Makers, Natural Wood Pulp Paper"
B0GYNGR4XF,B0GYNGR4XF,1,1,0,0.0,0.00%,0.02%,"6-Fold Compact Folding Umbrella, Sun Rain Travel Umbrella with 6-Rib Frame, Small Bag Portable Design, Green"
B0HDJSVM7C,B0HDJSVM7C,1,1,0,0.0,0.00%,0.02%, 
B0H8S9YQP7,B0H8S9VYG3,0,0,1,1.89,0.00%,0.00%,"Single Bug Cat Wand Refill Attachment, Interchangeable Feather Teaser WESSPare with Bell, Snap On Replacement Head for Indoor Kitten Interactive Play"
B0GWZX4VNF,B0HB5YC4VY,0,0,1,3.99,0.00%,0.00%,"Velvet Pet Collar with Bell, Adjustable Collar for Cats and Small Dogs, Daily Wear and Indoor Outdoor Use, Dark Brown"
B0GSJSV391,B0HBLQKXQM,0,0,1,8.49,0.00%,0.00%,"Women's Strappy Sports Bra with Removable Pads, Crisscross Back Medium Support Workout Bra - Forest Green - Medium"
