前缀,SKU,子ASIN,父ASIN,品名,GV,Sessions,销量,销售额_USD,订单商品总数,商品会话百分比,转化率,推荐报价百分比,标题
CA,CA-Sock-S5-Purple-R2,B0HBWSQ1YW,B0HBWLJMSK,,1,1,0,0.0,0,0.00%,0.00%,100.00%,"Women's Non-Slip Five-Toe Yoga Grip Socks for Pilates Barre Dance, Low Cut Studio Toe Socks, One Pair, Purple"
TTCA,TTCA-RepotMat-Green-50-R,B0HC6NSFC2,B0HC6NHLPF,,7,5,0,0.0,0,0.00%,0.02%,85.71%,"Repotting Mat for Indoor Gardening, Green Square Plant Transplanting Pad with Snap Corners, Potting Work Surface"
TTCA,TTCA-Fishtail-Ribbon-Wit,B0HC48VRVJ,B0HC4829W2,鱼尾纱花束包装纸-白色-无卷芯,5,4,1,1.47,1,25.00%,0.01%,100.00%,"Fishtail Ribbon Trim, Aurora White Bouquet Wrap Tie for Floral Arrangements, Gift Packaging, DIY Craft Decor"
TTCA,TTCA-Shakerbottle-Black,B0HC3Z7M1X,B0HC3Z7M1X,,5,4,2,9.98,2,50.00%,0.01%,100.00%,"Protein Shaker Bottle 350 ML, Leak Proof Fitness Mixer Cup for Gym Workout Smoothies and Meal Prep, Black"
TTCA,TTCA-Clips-Green-50,B0HC4C99XC,B0HC4C99XC,,4,4,1,1.44,1,25.00%,0.01%,100.00%,"Garden Plant Clips, Green Orchid Stem Support Clamps for Vine Training, Flower Stake Holders, 50 Count Pack"
TTCA,TTCA-Sperators-Pearl,B0HC3LRX15,B0HC3RND7T,,4,2,0,0.0,0,0.00%,0.01%,100.00%,"Toe Separators for Pedicure, Pearl Toe Spacers, Reusable Nail Care Tool for Foot Grooming and Polish"
TTCA,TTCA-Sperators-Flower-Pik,B0HC3DJTF1,B0HC3RND7T,,3,2,0,0.0,0,0.00%,0.01%,100.00%,"Toe Separators for Pedicure, Orange Flower Toe Spacers, Reusable Nail Care Tool for Foot Grooming and Polish"
TTCA,TTCA-Pet-XQ-Airtag-Black,B0HCJJQ5X3,B0HCJ92929,,2,2,0,0.0,0,0.00%,0.01%,100.00%,"Tracker Holder Pet Collar, Adjustable Dog and Cat Collar with Buckle, M Size Black for Outdoor Walking and Daily Wear"
TTCA,TTCA-Petchewtoy-ball,B0HCJ928HM,B0HDLLWN8B,,2,2,0,0.0,0,0.00%,0.01%,50.00%,"Cat String Ball Toy, Interactive Pet Chew Toy for Indoor Play and Activity, Ball Shape, Natural Small Style"
TTCA,TTCA-Pettoy-Sisal,B0HCJGM7R2,B0HCJBH29L,,2,1,0,0.0,0,0.00%,0.00%,100.00%,"Cat Wobble Toy with Textured Body, Self-Righting Tumbler Toy for Indoor Cats, Battery-Free Solo Play, Small Natural"
TTCA,TTCA-Shakerbottle-Green,B0HC4BHN2H,B0HC4BHN2H,,2,2,0,0.0,0,0.00%,0.01%,100.00%,"Protein Shaker Bottle 350 ML, Leak Proof Fitness Mixer Cup for Gym Workout Smoothies and Meal Prep, Green"
TTCA,TTCA-Shakerbottle-Pink,B0HC4CCJX8,B0HC4CCJX8,,2,2,0,0.0,0,0.00%,0.01%,100.00%,"Protein Shaker Bottle 350 ML, Leak Proof Fitness Mixer Cup for Gym Workout Smoothies and Meal Prep, Pink"
TTCA,TTCA-PetToy-Feather-R,B0HC3J2F63,B0HDLLWN8B,,1,1,0,0.0,0,0.00%,0.00%,100.00%,"Cat Feather Toy, Interactive Pet Chew Item for Indoor Play and Activity, Feather Style, Beige Small Style"
TTCA,TTCA-Petchewtoy-bird,B0HCJD8736,B0HDLLWN8B,,1,1,0,0.0,0,0.00%,0.00%,100.00%,"Cat Parrot Toy, Interactive Pet Chew Toy for Indoor Play and Activity, Parrot Shape, Natural Small Style"
TTCA,TTCA-Petchewtoy-fly,B0HCJ8S9VV,B0HDLLWN8B,,1,1,0,0.0,0,0.00%,0.00%,100.00%,"Cat Butterfly Toy, Interactive Pet Chew Toy for Indoor Play and Activity, Butterfly Shape, Natural Small Style"
TTCA,TTCA-Petchewtoy-mouse,B0HCJK8L7W,B0HDLLWN8B,,1,1,0,0.0,0,0.00%,0.00%,100.00%,"Cat Mouse and Ball Toy, Interactive Pet Chew Toy for Indoor Play and Activity, Mouse Shape, Natural Small Style"
TTCA,TTCA-Pettoy-Feather,B0HCJBPRZ3,B0HCJBH29L,,1,1,0,0.0,0,0.00%,0.00%,100.00%,"Cat Wobble Toy with Feather Teaser, Self-Righting Tumbler Toy for Indoor Cats, Battery-Free Solo Play, Small Multicolor"
TTCA,TTCA-Towel-grey,B0HC469Y3C,B0HC46CXJ3,冷感运动毛巾-灰色,1,1,2,5.76,2,200.00%,0.00%,100.00%,"Cooling Sports Towel, Quick Dry Fitness Towel for Gym Yoga Running Camping Golf Hiking Travel and Workouts, Gray"
TTCA,TTCA-Washbag-Grey,B0HC3B175R,B0HC3BQX2D,防水洗漱包-灰色-大号,1,1,0,0.0,0,0.00%,0.00%,100.00%,"Waterproof Toiletry Bag, Large Travel Makeup Organizer Pouch for Gym, Swimming, Beach, Bathroom Storage, Transparent Gray"
TTCA,TTCA-PetXQ-Airlight-WHITE,B0HC426YLT,B0HC43FXQL,,0,0,1,3.14,1,0.00%,0.00%,0.00%,"Luminous Pet Collar with Tracker Holder, Breakaway Cat Collar for Small Pets, Night Visibility, Daily Wear, White"
TTCA,TTCA-Shakerbottle-Black,B0HC3Z7M1X,B0HFCK4RX4,,0,0,0,0.0,0,0.00%,0.00%,0.00%,"Protein Shaker Bottle 350 ML, Leak Proof Fitness Mixer Cup for Gym Workout Smoothies and Meal Prep, Black"
TTCA,TTCA-Towel-pink,B0HC4GC85N,B0HC46CXJ3,冷感运动毛巾-粉色,0,0,1,2.88,1,0.00%,0.00%,0.00%,"Cooling Sports Towel, Quick Dry Fitness Towel for Gym Yoga Running Camping Golf Hiking Travel and Workouts, Pink"
