优化路径,店铺,站点,负责人（本店Listing）,ASIN,品名,父ASIN,近31天Sessions,近31天GV,近31天Units,Units/Sessions,本店FBA可售(2026-10-05),判断与下一步,报告周期
头部销量候选,1店,未指定,凯旋,B0HG1LPRTH,小号 坐+站 小黄鸭2只,B0H9Y63FP1,15858,19745,2082,13.13%,1335,核实本店双周走势及安全库存，再规划变体,2026-09-03 至 2026-10-03
头部销量候选,1店,未指定,图图,B0H1W44MSZ,清洁刷,B0H1VJNB35,2491,3117,285,11.44%,341,核实本店双周走势及安全库存，再规划变体,2026-09-03 至 2026-10-03
头部销量候选,1店,未指定,凯旋,B0GZVSXHSW,薄荷器,B0GZV46QKN,1130,1339,166,14.69%,100,核实本店双周走势及安全库存，再规划变体,2026-09-03 至 2026-10-03
头部销量候选,1店,未指定,凯旋,B0GWM1MJGW,网纱单肩包,B0GWLZCV14,343,410,158,46.06%,270,核实本店双周走势及安全库存，再规划变体,2026-09-03 至 2026-10-03
头部销量候选,1店,未指定,凯旋,B0GWM6T66H,网纱单肩包,B0GWLZCV14,746,982,157,21.05%,79,核实本店双周走势及安全库存，再规划变体,2026-09-03 至 2026-10-03
头部销量候选,1店,未指定,凯旋,B0H9XV761M,小号 坐 小黄鸭单只,B0H9Y63FP1,1656,1973,142,8.57%,65,核实本店双周走势及安全库存，再规划变体,2026-09-03 至 2026-10-03
头部销量候选,1店,未指定,凯旋,B0H2HMTDFG,猫头零钱包,B0H2HSZ194,661,838,137,20.73%,204,核实本店双周走势及安全库存，再规划变体,2026-09-03 至 2026-10-03
头部销量候选,1店,未指定,凯旋,B0H9YG76P6,不锈钢清洁刷,B0H9Y6VC4L,760,1032,129,16.97%,121,核实本店双周走势及安全库存，再规划变体,2026-09-03 至 2026-10-03
头部销量候选,1店,未指定,cccady,B0HC6NSFC2,换图垫绿色50cm,B0HC6NHLPF,398,506,119,29.90%,133,核实本店双周走势及安全库存，再规划变体,2026-09-03 至 2026-10-03
头部销量候选,1店,未指定,凯旋,B0HB4QYX2H,水槽过滤,B0HB4NDTFT,299,380,101,33.78%,115,核实本店双周走势及安全库存，再规划变体,2026-09-03 至 2026-10-03
头部销量候选,1店,未指定,凯旋,B0H1R8RYH4,伸缩磁吸棒,B0H25VX1R1,277,410,93,33.57%,106,核实本店双周走势及安全库存，再规划变体,2026-09-03 至 2026-10-03
头部销量候选,1店,未指定,图图,B0GTLQPNTQ,宠物玩具,B0GTLNLWP9,446,540,89,19.96%,62,核实本店双周走势及安全库存，再规划变体,2026-09-03 至 2026-10-03
头部销量候选,1店,未指定,图图,B0GVR9M7BQ,登山扣,B0GVQHM358,525,776,89,16.95%,132,核实本店双周走势及安全库存，再规划变体,2026-09-03 至 2026-10-03
头部销量候选,1店,未指定,凯旋,B0H1VFK71L,植物绑带,B0H1VK6P8V,436,511,85,19.50%,103,核实本店双周走势及安全库存，再规划变体,2026-09-03 至 2026-10-03
头部销量候选,1店,未指定,凯旋,B0H1V2MRSH,多功能百洁布,B0H1VJNB35,260,268,82,31.54%,132,核实本店双周走势及安全库存，再规划变体,2026-09-03 至 2026-10-03
头部销量候选,1店,未指定,凯旋,B0H3NT3PBM,压蒜器,B0H3P458JF,415,457,82,19.76%,77,核实本店双周走势及安全库存，再规划变体,2026-09-03 至 2026-10-03
头部销量候选,1店,未指定,cccady,B0HFT6F61M,换土垫-绿色-66x66cm,B0HC6NHLPF,326,412,82,25.15%,137,核实本店双周走势及安全库存，再规划变体,2026-09-03 至 2026-10-03
头部销量候选,1店,未指定,凯旋,B0H9XXXNYF,小号 站 小黄鸭单只,B0H9Y63FP1,1663,1923,81,4.87%,79,核实本店双周走势及安全库存，再规划变体,2026-09-03 至 2026-10-03
头部销量候选,1店,未指定,凯旋,B0HC5WX6KQ,眼线棉签,B0HC5PNQYC,378,441,77,20.37%,43,核实本店双周走势及安全库存，再规划变体,2026-09-03 至 2026-10-03
头部销量候选,1店,未指定,凯旋,B0H9WK3DTW,理线器,B0H94TT4GW,549,677,56,10.20%,80,核实本店双周走势及安全库存，再规划变体,2026-09-03 至 2026-10-03
头部销量候选,1店,未指定,凯旋,B0GWM322X6,脚裸保护,B0GWM4BKBF,557,750,54,9.69%,71,核实本店双周走势及安全库存，再规划变体,2026-09-03 至 2026-10-03
头部销量候选,1店,未指定,cccady,B0HC48VRVJ,鱼尾纱花束包装纸-白色-无卷芯,B0HC4829W2,354,440,54,15.25%,31,核实本店双周走势及安全库存，再规划变体,2026-09-03 至 2026-10-03
头部销量候选,1店,未指定,凯旋,B0H3V57TCY,方形烘培纸,B0H3TYBBYK,369,452,53,14.36%,16,核实本店双周走势及安全库存，再规划变体,2026-09-03 至 2026-10-03
头部销量候选,1店,未指定,凯旋,B0H4FB8GJ5,神奇清洁刷,B0H4F84574,226,277,51,22.57%,89,核实本店双周走势及安全库存，再规划变体,2026-09-03 至 2026-10-03
头部销量候选,1店,未指定,凯旋,B0H2HQBV1D,垃圾桶贴纸,B0H2HMH9K8,381,528,49,12.86%,69,核实本店双周走势及安全库存，再规划变体,2026-09-03 至 2026-10-03
头部销量候选,1店,未指定,图图,B0H3PJ2QYR,油漆刷1,B0H3PB736Q,391,458,47,12.02%,39,核实本店双周走势及安全库存，再规划变体,2026-09-03 至 2026-10-03
头部销量候选,1店,未指定,cccady,B0HC4C99XC,植物固定夹-绿色-50个装,B0HHFFGPY9,308,374,46,14.94%,75,核实本店双周走势及安全库存，再规划变体,2026-09-03 至 2026-10-03
头部销量候选,1店,未指定,cccady,B0HC3ZWK92,鱼尾纱花束包装纸-紫色-无卷芯,B0HC4829W2,328,435,45,13.72%,42,核实本店双周走势及安全库存，再规划变体,2026-09-03 至 2026-10-03
头部销量候选,1店,未指定,cccady,B0HCC6CRMC,磁吸小花瓶黄色,B0HCBK2Q4M,340,430,44,12.94%,94,核实本店双周走势及安全库存，再规划变体,2026-09-03 至 2026-10-03
头部销量候选,1店,未指定,cccady,B0HC3LRX15,美甲脚趾分离器-珍珠款,B0HC3RND7T,388,509,43,11.08%,62,核实本店双周走势及安全库存，再规划变体,2026-09-03 至 2026-10-03
头部销量候选,1店,未指定,凯旋,B0HC6SR8TN,美甲锉条,B0HB5463QH,217,267,43,19.82%,50,核实本店双周走势及安全库存，再规划变体,2026-09-03 至 2026-10-03
头部销量候选,1店,未指定,图图,B0H6FCBTFQ,花瓶盒子,B0H6FCDMJ7,613,867,42,6.85%,45,核实本店双周走势及安全库存，再规划变体,2026-09-03 至 2026-10-03
头部销量候选,1店,未指定,凯旋,B0GTTZQDFY,汽车内饰软毛刷,B0GTKNBJ45,134,175,39,29.10%,76,核实本店双周走势及安全库存，再规划变体,2026-09-03 至 2026-10-03
头部销量候选,1店,未指定,cccady,B0HCJGM7R2,猫咪玩具不倒翁黄色,B0HCJBH29L,122,165,38,31.15%,15,核实本店双周走势及安全库存，再规划变体,2026-09-03 至 2026-10-03
头部销量候选,1店,未指定,图图,B0HFYXV9S3,乌鸦3个,B0HGD1RWQS,145,210,38,26.21%,14,核实本店双周走势及安全库存，再规划变体,2026-09-03 至 2026-10-03
头部销量候选,1店,未指定,图图,B0H2H2CZVC,挤牙膏工具绿色,B0H2GW2WP7,232,283,36,15.52%,25,核实本店双周走势及安全库存，再规划变体,2026-09-03 至 2026-10-03
头部销量候选,1店,未指定,图图,B0H44S2FNX,硅胶保湿,B0H4ZLFGS6,330,422,36,10.91%,23,核实本店双周走势及安全库存，再规划变体,2026-09-03 至 2026-10-03
头部销量候选,1店,未指定,cccady,B0HC3J2F63,猫咪玩具羽毛,B0HDLLWN8B,281,353,36,12.81%,35,核实本店双周走势及安全库存，再规划变体,2026-09-03 至 2026-10-03
头部销量候选,1店,未指定,凯旋,B0GZV4LK8P,牙膏器,B0GZVLTV32,163,222,34,20.86%,73,核实本店双周走势及安全库存，再规划变体,2026-09-03 至 2026-10-03
头部销量候选,1店,未指定,图图,B0H116YWBF,冰箱贴叶子,B0GZVPL8WD,283,354,34,12.01%,59,核实本店双周走势及安全库存，再规划变体,2026-09-03 至 2026-10-03
头部销量候选,1店,未指定,cccady,B0HC3ZPC6H,鱼尾纱花束包装纸-粉色-无卷芯,B0HC4829W2,324,389,34,10.49%,68,核实本店双周走势及安全库存，再规划变体,2026-09-03 至 2026-10-03
头部销量候选,1店,未指定,图图,B0HF779ZJV,按键钥匙扣,B0GS8KFR4R,89,108,34,38.20%,53,核实本店双周走势及安全库存，再规划变体,2026-09-03 至 2026-10-03
头部销量候选,1店,未指定,凯旋,B0HFQVZVZG,薄荷器,B0GZV46QKN,187,217,33,17.65%,50,核实本店双周走势及安全库存，再规划变体,2026-09-03 至 2026-10-03
头部销量候选,1店,未指定,凯旋,B0H2HNSSYH,眼镜盒,B0H2HJTZ7S,369,487,32,8.67%,21,核实本店双周走势及安全库存，再规划变体,2026-09-03 至 2026-10-03
头部销量候选,1店,未指定,图图,B0H3PHM1XL,油漆刷1.5,B0H3PB736Q,67,70,32,47.76%,19,核实本店双周走势及安全库存，再规划变体,2026-09-03 至 2026-10-03
头部销量候选,1店,未指定,凯旋,B0GZVLYXWV,幻彩咖啡夹,B0GZVQPGLD,322,360,30,9.32%,15,核实本店双周走势及安全库存，再规划变体,2026-09-03 至 2026-10-03
头部销量候选,1店,未指定,图图,B0H2GTRJV1,挤牙膏工具黄色,B0H2GW2WP7,195,238,30,15.38%,28,核实本店双周走势及安全库存，再规划变体,2026-09-03 至 2026-10-03
头部销量候选,1店,未指定,凯旋,B0H398M6PS,急救毯,B0H38YNB8J,89,126,30,33.71%,54,核实本店双周走势及安全库存，再规划变体,2026-09-03 至 2026-10-03
头部销量候选,1店,未指定,cccady,B0HC48FQDN,植物固定夹-白色-50个装,B0HHFFGPY9,196,235,30,15.31%,67,核实本店双周走势及安全库存，再规划变体,2026-09-03 至 2026-10-03
头部销量候选,1店,未指定,凯旋,B0HDYC6VV4,方形烘培纸,B0H3TYBBYK,171,218,30,17.54%,17,核实本店双周走势及安全库存，再规划变体,2026-09-03 至 2026-10-03
头部销量候选,1店,未指定,凯旋,B0GTTYKMX1,汽车内饰软毛刷,B0GTKNBJ45,66,79,29,43.94%,79,核实本店双周走势及安全库存，再规划变体,2026-09-03 至 2026-10-03
头部销量候选,1店,未指定,图图,B0GVRYH9SS,登山扣,B0GVQHM358,198,232,29,14.65%,28,核实本店双周走势及安全库存，再规划变体,2026-09-03 至 2026-10-03
头部销量候选,1店,未指定,未分配,B0HKMZ5GFV,大号 坐+站 小黄鸭2只,B0H9Y63FP1,191,216,28,14.66%,92,核实本店双周走势及安全库存，再规划变体,2026-09-03 至 2026-10-03
头部销量候选,1店,未指定,图图,B0H2GQ6QV7,玩具游戏,B0H2GSYWJC,323,436,27,8.36%,37,核实本店双周走势及安全库存，再规划变体,2026-09-03 至 2026-10-03
头部销量候选,1店,未指定,cccady,B0HDM1NB6T,磁吸小花瓶棕色,B0HCBK2Q4M,105,122,27,25.71%,109,核实本店双周走势及安全库存，再规划变体,2026-09-03 至 2026-10-03
头部销量候选,1店,未指定,图图,B0H757YZKL,储物盒挂式,B0H758HSKT,66,82,26,39.39%,21,核实本店双周走势及安全库存，再规划变体,2026-09-03 至 2026-10-03
头部销量候选,1店,未指定,图图,B0HF4D53KJ,印章爱心+笑脸+赞+星,B0HCXTDCMD,82,102,26,31.71%,21,核实本店双周走势及安全库存，再规划变体,2026-09-03 至 2026-10-03
头部销量候选,1店,未指定,凯旋,B0GV337TG2,丁晴手套,B0GV337TG2,186,232,25,13.44%,28,核实本店双周走势及安全库存，再规划变体,2026-09-03 至 2026-10-03
头部销量候选,1店,未指定,图图,B0H1HJGY6D,豆浆过滤,B0H1HMNP84,168,203,25,14.88%,47,核实本店双周走势及安全库存，再规划变体,2026-09-03 至 2026-10-03
头部销量候选,1店,未指定,图图,B0H1WDVQCG,打蛋器,B0H2GRTX7H,103,119,24,23.30%,55,核实本店双周走势及安全库存，再规划变体,2026-09-03 至 2026-10-03
头部销量候选,1店,未指定,凯旋,B0H2841KB6,狗狗牵引绳,B0H27TRCTG,110,150,24,21.82%,30,核实本店双周走势及安全库存，再规划变体,2026-09-03 至 2026-10-03
头部销量候选,1店,未指定,凯旋,B0HF8BSS7Z,食谱卡片,B0HF7WCDVJ,125,174,24,19.20%,3,核实本店双周走势及安全库存，再规划变体,2026-09-03 至 2026-10-03
头部销量候选,1店,未指定,图图,B0GVR7TJCT,登山扣,B0GVQHM358,223,249,21,9.42%,22,核实本店双周走势及安全库存，再规划变体,2026-09-03 至 2026-10-03
头部销量候选,1店,未指定,凯旋,B0H3N7FMYW,仿真牡丹,B0H3MWTSLF,309,400,21,6.80%,35,核实本店双周走势及安全库存，再规划变体,2026-09-03 至 2026-10-03
头部销量候选,1店,未指定,图图,B0HF4XBD5J,登山扣彩色D,B0GVQHM358,187,210,20,10.70%,20,核实本店双周走势及安全库存，再规划变体,2026-09-03 至 2026-10-03
头部销量候选,1店,未指定,图图,B0H2LMCW2K,收纳盒扑克,B0H2LDYSGY,19,23,19,100.00%,21,核实本店双周走势及安全库存，再规划变体,2026-09-03 至 2026-10-03
头部销量候选,1店,未指定,凯旋,B0H3L58ML4,保湿脚套,B0H4ZLFGS6,194,262,19,9.79%,18,核实本店双周走势及安全库存，再规划变体,2026-09-03 至 2026-10-03
头部销量候选,1店,未指定,图图,B0H75974GT,雕刻花仙子,B0H74ZCLDL,117,164,19,16.24%,24,核实本店双周走势及安全库存，再规划变体,2026-09-03 至 2026-10-03
头部销量候选,1店,未指定,凯旋,B0HCNYSW5X,薄荷器,B0GZV46QKN,136,142,19,13.97%,30,核实本店双周走势及安全库存，再规划变体,2026-09-03 至 2026-10-03
头部销量候选,1店,未指定,凯旋,B0GVS8NC5V,健身护腕,B0GVSFHY63,141,165,18,12.77%,45,核实本店双周走势及安全库存，再规划变体,2026-09-03 至 2026-10-03
头部销量候选,1店,未指定,凯旋,B0GZ3B6QJ1,宠物玩具,B0GZ35VK9P,28,37,18,64.29%,28,核实本店双周走势及安全库存，再规划变体,2026-09-03 至 2026-10-03
头部销量候选,1店,未指定,cccady,B0HC3DJTF1,美甲脚趾分离器-粉色花朵款,B0HC3RND7T,126,156,18,14.29%,23,核实本店双周走势及安全库存，再规划变体,2026-09-03 至 2026-10-03
头部销量候选,1店,未指定,cccady,B0HDQCZNNH,弹力带蓝色,B0HDQ6FF2J,63,75,18,28.57%,11,核实本店双周走势及安全库存，再规划变体,2026-09-03 至 2026-10-03
头部销量候选,1店,未指定,图图,B0H2GV9CB2,挤牙膏工具白色,B0H2GW2WP7,155,169,17,10.97%,25,核实本店双周走势及安全库存，再规划变体,2026-09-03 至 2026-10-03
头部销量候选,1店,未指定,图图,B0H3P57B8V,油漆刷2.25,B0H3PB736Q,53,59,17,32.08%,25,核实本店双周走势及安全库存，再规划变体,2026-09-03 至 2026-10-03
头部销量候选,1店,未指定,凯旋,B0HFZPK8NN,钟楼摆件,B0HFZPK8NN,32,51,17,53.12%,10,核实本店双周走势及安全库存，再规划变体,2026-09-03 至 2026-10-03
头部销量候选,1店,未指定,图图,B0GVNCK43B,收腰扣,B0GVNB58BZ,41,56,16,39.02%,5,核实本店双周走势及安全库存，再规划变体,2026-09-03 至 2026-10-03
头部销量候选,1店,未指定,凯旋,B0H94TD6Z6,胶贴,B0H94XX8BN,85,105,16,18.82%,27,核实本店双周走势及安全库存，再规划变体,2026-09-03 至 2026-10-03
头部销量候选,1店,未指定,凯旋,B0H9WP8QXB,手机握把,B0H9WGMWB1,238,268,16,6.72%,22,核实本店双周走势及安全库存，再规划变体,2026-09-03 至 2026-10-03
头部销量候选,1店,未指定,凯旋,B0HBWCJLYN,眼镜盒,B0H2HJTZ7S,137,159,16,11.68%,29,核实本店双周走势及安全库存，再规划变体,2026-09-03 至 2026-10-03
头部销量候选,1店,未指定,图图,B0GS8G6K68,手机链,B0GS8KFR4R,75,92,15,20.00%,25,核实本店双周走势及安全库存，再规划变体,2026-09-03 至 2026-10-03
头部销量候选,1店,未指定,图图,B0GTLTFHCL,宠物玩具,B0GTLNLWP9,119,139,15,12.61%,9,核实本店双周走势及安全库存，再规划变体,2026-09-03 至 2026-10-03
头部销量候选,1店,未指定,凯旋,B0H94J45BK,棘轮扳手,B0H94M75FV,75,85,15,20.00%,105,核实本店双周走势及安全库存，再规划变体,2026-09-03 至 2026-10-03
头部销量候选,1店,未指定,凯旋,B0H9WHHVRL,纳米胶贴,B0H94T31LX,63,95,15,23.81%,49,核实本店双周走势及安全库存，再规划变体,2026-09-03 至 2026-10-03
头部销量候选,1店,未指定,cccady,B0HC4C269F,植物固定夹-棕色-50个装,B0HHFFGPY9,131,170,15,11.45%,49,核实本店双周走势及安全库存，再规划变体,2026-09-03 至 2026-10-03
有曝光低转化,1店,未指定,公司,B0GWL3GRS9,溯溪沙滩鞋,B0GWL9YZNY,156,189,1,0.64%,3,排查价格、主图、评价、文案,2026-09-03 至 2026-10-03
有曝光低转化,1店,未指定,图图,B0HF86FG8F,钩针1个2mm,B0HF7MDZ92,140,158,1,0.71%,16,排查价格、主图、评价、文案,2026-09-03 至 2026-10-03
有曝光低转化,1店,未指定,图图,B0HF85M93B,diy珠珠南瓜10颗,B0HF864T96,125,145,1,0.80%,8,排查价格、主图、评价、文案,2026-09-03 至 2026-10-03
有曝光低转化,1店,未指定,公司,B0GWL4RQQ1,溯溪沙滩鞋,B0GWL9YZNY,93,115,1,1.08%,3,排查价格、主图、评价、文案,2026-09-03 至 2026-10-03
有曝光低转化,1店,未指定,公司,B0GVY41X9X,溯溪沙滩鞋,B0GQBS64JX,81,91,2,2.47%,3,排查价格、主图、评价、文案,2026-09-03 至 2026-10-03
有曝光低转化,1店,未指定,凯旋,B0H2HJ6TYZ,眼镜带,B0H2HQPLDJ,78,97,3,3.85%,21,排查价格、主图、评价、文案,2026-09-03 至 2026-10-03
有曝光低转化,1店,未指定,公司,B0GWLCC48L,溯溪沙滩鞋,B0GWL9YZNY,75,95,2,2.67%,2,排查价格、主图、评价、文案,2026-09-03 至 2026-10-03
有曝光低转化,1店,未指定,图图,B0H4R3PZQY,化妆包帆布心,B0H4R5Y4WB,74,87,2,2.70%,10,排查价格、主图、评价、文案,2026-09-03 至 2026-10-03
有曝光低转化,1店,未指定,公司,B0GWL7TJTT,溯溪沙滩鞋,B0GWL9YZNY,73,95,3,4.11%,2,排查价格、主图、评价、文案,2026-09-03 至 2026-10-03
有曝光低转化,1店,未指定,图图,B0GZVW5WLH,冰箱贴花3,B0GZVPL8WD,71,80,5,7.04%,5,排查价格、主图、评价、文案,2026-09-03 至 2026-10-03
有曝光低转化,1店,未指定,cccady,B0HCJ928HM,猫咪玩具串串球,B0HDLLWN8B,67,78,3,4.48%,20,排查价格、主图、评价、文案,2026-09-03 至 2026-10-03
有曝光低转化,1店,未指定,凯旋,B0H8WRTHCN,高压吸水枪,B0H8WFLQB8,66,85,2,3.03%,18,排查价格、主图、评价、文案,2026-09-03 至 2026-10-03
有曝光低转化,1店,未指定,图图,B0GS8HPL7V,手机链,B0GS8KFR4R,61,67,2,3.28%,22,排查价格、主图、评价、文案,2026-09-03 至 2026-10-03
有曝光低转化,1店,未指定,凯旋,B0HHH4DJK9,双头刮刀,B0HHH69BYP,58,72,3,5.17%,11,排查价格、主图、评价、文案,2026-09-03 至 2026-10-03
有曝光低转化,1店,未指定,图图,B0GS8JQNW8,手机链,B0GS8KFR4R,55,58,1,1.82%,2,排查价格、主图、评价、文案,2026-09-03 至 2026-10-03
有曝光低转化,1店,未指定,图图,B0H4RBC8KS,化妆包帆布花,B0H4R5Y4WB,52,58,1,1.92%,12,排查价格、主图、评价、文案,2026-09-03 至 2026-10-03
有曝光低转化,1店,未指定,凯旋,B0HGFGRNTY,网纱单肩包,B0GWLZCV14,51,56,2,3.92%,28,排查价格、主图、评价、文案,2026-09-03 至 2026-10-03
有曝光低转化,1店,未指定,凯旋,B0HC6MWL5L,金箔扑克,B0HC6KRM4N,50,64,2,4.00%,17,排查价格、主图、评价、文案,2026-09-03 至 2026-10-03
有曝光低转化,1店,未指定,图图,B0HF8C793M,印章海绵一个装,B0HF87KGZB,48,61,2,4.17%,8,排查价格、主图、评价、文案,2026-09-03 至 2026-10-03
有曝光低转化,1店,未指定,图图,B0H4QRQG3B,托盘彩色,B0H4R5Y4WB,47,54,2,4.26%,11,排查价格、主图、评价、文案,2026-09-03 至 2026-10-03
有曝光低转化,1店,未指定,图图,B0H94GR825,海棉架,B0H94HJV8Q,46,53,1,2.17%,15,排查价格、主图、评价、文案,2026-09-03 至 2026-10-03
有曝光低转化,1店,未指定,公司,B0GWL7JD19,溯溪沙滩鞋,B0GWL9YZNY,45,48,3,6.67%,3,排查价格、主图、评价、文案,2026-09-03 至 2026-10-03
有曝光低转化,1店,未指定,图图,B0GVN3C9Q1,收腰扣,B0GVNB58BZ,43,50,4,9.30%,10,排查价格、主图、评价、文案,2026-09-03 至 2026-10-03
有曝光低转化,1店,未指定,图图,B0HF3VFD4S,凳腿保护4个透明,B0HF3W52KW,43,55,3,6.98%,7,排查价格、主图、评价、文案,2026-09-03 至 2026-10-03
有曝光低转化,1店,未指定,图图,B0GZVQQQ69,蒸架,B0GZV4PNTZ,42,59,3,7.14%,13,排查价格、主图、评价、文案,2026-09-03 至 2026-10-03
有曝光低转化,1店,未指定,凯旋,B0HF7FVP58,神奇清洁刷,B0H4F84574,42,51,5,11.90%,10,排查价格、主图、评价、文案,2026-09-03 至 2026-10-03
有曝光低转化,1店,未指定,凯旋,B0HGFGZTTS,网纱单肩包,B0GWLZCV14,42,43,3,7.14%,26,排查价格、主图、评价、文案,2026-09-03 至 2026-10-03
有曝光低转化,1店,未指定,cccady,B0HFJFPCNM,羽毛球胶带白色,B0HFJHJ1SM,41,57,4,9.76%,11,排查价格、主图、评价、文案,2026-09-03 至 2026-10-03
有曝光低转化,1店,未指定,凯旋,B0HCBBNYX6,植物绑带,B0H1VK6P8V,40,42,3,7.50%,13,排查价格、主图、评价、文案,2026-09-03 至 2026-10-03
有曝光低转化,1店,未指定,图图,B0H757ZDDM,雕刻黑色,B0H74ZCLDL,39,42,4,10.26%,12,排查价格、主图、评价、文案,2026-09-03 至 2026-10-03
有曝光低转化,1店,未指定,凯旋,B0HGFKP3Q3,网纱单肩包,B0GWLZCV14,39,42,5,12.82%,24,排查价格、主图、评价、文案,2026-09-03 至 2026-10-03
有曝光低转化,1店,未指定,图图,B0H1W8RZ85,压蒜器,B0H1WRQK1W,37,46,4,10.81%,15,排查价格、主图、评价、文案,2026-09-03 至 2026-10-03
有曝光低转化,1店,未指定,cccady,B0HFJF6VQ8,羽毛球胶带黑色,B0HFJHJ1SM,37,44,3,8.11%,12,排查价格、主图、评价、文案,2026-09-03 至 2026-10-03
有曝光低转化,1店,未指定,凯旋,B0HGFHHQ13,网纱单肩包,B0GWLZCV14,37,45,1,2.70%,29,排查价格、主图、评价、文案,2026-09-03 至 2026-10-03
有曝光低转化,1店,未指定,公司,B0GWL9WD8Y,溯溪沙滩鞋,B0GWL9YZNY,36,38,3,8.33%,3,排查价格、主图、评价、文案,2026-09-03 至 2026-10-03
有曝光低转化,1店,未指定,公司,B0GX1BTTFX,溯溪沙滩鞋,B0GQBS64JX,36,38,1,2.78%,3,排查价格、主图、评价、文案,2026-09-03 至 2026-10-03
有曝光低转化,1店,未指定,公司,B0GXHNTB1B,溯溪沙滩鞋,B0GQBS64JX,36,42,1,2.78%,1,排查价格、主图、评价、文案,2026-09-03 至 2026-10-03
有曝光低转化,1店,未指定,图图,B0H4R5F255,化妆包大绿,B0H4R5Y4WB,36,38,2,5.56%,5,排查价格、主图、评价、文案,2026-09-03 至 2026-10-03
有曝光低转化,1店,未指定,公司,B0GWLJ7XGS,溯溪沙滩鞋,B0GWL9YZNY,35,43,2,5.71%,2,排查价格、主图、评价、文案,2026-09-03 至 2026-10-03
有曝光低转化,1店,未指定,公司,B0GX1C498C,溯溪沙滩鞋,B0GQBS64JX,35,40,1,2.86%,4,排查价格、主图、评价、文案,2026-09-03 至 2026-10-03
有曝光低转化,1店,未指定,凯旋,B0HHHXNV2T,毛绒毯子,B0HHJ1WWMW,35,37,1,2.86%,4,排查价格、主图、评价、文案,2026-09-03 至 2026-10-03
有曝光低转化,1店,未指定,公司,B0GWL7LH7Q,溯溪沙滩鞋,B0GWL9YZNY,34,41,2,5.88%,3,排查价格、主图、评价、文案,2026-09-03 至 2026-10-03
有曝光低转化,1店,未指定,图图,B0H6B52MGC,全套粉扑，除蛋2，都3,B0H6B7MB9X,34,35,3,8.82%,6,排查价格、主图、评价、文案,2026-09-03 至 2026-10-03
有曝光低转化,1店,未指定,图图,B0H835M3SR,标签蓝色,B0H82ZRD75,34,43,3,8.82%,48,排查价格、主图、评价、文案,2026-09-03 至 2026-10-03
有曝光低转化,1店,未指定,公司,B0GWL64S8S,溯溪沙滩鞋,B0GWL9YZNY,32,36,2,6.25%,3,排查价格、主图、评价、文案,2026-09-03 至 2026-10-03
有曝光低转化,1店,未指定,凯旋,B0H2H7VDQV,紫晶手链,B0H2HC7PGB,32,39,2,6.25%,12,排查价格、主图、评价、文案,2026-09-03 至 2026-10-03
有曝光低转化,1店,未指定,凯旋,B0H2HSTH6Q,餐垫,B0H2HWV8J6,31,49,4,12.90%,9,排查价格、主图、评价、文案,2026-09-03 至 2026-10-03
有曝光低转化,1店,未指定,图图,B0H4QY2Q6R,化妆包丝绒黑,B0H4R5Y4WB,31,32,2,6.45%,7,排查价格、主图、评价、文案,2026-09-03 至 2026-10-03
有曝光低转化,1店,未指定,公司,B0GQBLYKWM,溯溪沙滩鞋,B0GQBS64JX,30,37,2,6.67%,2,排查价格、主图、评价、文案,2026-09-03 至 2026-10-03
有曝光低转化,1店,未指定,凯旋,B0HDBM7CVC,粉蔷薇手链,B0HDBM7CVC,30,42,4,13.33%,16,排查价格、主图、评价、文案,2026-09-03 至 2026-10-03
有曝光低转化,1店,未指定,图图,B0HF7S3T1W,普通药盒白色1个,B0HFR9CDGC,30,36,4,13.33%,6,排查价格、主图、评价、文案,2026-09-03 至 2026-10-03
有曝光低转化,1店,未指定,公司,B0GL961T22,折叠拖鞋003白,B0GL9J1BLX,29,38,1,3.45%,3,排查价格、主图、评价、文案,2026-09-03 至 2026-10-03
有曝光低转化,1店,未指定,公司,B0GQC3CTF1,溯溪沙滩鞋,B0GQBS64JX,29,33,2,6.90%,1,排查价格、主图、评价、文案,2026-09-03 至 2026-10-03
有曝光低转化,1店,未指定,凯旋,B0H1V7Z5HC,迷你万向轮,B0H1VKJ3JW,29,34,4,13.79%,43,排查价格、主图、评价、文案,2026-09-03 至 2026-10-03
有曝光低转化,1店,未指定,图图,B0GYYSZY4F,辫子球,B0GYXQ18FT,28,34,4,14.29%,4,排查价格、主图、评价、文案,2026-09-03 至 2026-10-03
有曝光低转化,1店,未指定,图图,B0H6B94W5W,定妆全套,B0H6BD6LT4,28,40,5,17.86%,4,排查价格、主图、评价、文案,2026-09-03 至 2026-10-03
有曝光低转化,1店,未指定,图图,B0HFZ54R85,游戏卡片20,B0HFZ9RDP9,28,36,2,7.14%,11,排查价格、主图、评价、文案,2026-09-03 至 2026-10-03
有曝光低转化,1店,未指定,图图,B0H2H2LQ64,搅拌打蛋器,B0H2GRTX7H,27,29,5,18.52%,7,排查价格、主图、评价、文案,2026-09-03 至 2026-10-03
有曝光低转化,1店,未指定,cccady,B0HFGV5DCT,牙刷底座,B0HFGNM844,27,30,2,7.41%,6,排查价格、主图、评价、文案,2026-09-03 至 2026-10-03
有曝光低转化,1店,未指定,公司,B0GQC28Z8Y,溯溪沙滩鞋,B0GQBS64JX,26,27,1,3.85%,3,排查价格、主图、评价、文案,2026-09-03 至 2026-10-03
有曝光低转化,1店,未指定,图图,B0H4SVJ41D,水杯黑色,B0H4SNVS2K,26,27,1,3.85%,4,排查价格、主图、评价、文案,2026-09-03 至 2026-10-03
有曝光低转化,1店,未指定,凯旋,B0HCB96BSC,神奇清洁刷,B0H4F84574,26,27,5,19.23%,30,排查价格、主图、评价、文案,2026-09-03 至 2026-10-03
有曝光低转化,1店,未指定,图图,B0GZZHXLG1,大象,B0GYXQ18FT,25,26,2,8.00%,3,排查价格、主图、评价、文案,2026-09-03 至 2026-10-03
有曝光低转化,1店,未指定,图图,B0H4ZKSMFK,置物架眼镜盒,B0H4ZQZNNP,25,38,2,8.00%,11,排查价格、主图、评价、文案,2026-09-03 至 2026-10-03
有曝光低转化,1店,未指定,图图,B0H6ZSB7QT,美妆蛋全套,B0H6ZW72SY,25,27,1,4.00%,7,排查价格、主图、评价、文案,2026-09-03 至 2026-10-03
有曝光低转化,1店,未指定,图图,B0H94G5KPB,风动板1块,B0H94NK69W,25,40,4,16.00%,8,排查价格、主图、评价、文案,2026-09-03 至 2026-10-03
有曝光低转化,1店,未指定,图图,B0HHJ7QM3M,毛毡小花-5号款100个,B0HHHVYCBY,25,31,2,8.00%,3,排查价格、主图、评价、文案,2026-09-03 至 2026-10-03
有曝光低转化,1店,未指定,公司,B0GQBNF49L,溯溪沙滩鞋,B0GQBS64JX,24,25,2,8.33%,1,排查价格、主图、评价、文案,2026-09-03 至 2026-10-03
有曝光低转化,1店,未指定,图图,B0GSVQQ9G6,比基尼,B0HD6F5MYH,24,26,1,4.17%,1,排查价格、主图、评价、文案,2026-09-03 至 2026-10-03
有曝光低转化,1店,未指定,公司,B0GXHVHRM9,溯溪沙滩鞋,B0GQBS64JX,24,27,1,4.17%,2,排查价格、主图、评价、文案,2026-09-03 至 2026-10-03
有曝光低转化,1店,未指定,图图,B0GYXX4VHT,白兰太阳,B0GYXQ18FT,24,25,2,8.33%,6,排查价格、主图、评价、文案,2026-09-03 至 2026-10-03
有曝光低转化,1店,未指定,cccady,B0HFNCDX7Q,宠物用垃圾袋蓝色（4卷）,B0HFNLXJS3,24,24,2,8.33%,8,排查价格、主图、评价、文案,2026-09-03 至 2026-10-03
有曝光低转化,1店,未指定,未分配,B0HK3CC114,鱼尾纱普通款芽绿10码,B0HC4829W2,24,32,5,20.83%,5,排查价格、主图、评价、文案,2026-09-03 至 2026-10-03
有曝光低转化,1店,未指定,未分配,B0HKN2BPSP,大号 站 小黄鸭单只,B0H9Y63FP1,24,31,5,20.83%,4,排查价格、主图、评价、文案,2026-09-03 至 2026-10-03
有曝光低转化,1店,未指定,公司,B0GQBYCJKK,溯溪沙滩鞋,B0GQBS64JX,23,23,1,4.35%,2,排查价格、主图、评价、文案,2026-09-03 至 2026-10-03
有曝光低转化,1店,未指定,公司,B0GQC5YZBF,溯溪沙滩鞋,B0GQBS64JX,23,24,1,4.35%,2,排查价格、主图、评价、文案,2026-09-03 至 2026-10-03
有曝光低转化,1店,未指定,图图,B0GVN55M1F,收腰扣,B0GVNB58BZ,23,26,3,13.04%,4,排查价格、主图、评价、文案,2026-09-03 至 2026-10-03
有曝光低转化,1店,未指定,公司,B0GWL7PP57,溯溪沙滩鞋,B0GWL9YZNY,23,25,1,4.35%,3,排查价格、主图、评价、文案,2026-09-03 至 2026-10-03
有曝光低转化,1店,未指定,图图,B0H1V7F452,食物西瓜勺,B0H1VDF3G1,23,30,4,17.39%,14,排查价格、主图、评价、文案,2026-09-03 至 2026-10-03
有曝光低转化,1店,未指定,图图,B0H94KM8XQ,开蛋器红色,B0H94TYLWT,23,34,3,13.04%,7,排查价格、主图、评价、文案,2026-09-03 至 2026-10-03
有曝光低转化,1店,未指定,图图,B0HC2J31HX,鞋带彩色,B0HBWN8JGN,23,30,4,17.39%,7,排查价格、主图、评价、文案,2026-09-03 至 2026-10-03
有曝光低转化,1店,未指定,图图,B0HDYHLF5X,开罐器绿,B0H1FTWD8V,23,33,2,8.70%,8,排查价格、主图、评价、文案,2026-09-03 至 2026-10-03
有曝光低转化,1店,未指定,凯旋,B0HF7D9Y97,神奇清洁刷,B0H4F84574,23,26,2,8.70%,16,排查价格、主图、评价、文案,2026-09-03 至 2026-10-03
有曝光低转化,1店,未指定,公司,B0GWKV7SVD,溯溪沙滩鞋,B0GWL9YZNY,22,23,2,9.09%,2,排查价格、主图、评价、文案,2026-09-03 至 2026-10-03
有曝光低转化,1店,未指定,图图,B0GXZP9S32,植物置物架,B0GXZLR6FM,22,33,5,22.73%,16,排查价格、主图、评价、文案,2026-09-03 至 2026-10-03
有曝光低转化,1店,未指定,图图,B0H1WXDKYF,肥皂盒,B0H1X7H5SV,22,26,5,22.73%,23,排查价格、主图、评价、文案,2026-09-03 至 2026-10-03
有曝光低转化,1店,未指定,图图,B0H25VH1KH,甜甜圈,B0GYXQ18FT,22,25,5,22.73%,9,排查价格、主图、评价、文案,2026-09-03 至 2026-10-03
有曝光低转化,1店,未指定,公司,B0GWL5BCKV,溯溪沙滩鞋,B0GWL9YZNY,21,24,3,14.29%,2,排查价格、主图、评价、文案,2026-09-03 至 2026-10-03
有曝光低转化,1店,未指定,公司,B0GWLBJPCN,溯溪沙滩鞋,B0GWL9YZNY,21,23,3,14.29%,3,排查价格、主图、评价、文案,2026-09-03 至 2026-10-03
有曝光低转化,1店,未指定,公司,B0GWLF5MPL,溯溪沙滩鞋,B0GWL9YZNY,21,30,2,9.52%,2,排查价格、主图、评价、文案,2026-09-03 至 2026-10-03
有曝光低转化,1店,未指定,图图,B0H74YH9L7,唇釉瓶子两个,B0H754J2J5,21,32,2,9.52%,6,排查价格、主图、评价、文案,2026-09-03 至 2026-10-03
有曝光低转化,1店,未指定,公司,B0GQC6H3FM,溯溪沙滩鞋,B0GQBS64JX,20,21,1,5.00%,2,排查价格、主图、评价、文案,2026-09-03 至 2026-10-03
有曝光低转化,1店,未指定,公司,B0GXJ3L8RT,溯溪沙滩鞋,B0GQBS64JX,20,21,1,5.00%,1,排查价格、主图、评价、文案,2026-09-03 至 2026-10-03
有曝光低转化,1店,未指定,图图,B0GZY62HQG,折叠环保包黑色,B0GZYMCQXS,20,23,3,15.00%,8,排查价格、主图、评价、文案,2026-09-03 至 2026-10-03
有曝光低转化,1店,未指定,图图,B0H5CDB2LZ,顺毛白色,B0H5CKYDZM,20,22,2,10.00%,1,排查价格、主图、评价、文案,2026-09-03 至 2026-10-03
有曝光低转化,1店,未指定,图图,B0H9L6XDLW,发梳一个,B0H9LG9BSZ,20,27,3,15.00%,3,排查价格、主图、评价、文案,2026-09-03 至 2026-10-03
有曝光低转化,1店,未指定,图图,B0HF7X1X17,钩针3个2-5mm,B0HF7MDZ92,20,22,4,20.00%,13,排查价格、主图、评价、文案,2026-09-03 至 2026-10-03
有曝光低转化,1店,未指定,图图,B0HF84DFYX,普通药盒灰色1个,B0HFR9CDGC,20,22,1,5.00%,9,排查价格、主图、评价、文案,2026-09-03 至 2026-10-03
有曝光低转化,1店,未指定,cccady,B0HFNBGWZR,宠物便携拾便袋粉色套装,B0HFNKFJRW,20,23,2,10.00%,6,排查价格、主图、评价、文案,2026-09-03 至 2026-10-03
有曝光低转化,1店,未指定,公司,B0GQBMPPTB,溯溪沙滩鞋,B0GQBS64JX,19,21,1,5.26%,2,排查价格、主图、评价、文案,2026-09-03 至 2026-10-03
有曝光低转化,1店,未指定,图图,B0GYXXH7BG,蓝色星星吊球,B0GYXQ18FT,19,22,1,5.26%,1,排查价格、主图、评价、文案,2026-09-03 至 2026-10-03
有曝光低转化,1店,未指定,凯旋,B0GZV6L95C,宠物刷子,B0GZVBHFX8,19,23,3,15.79%,16,排查价格、主图、评价、文案,2026-09-03 至 2026-10-03
有曝光低转化,1店,未指定,图图,B0H837CPQJ,标签红色,B0H82ZRD75,19,22,2,10.53%,20,排查价格、主图、评价、文案,2026-09-03 至 2026-10-03
有曝光低转化,1店,未指定,图图,B0HHHL9B49,园艺磨刀器2个,B0HHHXWDD3,19,26,4,21.05%,6,排查价格、主图、评价、文案,2026-09-03 至 2026-10-03
有曝光低转化,1店,未指定,凯旋,B0HHHYNF6M,猫咪咬绳3,B0HHLZNQJF,19,21,2,10.53%,1,排查价格、主图、评价、文案,2026-09-03 至 2026-10-03
有曝光低转化,1店,未指定,公司,B0GQBP2K8L,溯溪沙滩鞋,B0GQBP3SH9,18,18,1,5.56%,8,排查价格、主图、评价、文案,2026-09-03 至 2026-10-03
有曝光低转化,1店,未指定,图图,B0GSVPQZ4D,比基尼,B0HD6R23RJ,18,23,1,5.56%,1,排查价格、主图、评价、文案,2026-09-03 至 2026-10-03
有曝光低转化,1店,未指定,图图,B0GVRNK67N,挂件毛巾,B0GVR5WKNS,18,25,1,5.56%,6,排查价格、主图、评价、文案,2026-09-03 至 2026-10-03
有曝光低转化,1店,未指定,图图,B0H14XX9LN,小镜子红色+绿色,B0H14Z7J9N,18,19,3,16.67%,12,排查价格、主图、评价、文案,2026-09-03 至 2026-10-03
有曝光低转化,1店,未指定,图图,B0H4JHVR62,半自动打蛋器,B0H4JBC65Y,18,23,1,5.56%,3,排查价格、主图、评价、文案,2026-09-03 至 2026-10-03
有曝光低转化,1店,未指定,图图,B0H94T4PJR,发夹链,B0H94SC7FS,18,20,5,27.78%,17,排查价格、主图、评价、文案,2026-09-03 至 2026-10-03
有曝光低转化,1店,未指定,图图,B0HBWL8LC9,刮痧,B0HC6QPLGZ,18,22,1,5.56%,12,排查价格、主图、评价、文案,2026-09-03 至 2026-10-03
有曝光低转化,1店,未指定,图图,B0HF3Z8GDB,凳腿保护8个灰色,B0HF3W52KW,18,18,1,5.56%,9,排查价格、主图、评价、文案,2026-09-03 至 2026-10-03
有曝光低转化,1店,未指定,公司,B0GVYZTYT9,溯溪沙滩鞋,B0GQBP3SH9,17,18,1,5.88%,3,排查价格、主图、评价、文案,2026-09-03 至 2026-10-03
有曝光低转化,1店,未指定,公司,B0GWL8SQ8L,溯溪沙滩鞋,B0GWL9YZNY,17,18,1,5.88%,2,排查价格、主图、评价、文案,2026-09-03 至 2026-10-03
有曝光低转化,1店,未指定,公司,B0GWL9W5YR,溯溪沙滩鞋,B0GWL9YZNY,17,19,1,5.88%,6,排查价格、主图、评价、文案,2026-09-03 至 2026-10-03
有曝光低转化,1店,未指定,凯旋,B0GZVD35D2,漏食玩具,B0GZVCDD47,17,24,4,23.53%,6,排查价格、主图、评价、文案,2026-09-03 至 2026-10-03
有曝光低转化,1店,未指定,凯旋,B0H19XM86Y,宠物玩具,B0GYXY2RDQ,17,20,3,17.65%,23,排查价格、主图、评价、文案,2026-09-03 至 2026-10-03
有曝光低转化,1店,未指定,未分配,B0HK3CWLWZ,鱼尾纱普通款迷彩绿10码,B0HC4829W2,17,21,1,5.88%,9,排查价格、主图、评价、文案,2026-09-03 至 2026-10-03
有曝光低转化,1店,未指定,公司,B0GWLLLBGM,溯溪沙滩鞋,B0GWL9YZNY,16,22,1,6.25%,2,排查价格、主图、评价、文案,2026-09-03 至 2026-10-03
有曝光低转化,1店,未指定,凯旋,B0H4SNSQGY,钱包,B0H4T18PCH,16,19,1,6.25%,8,排查价格、主图、评价、文案,2026-09-03 至 2026-10-03
有曝光低转化,1店,未指定,图图,B0H5NQL47D,猫咪项圈蓝色,B0H5NQJPLY,16,19,3,18.75%,10,排查价格、主图、评价、文案,2026-09-03 至 2026-10-03
有曝光低转化,1店,未指定,图图,B0H835R6L8,标签红空白色,B0H82ZRD75,16,17,5,31.25%,10,排查价格、主图、评价、文案,2026-09-03 至 2026-10-03
有曝光低转化,1店,未指定,图图,B0HF8636P4,diy珠珠南瓜30颗,B0HF864T96,16,18,3,18.75%,7,排查价格、主图、评价、文案,2026-09-03 至 2026-10-03
有曝光低转化,1店,未指定,公司,B0GQBSKW29,溯溪沙滩鞋,B0GQBP3SH9,15,15,1,6.67%,2,排查价格、主图、评价、文案,2026-09-03 至 2026-10-03
有曝光低转化,1店,未指定,公司,B0GVXQGDM9,拖鞋,B0GL91XJMF,15,17,1,6.67%,3,排查价格、主图、评价、文案,2026-09-03 至 2026-10-03
有曝光低转化,1店,未指定,公司,B0GX1DF7ZK,溯溪沙滩鞋,B0GQBP3SH9,15,17,2,13.33%,1,排查价格、主图、评价、文案,2026-09-03 至 2026-10-03
有曝光低转化,1店,未指定,cccady,B0HC3Z7M1X,摇摇杯-黑色,B0HFCK4RX4,15,15,2,13.33%,10,排查价格、主图、评价、文案,2026-09-03 至 2026-10-03
有曝光低转化,1店,未指定,cccady,B0HC4BHN2H,摇摇杯-绿色,B0HFCK4RX4,15,24,2,13.33%,8,排查价格、主图、评价、文案,2026-09-03 至 2026-10-03
有曝光低转化,1店,未指定,图图,B0HF4B69H4,印章爱心+笑脸,B0HCXTDCMD,15,16,2,13.33%,7,排查价格、主图、评价、文案,2026-09-03 至 2026-10-03
有曝光低转化,1店,未指定,凯旋,B0HHH9FPC9,枕套,B0HHHJNYKC,15,23,3,20.00%,7,排查价格、主图、评价、文案,2026-09-03 至 2026-10-03
有曝光低转化,1店,未指定,未分配,B0HK3CXJ4P,鱼尾纱普通款奶油黄10码,B0HC4829W2,15,16,1,6.67%,9,排查价格、主图、评价、文案,2026-09-03 至 2026-10-03
有曝光低转化,1店,未指定,图图,B0GVJTGYMY,免胶假睫毛,B0GVJZ98H4,14,20,3,21.43%,8,排查价格、主图、评价、文案,2026-09-03 至 2026-10-03
有曝光低转化,1店,未指定,图图,B0GYZFL74L,星星吊坠,B0GYXQ18FT,14,16,2,14.29%,3,排查价格、主图、评价、文案,2026-09-03 至 2026-10-03
有曝光低转化,1店,未指定,图图,B0H1FBXM72,过滤网绿色,B0H1FQJ948,14,21,2,14.29%,4,排查价格、主图、评价、文案,2026-09-03 至 2026-10-03
有曝光低转化,1店,未指定,图图,B0H94H27C2,开蛋器粉色,B0H94TYLWT,14,18,4,28.57%,5,排查价格、主图、评价、文案,2026-09-03 至 2026-10-03
有曝光低转化,1店,未指定,cccady,B0HFGFSCHK,切药盒白色款,B0HFGCCJR4,14,22,1,7.14%,9,排查价格、主图、评价、文案,2026-09-03 至 2026-10-03
有曝光低转化,1店,未指定,凯旋,B0HHHL7PCG,门挡保护条,B0HHHVB4MG,14,25,1,7.14%,4,排查价格、主图、评价、文案,2026-09-03 至 2026-10-03
有曝光低转化,1店,未指定,图图,B0GS8GKWH1,手机链,B0GS8GKWH1,13,20,3,23.08%,18,排查价格、主图、评价、文案,2026-09-03 至 2026-10-03
有曝光低转化,1店,未指定,凯旋,B0GXVNL9MH,"Triangle Powder Puff, Mini Finger Makeup Puff for Loose Setting, Pressed Powder, Foundation Touch Ups in Travel Bags",B0H6W517ZG,13,16,2,15.38%,8,排查价格、主图、评价、文案,2026-09-03 至 2026-10-03
有曝光低转化,1店,未指定,图图,B0H3NCR6DS,调味料磨盘,B0H3N5M16J,13,16,3,23.08%,10,排查价格、主图、评价、文案,2026-09-03 至 2026-10-03
有曝光低转化,1店,未指定,凯旋,B0H4S7LX2X,钱包,B0H4SSSTKY,13,17,1,7.69%,2,排查价格、主图、评价、文案,2026-09-03 至 2026-10-03
有曝光低转化,1店,未指定,公司,B0GQBX6NNV,溯溪沙滩鞋,B0GQBS64JX,12,13,1,8.33%,1,排查价格、主图、评价、文案,2026-09-03 至 2026-10-03
有曝光低转化,1店,未指定,公司,B0GY2YZG8K,溯溪沙滩鞋,B0HDPM9Z8J,12,14,1,8.33%,1,排查价格、主图、评价、文案,2026-09-03 至 2026-10-03
有曝光低转化,1店,未指定,图图,B0HDYKHXPY,压蒜器全套,B0HDYN16C1,12,12,1,8.33%,9,排查价格、主图、评价、文案,2026-09-03 至 2026-10-03
有曝光低转化,1店,未指定,凯旋,B0HFJ4YJSP,沐浴球,B0H94R2RMG,12,15,3,25.00%,17,排查价格、主图、评价、文案,2026-09-03 至 2026-10-03
有曝光低转化,1店,未指定,凯旋,B0GYYLMR8G,宠物玩具,B0GYYM1WG2,11,11,4,36.36%,12,排查价格、主图、评价、文案,2026-09-03 至 2026-10-03
有曝光低转化,1店,未指定,图图,B0H1HP2BCJ,挂钩,B0H1HKKBJB,11,18,2,18.18%,14,排查价格、主图、评价、文案,2026-09-03 至 2026-10-03
有曝光低转化,1店,未指定,图图,B0H3N85YXB,落叶袋,B0H3N1959R,11,12,2,18.18%,5,排查价格、主图、评价、文案,2026-09-03 至 2026-10-03
有曝光低转化,1店,未指定,图图,B0HF84B7V6,普通药盒粉色2个,B0HFR9CDGC,11,11,3,27.27%,7,排查价格、主图、评价、文案,2026-09-03 至 2026-10-03
有曝光低转化,1店,未指定,未分配,B0HK3K5FBC,鱼尾纱普通款冰海蓝10码,B0HC4829W2,11,12,1,9.09%,9,排查价格、主图、评价、文案,2026-09-03 至 2026-10-03
有曝光低转化,1店,未指定,图图,B0GTLKTK5X,宠物玩具,B0GTM367JY,10,10,3,30.00%,15,排查价格、主图、评价、文案,2026-09-03 至 2026-10-03
有曝光低转化,1店,未指定,公司,B0GWJ1Z6PV,溯溪沙滩鞋,B0GQBP3SH9,10,10,1,10.00%,1,排查价格、主图、评价、文案,2026-09-03 至 2026-10-03
有曝光低转化,1店,未指定,公司,B0GWLB7MST,溯溪沙滩鞋,B0GWL9YZNY,10,10,1,10.00%,4,排查价格、主图、评价、文案,2026-09-03 至 2026-10-03
有曝光低转化,1店,未指定,公司,B0GWLBM2DW,溯溪沙滩鞋,B0GWL9YZNY,10,10,1,10.00%,3,排查价格、主图、评价、文案,2026-09-03 至 2026-10-03
有曝光低转化,1店,未指定,公司,B0GX1BB6G8,溯溪沙滩鞋,B0GQBP3SH9,10,14,1,10.00%,1,排查价格、主图、评价、文案,2026-09-03 至 2026-10-03
有曝光低转化,1店,未指定,公司,B0GYX36NND,新款大童溯溪鞋,B0GYWSYXZ5,10,10,2,20.00%,1,排查价格、主图、评价、文案,2026-09-03 至 2026-10-03
有曝光低转化,1店,未指定,图图,B0GZY44LZR,折叠环保包杏色,B0GZYMCQXS,10,12,4,40.00%,12,排查价格、主图、评价、文案,2026-09-03 至 2026-10-03
有曝光低转化,1店,未指定,图图,B0H3PCLX9Q,眼镜盒,B0H3S89CDJ,10,16,1,10.00%,5,排查价格、主图、评价、文案,2026-09-03 至 2026-10-03
有曝光低转化,1店,未指定,图图,B0H838LLMS,标签蓝空白色,B0H82ZRD75,10,10,2,20.00%,15,排查价格、主图、评价、文案,2026-09-03 至 2026-10-03
有曝光低转化,1店,未指定,图图,B0H8N596PD,项圈62狗狗灰色,B0H5NQJPLY,10,12,5,50.00%,13,排查价格、主图、评价、文案,2026-09-03 至 2026-10-03
有曝光低转化,1店,未指定,图图,B0H8NVTHWY,逗猫棒替换头小飞虫,B0H8NYTS5W,10,17,1,10.00%,6,排查价格、主图、评价、文案,2026-09-03 至 2026-10-03
有曝光低转化,1店,未指定,图图,B0H8S6WLF4,没有美妆蛋套装,B0H6BDX73N,10,10,2,20.00%,5,排查价格、主图、评价、文案,2026-09-03 至 2026-10-03
有曝光低转化,1店,未指定,未分配,B0HFJJK8JL,羽毛球胶带白色四条装,B0HFJHJ1SM,10,11,2,20.00%,7,排查价格、主图、评价、文案,2026-09-03 至 2026-10-03
有曝光低转化,1店,未指定,图图,B0HHGX956F,强力圆形磁铁16个,B0HHHVZPLL,10,10,3,30.00%,20,排查价格、主图、评价、文案,2026-09-03 至 2026-10-03
零销量（不限曝光）,1店,未指定,凯旋,B0H4SMX71P,户外保温杯,B0H4SNVS2K,121,141,0,0.00%,11,本店Listing已匹配；按流量排查链接,2026-09-03 至 2026-10-03
零销量（不限曝光）,1店,未指定,公司,B0GWHWJ64G,溯溪沙滩鞋,B0GQBS64JX,107,120,0,0.00%,4,本店Listing已匹配；按流量排查链接,2026-09-03 至 2026-10-03
零销量（不限曝光）,1店,未指定,公司,B0GXHMKTHV,溯溪沙滩鞋,B0GQBS64JX,87,117,0,0.00%,2,本店Listing已匹配；按流量排查链接,2026-09-03 至 2026-10-03
零销量（不限曝光）,1店,未指定,公司,B0GXV3C6N3,溯溪沙滩鞋,B0GQBS64JX,80,95,0,0.00%,1,本店Listing已匹配；按流量排查链接,2026-09-03 至 2026-10-03
零销量（不限曝光）,1店,未指定,公司,B0GWL4Y318,溯溪沙滩鞋,B0GWL9YZNY,76,89,0,0.00%,4,本店Listing已匹配；按流量排查链接,2026-09-03 至 2026-10-03
零销量（不限曝光）,1店,未指定,图图,B0H4R3VD5F,托盘金,B0H4R5Y4WB,65,74,0,0.00%,9,本店Listing已匹配；按流量排查链接,2026-09-03 至 2026-10-03
零销量（不限曝光）,1店,未指定,凯旋,B0GL918DQV,折叠拖鞋001白,B0GL92S6S4,60,64,0,0.00%,3,本店Listing已匹配；按流量排查链接,2026-09-03 至 2026-10-03
零销量（不限曝光）,1店,未指定,图图,B0H85YZ2SH,放光贴自行车,B0H86D47N3,48,63,0,0.00%,12,本店Listing已匹配；按流量排查链接,2026-09-03 至 2026-10-03
零销量（不限曝光）,1店,未指定,公司,B0GXHJQM2G,溯溪沙滩鞋,B0GQBS64JX,41,45,0,0.00%,3,本店Listing已匹配；按流量排查链接,2026-09-03 至 2026-10-03
零销量（不限曝光）,1店,未指定,公司,B0GL9JCN53,折叠拖鞋001粉,B0GL92S6S4,40,45,0,0.00%,3,本店Listing已匹配；按流量排查链接,2026-09-03 至 2026-10-03
零销量（不限曝光）,1店,未指定,公司,B0GWHX8BBZ,溯溪沙滩鞋,B0GQBS64JX,40,41,0,0.00%,2,本店Listing已匹配；按流量排查链接,2026-09-03 至 2026-10-03
零销量（不限曝光）,1店,未指定,公司,B0H2MD7CG1,溯溪沙滩鞋,B0GQBS64JX,37,41,0,0.00%,1,本店Listing已匹配；按流量排查链接,2026-09-03 至 2026-10-03
零销量（不限曝光）,1店,未指定,公司,B0GXHMZ7NC,溯溪沙滩鞋,B0GQBS64JX,36,41,0,0.00%,3,本店Listing已匹配；按流量排查链接,2026-09-03 至 2026-10-03
零销量（不限曝光）,1店,未指定,公司,B0H2MDLDD6,溯溪沙滩鞋,B0GQBS64JX,32,41,0,0.00%,1,本店Listing已匹配；按流量排查链接,2026-09-03 至 2026-10-03
零销量（不限曝光）,1店,未指定,图图,B0GSVLB176,比基尼,B0HD6F5MYH,31,35,0,0.00%,1,本店Listing已匹配；按流量排查链接,2026-09-03 至 2026-10-03
零销量（不限曝光）,1店,未指定,图图,B0GWPBGMCG,袜子,B0GWPDNKBC,31,43,0,0.00%,2,本店Listing已匹配；按流量排查链接,2026-09-03 至 2026-10-03
零销量（不限曝光）,1店,未指定,图图,B0GYYM96PX,双太阳球,B0GYXQ18FT,31,32,0,0.00%,5,本店Listing已匹配；按流量排查链接,2026-09-03 至 2026-10-03
零销量（不限曝光）,1店,未指定,公司,B0GQBZ5217,溯溪沙滩鞋,B0GQBS64JX,30,43,0,0.00%,3,本店Listing已匹配；按流量排查链接,2026-09-03 至 2026-10-03
零销量（不限曝光）,1店,未指定,公司,B0H1S3V7KC,溯溪沙滩鞋,B0GQBS64JX,29,31,0,0.00%,1,本店Listing已匹配；按流量排查链接,2026-09-03 至 2026-10-03
零销量（不限曝光）,1店,未指定,公司,B0H2MHWVWS,溯溪沙滩鞋,B0GQBS64JX,29,31,0,0.00%,1,本店Listing已匹配；按流量排查链接,2026-09-03 至 2026-10-03
零销量（不限曝光）,1店,未指定,公司,B0GWL148VJ,溯溪沙滩鞋,B0GWL9YZNY,28,29,0,0.00%,4,本店Listing已匹配；按流量排查链接,2026-09-03 至 2026-10-03
零销量（不限曝光）,1店,未指定,图图,B0H4R1FTF4,水杯渐变莓红色,B0H4SNVS2K,26,34,0,0.00%,5,本店Listing已匹配；按流量排查链接,2026-09-03 至 2026-10-03
零销量（不限曝光）,1店,未指定,公司,B0GWKYJ6CF,溯溪沙滩鞋,B0GWL9YZNY,25,26,0,0.00%,4,本店Listing已匹配；按流量排查链接,2026-09-03 至 2026-10-03
零销量（不限曝光）,1店,未指定,图图,B0H1W56GH9,化妆刷,B0H3PJ2HB3,25,44,0,0.00%,12,本店Listing已匹配；按流量排查链接,2026-09-03 至 2026-10-03
零销量（不限曝光）,1店,未指定,图图,B0H4QWWNG8,水杯渐变本色,B0H4SNVS2K,25,33,0,0.00%,5,本店Listing已匹配；按流量排查链接,2026-09-03 至 2026-10-03
零销量（不限曝光）,1店,未指定,公司,B0GQBX3RTX,溯溪沙滩鞋,B0GQBS64JX,24,24,0,0.00%,2,本店Listing已匹配；按流量排查链接,2026-09-03 至 2026-10-03
零销量（不限曝光）,1店,未指定,图图,B0GYXQ8J5C,太阳球,B0GYXQ18FT,24,25,0,0.00%,2,本店Listing已匹配；按流量排查链接,2026-09-03 至 2026-10-03
零销量（不限曝光）,1店,未指定,公司,B0GL95J33J,折叠拖鞋001黄,B0GL92S6S4,23,25,0,0.00%,2,本店Listing已匹配；按流量排查链接,2026-09-03 至 2026-10-03
零销量（不限曝光）,1店,未指定,公司,B0GWL2WLT3,溯溪沙滩鞋,B0GWL9YZNY,23,25,0,0.00%,2,本店Listing已匹配；按流量排查链接,2026-09-03 至 2026-10-03
零销量（不限曝光）,1店,未指定,公司,B0H2MJMTB8,溯溪沙滩鞋,B0GQBS64JX,23,24,0,0.00%,1,本店Listing已匹配；按流量排查链接,2026-09-03 至 2026-10-03
零销量（不限曝光）,1店,未指定,图图,B0H4R4M57L,水杯粉色,B0H4SNVS2K,23,30,0,0.00%,5,本店Listing已匹配；按流量排查链接,2026-09-03 至 2026-10-03
零销量（不限曝光）,1店,未指定,图图,B0HGX9Z16P,糖果袋手提款,B0HGX42YH3,23,28,0,0.00%,10,本店Listing已匹配；按流量排查链接,2026-09-03 至 2026-10-03
零销量（不限曝光）,1店,未指定,公司,B0GL94NNFY,折叠拖鞋003黑,B0GL9J1BLX,22,24,0,0.00%,3,本店Listing已匹配；按流量排查链接,2026-09-03 至 2026-10-03
零销量（不限曝光）,1店,未指定,公司,B0GQCBKRNM,溯溪沙滩鞋,B0GQBS64JX,22,24,0,0.00%,1,本店Listing已匹配；按流量排查链接,2026-09-03 至 2026-10-03
零销量（不限曝光）,1店,未指定,公司,B0GVXQ5Y8L,溯溪沙滩鞋,B0GQBP3SH9,22,23,0,0.00%,7,本店Listing已匹配；按流量排查链接,2026-09-03 至 2026-10-03
零销量（不限曝光）,1店,未指定,公司,B0GXHJ86QW,溯溪沙滩鞋,B0GQBS64JX,22,25,0,0.00%,2,本店Listing已匹配；按流量排查链接,2026-09-03 至 2026-10-03
零销量（不限曝光）,1店,未指定,凯旋,B0H4T7JFNB,户外保温杯,B0H4SNVS2K,22,24,0,0.00%,13,本店Listing已匹配；按流量排查链接,2026-09-03 至 2026-10-03
零销量（不限曝光）,1店,未指定,公司,B0GVXCH61Z,拖鞋,B0GVXCH61Z,21,24,0,0.00%,1,本店Listing已匹配；按流量排查链接,2026-09-03 至 2026-10-03
零销量（不限曝光）,1店,未指定,图图,B0GSVQYWGV,比基尼,B0HD6F5MYH,20,21,0,0.00%,2,本店Listing已匹配；按流量排查链接,2026-09-03 至 2026-10-03
零销量（不限曝光）,1店,未指定,公司,B0GWHRZ4HZ,溯溪沙滩鞋,B0GQBS64JX,20,24,0,0.00%,2,本店Listing已匹配；按流量排查链接,2026-09-03 至 2026-10-03
零销量（不限曝光）,1店,未指定,凯旋,B0H9WLXF2K,纳米胶贴,B0H94T31LX,20,25,0,0.00%,22,本店Listing已匹配；按流量排查链接,2026-09-03 至 2026-10-03
零销量（不限曝光）,1店,未指定,未分配,B0HK48CPDH,鱼尾纱珍珠款幻彩粉5码,B0HC4829W2,20,24,0,0.00%,10,本店Listing已匹配；按流量排查链接,2026-09-03 至 2026-10-03
零销量（不限曝光）,1店,未指定,公司,B0GQC8Z8DJ,溯溪沙滩鞋,B0GQBS64JX,19,21,0,0.00%,3,本店Listing已匹配；按流量排查链接,2026-09-03 至 2026-10-03
零销量（不限曝光）,1店,未指定,图图,B0GSVJZ9M4,比基尼,B0HD6F5MYH,19,20,0,0.00%,1,本店Listing已匹配；按流量排查链接,2026-09-03 至 2026-10-03
零销量（不限曝光）,1店,未指定,公司,B0GQBV6DX2,溯溪沙滩鞋,B0GQBS64JX,18,21,0,0.00%,2,本店Listing已匹配；按流量排查链接,2026-09-03 至 2026-10-03
零销量（不限曝光）,1店,未指定,公司,B0GQC1CD7Y,溯溪沙滩鞋,B0GQBP3SH9,18,20,0,0.00%,2,本店Listing已匹配；按流量排查链接,2026-09-03 至 2026-10-03
零销量（不限曝光）,1店,未指定,图图,B0GSVLSHCG,比基尼,B0HD6F5MYH,18,19,0,0.00%,1,本店Listing已匹配；按流量排查链接,2026-09-03 至 2026-10-03
零销量（不限曝光）,1店,未指定,图图,B0GSVPCRB7,比基尼,B0HD6F5MYH,18,21,0,0.00%,2,本店Listing已匹配；按流量排查链接,2026-09-03 至 2026-10-03
零销量（不限曝光）,1店,未指定,图图,B0GVRBVJ5Z,挂件毛巾,B0GVR5WKNS,18,20,0,0.00%,13,本店Listing已匹配；按流量排查链接,2026-09-03 至 2026-10-03
零销量（不限曝光）,1店,未指定,公司,B0GWHQ96FG,溯溪沙滩鞋,B0GQBS64JX,17,17,0,0.00%,4,本店Listing已匹配；按流量排查链接,2026-09-03 至 2026-10-03
零销量（不限曝光）,1店,未指定,凯旋,B0H4SWX2ZD,户外保温杯,B0H4SNVS2K,17,19,0,0.00%,4,本店Listing已匹配；按流量排查链接,2026-09-03 至 2026-10-03
零销量（不限曝光）,1店,未指定,图图,B0HF3VVB71,凳腿保护4个灰色,B0HF3W52KW,17,20,0,0.00%,10,本店Listing已匹配；按流量排查链接,2026-09-03 至 2026-10-03
零销量（不限曝光）,1店,未指定,公司,B0GQC8P369,溯溪沙滩鞋,B0GQBP3SH9,16,17,0,0.00%,1,本店Listing已匹配；按流量排查链接,2026-09-03 至 2026-10-03
零销量（不限曝光）,1店,未指定,公司,B0GYRP5V9P,潜水溯溪鞋,B0GQBS64JX,16,19,0,0.00%,4,本店Listing已匹配；按流量排查链接,2026-09-03 至 2026-10-03
零销量（不限曝光）,1店,未指定,图图,B0H1FGFPSK,开罐器,B0H1FTWD8V,16,24,0,0.00%,14,本店Listing已匹配；按流量排查链接,2026-09-03 至 2026-10-03
零销量（不限曝光）,1店,未指定,凯旋,B0H4SPQF52,户外保温杯,B0H4SNVS2K,16,18,0,0.00%,4,本店Listing已匹配；按流量排查链接,2026-09-03 至 2026-10-03
零销量（不限曝光）,1店,未指定,公司,B0GQBS3LM6,溯溪沙滩鞋,B0GQBS64JX,15,16,0,0.00%,5,本店Listing已匹配；按流量排查链接,2026-09-03 至 2026-10-03
零销量（不限曝光）,1店,未指定,图图,B0GSVW46L8,比基尼,B0HD6F5MYH,15,16,0,0.00%,2,本店Listing已匹配；按流量排查链接,2026-09-03 至 2026-10-03
零销量（不限曝光）,1店,未指定,公司,B0GVY271R9,溯溪沙滩鞋,B0GQBP3SH9,15,15,0,0.00%,1,本店Listing已匹配；按流量排查链接,2026-09-03 至 2026-10-03
零销量（不限曝光）,1店,未指定,图图,B0H4TJ1G99,水杯灰色,B0H4SNVS2K,15,16,0,0.00%,5,本店Listing已匹配；按流量排查链接,2026-09-03 至 2026-10-03
零销量（不限曝光）,1店,未指定,公司,B0GQBR7MKR,溯溪沙滩鞋,B0GQBP3SH9,14,14,0,0.00%,2,本店Listing已匹配；按流量排查链接,2026-09-03 至 2026-10-03
零销量（不限曝光）,1店,未指定,公司,B0GQBV623G,溯溪沙滩鞋,B0GQBP3SH9,14,18,0,0.00%,1,本店Listing已匹配；按流量排查链接,2026-09-03 至 2026-10-03
零销量（不限曝光）,1店,未指定,图图,B0GSVS38SN,比基尼,B0HD6F5MYH,14,14,0,0.00%,2,本店Listing已匹配；按流量排查链接,2026-09-03 至 2026-10-03
零销量（不限曝光）,1店,未指定,图图,B0GSVS86G7,比基尼,B0HD6F5MYH,14,15,0,0.00%,1,本店Listing已匹配；按流量排查链接,2026-09-03 至 2026-10-03
零销量（不限曝光）,1店,未指定,图图,B0GVRCK4S3,挂件毛巾,B0GVR5WKNS,14,15,0,0.00%,2,本店Listing已匹配；按流量排查链接,2026-09-03 至 2026-10-03
零销量（不限曝光）,1店,未指定,公司,B0GWHYCBNT,溯溪沙滩鞋,B0GQBP3SH9,14,15,0,0.00%,4,本店Listing已匹配；按流量排查链接,2026-09-03 至 2026-10-03
零销量（不限曝光）,1店,未指定,公司,B0GWL24F3M,溯溪沙滩鞋,B0GWL9YZNY,14,15,0,0.00%,3,本店Listing已匹配；按流量排查链接,2026-09-03 至 2026-10-03
零销量（不限曝光）,1店,未指定,凯旋,B0HHHZVWSW,水晶挂饰,B0H756WL7J,14,15,0,0.00%,5,本店Listing已匹配；按流量排查链接,2026-09-03 至 2026-10-03
零销量（不限曝光）,1店,未指定,公司,B0GQBRK2R9,溯溪沙滩鞋,B0GQBP3SH9,13,13,0,0.00%,1,本店Listing已匹配；按流量排查链接,2026-09-03 至 2026-10-03
零销量（不限曝光）,1店,未指定,公司,B0GQBV7VZT,溯溪沙滩鞋,B0GQBS64JX,13,13,0,0.00%,2,本店Listing已匹配；按流量排查链接,2026-09-03 至 2026-10-03
零销量（不限曝光）,1店,未指定,公司,B0GQBZYVWQ,溯溪沙滩鞋,B0GQBS64JX,13,13,0,0.00%,2,本店Listing已匹配；按流量排查链接,2026-09-03 至 2026-10-03
零销量（不限曝光）,1店,未指定,公司,B0GQC3JK3Y,溯溪沙滩鞋,B0GQBS64JX,13,13,0,0.00%,4,本店Listing已匹配；按流量排查链接,2026-09-03 至 2026-10-03
零销量（不限曝光）,1店,未指定,图图,B0GSVQ7Q83,比基尼,B0HD6F5MYH,13,14,0,0.00%,2,本店Listing已匹配；按流量排查链接,2026-09-03 至 2026-10-03
零销量（不限曝光）,1店,未指定,公司,B0GWHP9JTG,溯溪沙滩鞋,B0GQBS64JX,13,13,0,0.00%,2,本店Listing已匹配；按流量排查链接,2026-09-03 至 2026-10-03
零销量（不限曝光）,1店,未指定,公司,B0GWHVDKQ4,溯溪沙滩鞋,B0GQBP3SH9,13,14,0,0.00%,4,本店Listing已匹配；按流量排查链接,2026-09-03 至 2026-10-03
零销量（不限曝光）,1店,未指定,公司,B0GWKS87BC,溯溪沙滩鞋,B0GWL9YZNY,13,13,0,0.00%,2,本店Listing已匹配；按流量排查链接,2026-09-03 至 2026-10-03
零销量（不限曝光）,1店,未指定,公司,B0GXHNGY1D,溯溪沙滩鞋,B0GQBS64JX,13,13,0,0.00%,3,本店Listing已匹配；按流量排查链接,2026-09-03 至 2026-10-03
零销量（不限曝光）,1店,未指定,公司,B0GXJ3MPVV,溯溪沙滩鞋,B0GQBS64JX,13,14,0,0.00%,2,本店Listing已匹配；按流量排查链接,2026-09-03 至 2026-10-03
零销量（不限曝光）,1店,未指定,公司,B0GYRBQVX4,潜水溯溪鞋,B0GQBS64JX,13,19,0,0.00%,2,本店Listing已匹配；按流量排查链接,2026-09-03 至 2026-10-03
零销量（不限曝光）,1店,未指定,公司,B0GZNTCX6T,新款大童溯溪鞋,B0GYWSYXZ5,13,14,0,0.00%,2,本店Listing已匹配；按流量排查链接,2026-09-03 至 2026-10-03
零销量（不限曝光）,1店,未指定,凯旋,B0H1VFBVL9,铝箔碗盖,B0H1VHTD8P,13,14,0,0.00%,5,本店Listing已匹配；按流量排查链接,2026-09-03 至 2026-10-03
零销量（不限曝光）,1店,未指定,图图,B0H4SXF1R1,水杯白色,B0H4SNVS2K,13,14,0,0.00%,5,本店Listing已匹配；按流量排查链接,2026-09-03 至 2026-10-03
零销量（不限曝光）,1店,未指定,图图,B0HD6XLWPD,冰箱贴猫咪,B0HD6VJH6R,13,16,0,0.00%,10,本店Listing已匹配；按流量排查链接,2026-09-03 至 2026-10-03
零销量（不限曝光）,1店,未指定,图图,B0HDBKV13V,水母鱼缸,B0HDBHCQJF,13,17,0,0.00%,9,本店Listing已匹配；按流量排查链接,2026-09-03 至 2026-10-03
零销量（不限曝光）,1店,未指定,公司,B0GWL9PP46,溯溪沙滩鞋,B0GWL9YZNY,12,16,0,0.00%,2,本店Listing已匹配；按流量排查链接,2026-09-03 至 2026-10-03
零销量（不限曝光）,1店,未指定,公司,B0GQBNDGJN,溯溪沙滩鞋,B0GQBP3SH9,11,12,0,0.00%,3,本店Listing已匹配；按流量排查链接,2026-09-03 至 2026-10-03
零销量（不限曝光）,1店,未指定,图图,B0GVRKCLTK,挂件毛巾,B0GVR5WKNS,11,11,0,0.00%,6,本店Listing已匹配；按流量排查链接,2026-09-03 至 2026-10-03
零销量（不限曝光）,1店,未指定,公司,B0GWHYY58F,溯溪沙滩鞋,B0GQBP3SH9,11,13,0,0.00%,3,本店Listing已匹配；按流量排查链接,2026-09-03 至 2026-10-03
零销量（不限曝光）,1店,未指定,公司,B0GWHZ5CH4,溯溪沙滩鞋,B0GQBS64JX,11,11,0,0.00%,2,本店Listing已匹配；按流量排查链接,2026-09-03 至 2026-10-03
零销量（不限曝光）,1店,未指定,公司,B0GWL7LLPX,溯溪沙滩鞋,B0GWL9YZNY,11,13,0,0.00%,3,本店Listing已匹配；按流量排查链接,2026-09-03 至 2026-10-03
零销量（不限曝光）,1店,未指定,公司,B0H156PKSD,溯溪沙滩鞋,B0GQBS64JX,11,13,0,0.00%,1,本店Listing已匹配；按流量排查链接,2026-09-03 至 2026-10-03
零销量（不限曝光）,1店,未指定,图图,B0H1HK4VMY,土豆压泥器,B0H1H7CZ1B,11,17,0,0.00%,12,本店Listing已匹配；按流量排查链接,2026-09-03 至 2026-10-03
零销量（不限曝光）,1店,未指定,凯旋,B0H1W7PVDR,猫眼石手链,B0H1W5BP2G,11,15,0,0.00%,1,本店Listing已匹配；按流量排查链接,2026-09-03 至 2026-10-03
零销量（不限曝光）,1店,未指定,图图,B0H3PHPN27,化妆刷 2 头,B0H3PJ2HB3,11,20,0,0.00%,8,本店Listing已匹配；按流量排查链接,2026-09-03 至 2026-10-03
零销量（不限曝光）,1店,未指定,图图,B0HDBFDT41,骷髅头鱼缸,B0HDBHCQJF,11,17,0,0.00%,9,本店Listing已匹配；按流量排查链接,2026-09-03 至 2026-10-03
零销量（不限曝光）,1店,未指定,凯旋,B0HF7KX5LH,沐浴球,B0H94R2RMG,11,12,0,0.00%,10,本店Listing已匹配；按流量排查链接,2026-09-03 至 2026-10-03
零销量（不限曝光）,1店,未指定,图图,B0HGQ3BNLS,夜光石头200个,B0HH8HLJYX,11,16,0,0.00%,10,本店Listing已匹配；按流量排查链接,2026-09-03 至 2026-10-03
零销量（不限曝光）,1店,未指定,图图,B0GVJNLQHM,免胶假睫毛,B0GVJZ98H4,10,10,0,0.00%,6,本店Listing已匹配；按流量排查链接,2026-09-03 至 2026-10-03
零销量（不限曝光）,1店,未指定,图图,B0GVRNG9FW,挂件毛巾,B0GVR5WKNS,10,10,0,0.00%,8,本店Listing已匹配；按流量排查链接,2026-09-03 至 2026-10-03
零销量（不限曝光）,1店,未指定,公司,B0GVXC2467,拖鞋,B0GVXC2467,10,18,0,0.00%,2,本店Listing已匹配；按流量排查链接,2026-09-03 至 2026-10-03
零销量（不限曝光）,1店,未指定,公司,B0GWHQQCYG,溯溪沙滩鞋,B0GQBP3SH9,10,12,0,0.00%,1,本店Listing已匹配；按流量排查链接,2026-09-03 至 2026-10-03
零销量（不限曝光）,1店,未指定,凯旋,B0H4ZNP896,瑜伽,B0H4ZLTJ4B,10,12,0,0.00%,5,本店Listing已匹配；按流量排查链接,2026-09-03 至 2026-10-03
零销量（不限曝光）,1店,未指定,图图,B0HF54TB89,挂钩帽子绿粉,B0HF46BQRJ,10,10,0,0.00%,10,本店Listing已匹配；按流量排查链接,2026-09-03 至 2026-10-03
零销量（不限曝光）,1店,未指定,公司,B0GL91XJMV,折叠拖鞋003黄,B0GL9J1BLX,9,12,0,0.00%,2,本店Listing已匹配；按流量排查链接,2026-09-03 至 2026-10-03
零销量（不限曝光）,1店,未指定,公司,B0GQBSQNVW,溯溪沙滩鞋,B0GQBP3SH9,9,9,0,0.00%,2,本店Listing已匹配；按流量排查链接,2026-09-03 至 2026-10-03
零销量（不限曝光）,1店,未指定,公司,B0GWJ233SY,溯溪沙滩鞋,B0GQBP3SH9,9,11,0,0.00%,3,本店Listing已匹配；按流量排查链接,2026-09-03 至 2026-10-03
零销量（不限曝光）,1店,未指定,公司,B0GX1H4VZ6,溯溪沙滩鞋,B0GQBS64JX,9,9,0,0.00%,5,本店Listing已匹配；按流量排查链接,2026-09-03 至 2026-10-03
零销量（不限曝光）,1店,未指定,图图,B0GZYGQW3S,折叠环保包卡其,B0GZY8JYQ8,9,12,0,0.00%,3,本店Listing已匹配；按流量排查链接,2026-09-03 至 2026-10-03
零销量（不限曝光）,1店,未指定,cccady,B0HC426YLT,AirTag硅胶宠物项圈-白色,B0HC43FXQL,9,11,0,0.00%,9,本店Listing已匹配；按流量排查链接,2026-09-03 至 2026-10-03
零销量（不限曝光）,1店,未指定,图图,B0HD5Z3FY8,喷壶2个,B0HCZGF1H1,9,13,0,0.00%,10,本店Listing已匹配；按流量排查链接,2026-09-03 至 2026-10-03
零销量（不限曝光）,1店,未指定,公司,B0GVXCPVKW,拖鞋,B0GVXCPVKW,8,9,0,0.00%,3,本店Listing已匹配；按流量排查链接,2026-09-03 至 2026-10-03
零销量（不限曝光）,1店,未指定,公司,B0GWL2KY5F,溯溪沙滩鞋,B0GWL9YZNY,8,8,0,0.00%,4,本店Listing已匹配；按流量排查链接,2026-09-03 至 2026-10-03
零销量（不限曝光）,1店,未指定,公司,B0GZNZDN1N,新款大童溯溪鞋,B0GYWSYXZ5,8,9,0,0.00%,3,本店Listing已匹配；按流量排查链接,2026-09-03 至 2026-10-03
零销量（不限曝光）,1店,未指定,图图,B0H5CNW9WC,顺毛白色,B0H5CKYDZM,8,10,0,0.00%,3,本店Listing已匹配；按流量排查链接,2026-09-03 至 2026-10-03
零销量（不限曝光）,1店,未指定,凯旋,B0H9RJLTQW,"Powder Puff, Makeup Sponge, Sample Size Face Applicator for Loose Powder, Foundation, Travel And Vanity Routines",B0H6W6H791,8,12,0,0.00%,10,本店Listing已匹配；按流量排查链接,2026-09-03 至 2026-10-03
零销量（不限曝光）,1店,未指定,图图,B0HD6NRZP4,diy珠珠8款,B0HD73HLW3,8,10,0,0.00%,7,本店Listing已匹配；按流量排查链接,2026-09-03 至 2026-10-03
零销量（不限曝光）,1店,未指定,cccady,B0HFGK82XM,切药盒绿色款,B0HFGCCJR4,8,9,0,0.00%,10,本店Listing已匹配；按流量排查链接,2026-09-03 至 2026-10-03
零销量（不限曝光）,1店,未指定,公司,B0GVXLDPZT,拖鞋,B0GVXLDPZT,7,7,0,0.00%,1,本店Listing已匹配；按流量排查链接,2026-09-03 至 2026-10-03
零销量（不限曝光）,1店,未指定,公司,B0GZN2SCLH,新款大童溯溪鞋,B0GYWSYXZ5,7,7,0,0.00%,3,本店Listing已匹配；按流量排查链接,2026-09-03 至 2026-10-03
零销量（不限曝光）,1店,未指定,图图,B0GZYFJCLF,折叠环保包绿色,B0GZY8JYQ8,7,8,0,0.00%,6,本店Listing已匹配；按流量排查链接,2026-09-03 至 2026-10-03
零销量（不限曝光）,1店,未指定,凯旋,B0H9RF8V1Q,"White Caulk Tape, Toilet Seal Strip with Black Tool for Bathroom Base, Sink, Shower, Bathtub Edge and Countertop",B0H6W3F8Y5,7,8,0,0.00%,10,本店Listing已匹配；按流量排查链接,2026-09-03 至 2026-10-03
零销量（不限曝光）,1店,未指定,图图,B0HBWRHXFD,防烫夹红色,B0H1QP7PPS,7,7,0,0.00%,21,本店Listing已匹配；按流量排查链接,2026-09-03 至 2026-10-03
零销量（不限曝光）,1店,未指定,凯旋,B0HHHVLK6G,手指套,B0HHM2D4MX,7,7,0,0.00%,5,本店Listing已匹配；按流量排查链接,2026-09-03 至 2026-10-03
零销量（不限曝光）,1店,未指定,图图,B0HHM5MS33,猫咪老鼠玩具5个,B0HHHNJBFJ,7,8,0,0.00%,5,本店Listing已匹配；按流量排查链接,2026-09-03 至 2026-10-03
零销量（不限曝光）,1店,未指定,未分配,B0HK36MJFW,鱼尾纱珍珠款极光白5码,B0HC4829W2,7,7,0,0.00%,10,本店Listing已匹配；按流量排查链接,2026-09-03 至 2026-10-03
零销量（不限曝光）,1店,未指定,图图,B0GS8NPN13,手机链,B0GS8NPN13,6,6,0,0.00%,2,本店Listing已匹配；按流量排查链接,2026-09-03 至 2026-10-03
零销量（不限曝光）,1店,未指定,公司,B0GVXKCJ82,拖鞋,B0GL91XJMF,6,6,0,0.00%,1,本店Listing已匹配；按流量排查链接,2026-09-03 至 2026-10-03
零销量（不限曝光）,1店,未指定,公司,B0GWHQMP8N,溯溪沙滩鞋,B0GQBP3SH9,6,6,0,0.00%,2,本店Listing已匹配；按流量排查链接,2026-09-03 至 2026-10-03
零销量（不限曝光）,1店,未指定,凯旋,B0H147G4HD,宠物玩具,B0GYXXHWBS,6,6,0,0.00%,1,本店Listing已匹配；按流量排查链接,2026-09-03 至 2026-10-03
零销量（不限曝光）,1店,未指定,图图,B0H5NRQYTL,猫咪项圈灰色,B0H5NQJPLY,6,11,0,0.00%,10,本店Listing已匹配；按流量排查链接,2026-09-03 至 2026-10-03
零销量（不限曝光）,1店,未指定,图图,B0H9YBTZFY,手机支架磁吸粉色,B0H9YDPSPX,6,9,0,0.00%,5,本店Listing已匹配；按流量排查链接,2026-09-03 至 2026-10-03
零销量（不限曝光）,1店,未指定,图图,B0HF88MBH6,彩色药盒1个,B0HFRC5YFK,6,7,0,0.00%,10,本店Listing已匹配；按流量排查链接,2026-09-03 至 2026-10-03
零销量（不限曝光）,1店,未指定,未分配,B0HFJVJRKD,羽毛球胶带黑色四条装,B0HFJHJ1SM,6,8,0,0.00%,10,本店Listing已匹配；按流量排查链接,2026-09-03 至 2026-10-03
零销量（不限曝光）,1店,未指定,cccady,B0HFNKDX6D,宠物便携拾便袋蓝色套装,B0HFNKFJRW,6,6,0,0.00%,10,本店Listing已匹配；按流量排查链接,2026-09-03 至 2026-10-03
零销量（不限曝光）,1店,未指定,公司,B0GQH3BVXR,溯溪沙滩鞋,B0GQH38Y4J,5,5,0,0.00%,1,本店Listing已匹配；按流量排查链接,2026-09-03 至 2026-10-03
零销量（不限曝光）,1店,未指定,凯旋,B0H1FL741V,除草器,B0H1FSPR6N,5,5,0,0.00%,2,本店Listing已匹配；按流量排查链接,2026-09-03 至 2026-10-03
零销量（不限曝光）,1店,未指定,图图,B0H5J37TVL,刺头玩具,B0H5HWXW1D,5,7,0,0.00%,8,本店Listing已匹配；按流量排查链接,2026-09-03 至 2026-10-03
零销量（不限曝光）,1店,未指定,凯旋,B0H6W7LF4V,"Pack Of 8 Square Powder Puffs, Makeup Puff For Loose Powder Cosmetic Foundation And Contouring Work",B0H6W6H791,5,6,0,0.00%,5,本店Listing已匹配；按流量排查链接,2026-09-03 至 2026-10-03
零销量（不限曝光）,1店,未指定,图图,B0H8NXW7RV,逗猫棒替换头蝴蝶,B0H8NYTS5W,5,5,0,0.00%,7,本店Listing已匹配；按流量排查链接,2026-09-03 至 2026-10-03
零销量（不限曝光）,1店,未指定,图图,B0HC6NVFWD,香草剥离器,B0HC6DXMV4,5,7,0,0.00%,10,本店Listing已匹配；按流量排查链接,2026-09-03 至 2026-10-03
零销量（不限曝光）,1店,未指定,图图,B0HFWMTQYF,洗衣袋2个,B0HFWL8Z6X,5,5,0,0.00%,10,本店Listing已匹配；按流量排查链接,2026-09-03 至 2026-10-03
零销量（不限曝光）,1店,未指定,图图,B0HFZFZQVC,勺子,B0HFZH8MHW,5,5,0,0.00%,10,本店Listing已匹配；按流量排查链接,2026-09-03 至 2026-10-03
零销量（不限曝光）,1店,未指定,公司,B0GL91L477,折叠拖鞋001蓝,B0GL92S6S4,4,4,0,0.00%,2,本店Listing已匹配；按流量排查链接,2026-09-03 至 2026-10-03
零销量（不限曝光）,1店,未指定,公司,B0GQGVFBBJ,溯溪沙滩鞋,B0GQH38Y4J,4,5,0,0.00%,2,本店Listing已匹配；按流量排查链接,2026-09-03 至 2026-10-03
零销量（不限曝光）,1店,未指定,公司,B0GTBG5CDB,过滤器,B0GT1K8L8Q,4,6,0,0.00%,11,本店Listing已匹配；按流量排查链接,2026-09-03 至 2026-10-03
零销量（不限曝光）,1店,未指定,图图,B0H1FG6JJN,过滤网黄色,B0H1FQJ948,4,4,0,0.00%,5,本店Listing已匹配；按流量排查链接,2026-09-03 至 2026-10-03
零销量（不限曝光）,1店,未指定,凯旋,B0H6W9TCGF,"Set With 2 Triangle, 2 Diamond And 2 Cloud Shape Powder Puffs, Makeup Puff For Loose Powder Cosmetic Foundation Contouring",B0H6W517ZG,4,4,0,0.00%,5,本店Listing已匹配；按流量排查链接,2026-09-03 至 2026-10-03
零销量（不限曝光）,1店,未指定,图图,B0H8NZD7H3,逗猫棒替换头蜜蜂,B0H8NYTS5W,4,4,0,0.00%,7,本店Listing已匹配；按流量排查链接,2026-09-03 至 2026-10-03
零销量（不限曝光）,1店,未指定,图图,B0H94HLDQ8,散粉器,B0H94XQT8C,4,4,0,0.00%,6,本店Listing已匹配；按流量排查链接,2026-09-03 至 2026-10-03
零销量（不限曝光）,1店,未指定,图图,B0HB9CYXZR,摩托把手套2个,B0HB8YQ8Z7,4,4,0,0.00%,6,本店Listing已匹配；按流量排查链接,2026-09-03 至 2026-10-03
零销量（不限曝光）,1店,未指定,cccady,B0HC4CCJX8,摇摇杯-粉色,B0HFCK4RX4,4,6,0,0.00%,10,本店Listing已匹配；按流量排查链接,2026-09-03 至 2026-10-03
零销量（不限曝光）,1店,未指定,凯旋,B0HF4KD669,自粘耳签,B0HF4LJNDB,4,4,0,0.00%,10,本店Listing已匹配；按流量排查链接,2026-09-03 至 2026-10-03
零销量（不限曝光）,1店,未指定,凯旋,B0HF7C4YPF,迷你万向轮,B0HF7C4YPF,4,4,0,0.00%,5,本店Listing已匹配；按流量排查链接,2026-09-03 至 2026-10-03
零销量（不限曝光）,1店,未指定,图图,B0HF86FJFN,印章海绵5个装,B0HF87KGZB,4,5,0,0.00%,10,本店Listing已匹配；按流量排查链接,2026-09-03 至 2026-10-03
零销量（不限曝光）,1店,未指定,图图,B0HGPHJK6R,清洁橡皮鞋子,B0HGQ8F4S5,4,5,0,0.00%,10,本店Listing已匹配；按流量排查链接,2026-09-03 至 2026-10-03
零销量（不限曝光）,1店,未指定,凯旋,B0HHJ2MBVC,弯头指甲钳子,B0HHHNKP5N,4,6,0,0.00%,8,本店Listing已匹配；按流量排查链接,2026-09-03 至 2026-10-03
零销量（不限曝光）,1店,未指定,图图,B0HHMD8SRL,银色隔珠100个,B0HHHPTXS6,4,5,0,0.00%,5,本店Listing已匹配；按流量排查链接,2026-09-03 至 2026-10-03
零销量（不限曝光）,1店,未指定,图图,B0GVSDW25R,护腕,B0GVSBFMFQ,3,3,0,0.00%,4,本店Listing已匹配；按流量排查链接,2026-09-03 至 2026-10-03
零销量（不限曝光）,1店,未指定,公司,B0GVYW6Y73,溯溪沙滩鞋,B0GVYWN441,3,3,0,0.00%,1,本店Listing已匹配；按流量排查链接,2026-09-03 至 2026-10-03
零销量（不限曝光）,1店,未指定,凯旋,B0GWH2G47V,跑步紧身短裤,B0GWGP64SB,3,5,0,0.00%,3,本店Listing已匹配；按流量排查链接,2026-09-03 至 2026-10-03
零销量（不限曝光）,1店,未指定,图图,B0GWM1N71D,丝巾,B0GWPRJBLQ,3,4,0,0.00%,1,本店Listing已匹配；按流量排查链接,2026-09-03 至 2026-10-03
零销量（不限曝光）,1店,未指定,凯旋,B0H4512N6Y,沙滩裤,B0HDB3X9SL,3,3,0,0.00%,2,本店Listing已匹配；按流量排查链接,2026-09-03 至 2026-10-03
零销量（不限曝光）,1店,未指定,图图,B0HB8Q4WQG,卷发草莓六个,B0HB8YXNJW,3,8,0,0.00%,6,本店Listing已匹配；按流量排查链接,2026-09-03 至 2026-10-03
零销量（不限曝光）,1店,未指定,图图,B0HB8WFKVH,卷发草莓一个,B0HB8YXNJW,3,3,0,0.00%,6,本店Listing已匹配；按流量排查链接,2026-09-03 至 2026-10-03
零销量（不限曝光）,1店,未指定,cccady,B0HC3FKH5W,防水洗漱包-白色-大号,B0HC3BQX2D,3,3,0,0.00%,10,本店Listing已匹配；按流量排查链接,2026-09-03 至 2026-10-03
零销量（不限曝光）,1店,未指定,图图,B0HC6JM9GK,发圈灰+紫,B0HK3RDRL8,3,3,0,0.00%,9,本店Listing已匹配；按流量排查链接,2026-09-03 至 2026-10-03
零销量（不限曝光）,1店,未指定,cccady,B0HCJJQ5X3,皮质项圈黑色,B0HCJ92929,3,4,0,0.00%,2,本店Listing已匹配；按流量排查链接,2026-09-03 至 2026-10-03
零销量（不限曝光）,1店,未指定,凯旋,B0HCZ3SCG1,防水套卡,B0HCZ63Z2Q,3,3,0,0.00%,10,本店Listing已匹配；按流量排查链接,2026-09-03 至 2026-10-03
零销量（不限曝光）,1店,未指定,图图,B0HD76WV3B,蜡线,B0HD732SD6,3,4,0,0.00%,10,本店Listing已匹配；按流量排查链接,2026-09-03 至 2026-10-03
零销量（不限曝光）,1店,未指定,图图,B0HGQ3D95T,零钱包黄色+紫色,B0HGPN71TK,3,3,0,0.00%,10,本店Listing已匹配；按流量排查链接,2026-09-03 至 2026-10-03
零销量（不限曝光）,1店,未指定,图图,B0HHHLFZGC,美甲片24款,B0HFZ7LG94,3,3,0,0.00%,5,本店Listing已匹配；按流量排查链接,2026-09-03 至 2026-10-03
零销量（不限曝光）,1店,未指定,图图,B0HHHQ1HXB,宽口指甲钳橙色,B0HHHP1396,3,3,0,0.00%,5,本店Listing已匹配；按流量排查链接,2026-09-03 至 2026-10-03
零销量（不限曝光）,1店,未指定,未分配,B0HJVSWNMC,"3Pcs Black Pink Makeup Puff Kit with Foundation Brush, Powder Cushion Beauty Sponge and Mini Finger Puff for Face Makeup",B0HJV3HHF1,3,4,0,0.00%,5,本店Listing已匹配；按流量排查链接,2026-09-03 至 2026-10-03
零销量（不限曝光）,1店,未指定,公司,B0GL93TCW4,折叠拖鞋001黄,B0GL92S6S4,2,2,0,0.00%,2,本店Listing已匹配；按流量排查链接,2026-09-03 至 2026-10-03
零销量（不限曝光）,1店,未指定,公司,B0GTBJ852M,过滤器,B0GT1K8L8Q,2,2,0,0.00%,14,本店Listing已匹配；按流量排查链接,2026-09-03 至 2026-10-03
零销量（不限曝光）,1店,未指定,凯旋,B0GTZGBVFC,船袜,B0GVN3WCSS,2,2,0,0.00%,1,本店Listing已匹配；按流量排查链接,2026-09-03 至 2026-10-03
零销量（不限曝光）,1店,未指定,凯旋,B0GY8NTN5G,小狗衣服,B0GY8X1TF6,2,2,0,0.00%,3,本店Listing已匹配；按流量排查链接,2026-09-03 至 2026-10-03
零销量（不限曝光）,1店,未指定,公司,B0GZP66WVT,潜水溯溪鞋,B0GYX16S5J,2,2,0,0.00%,3,本店Listing已匹配；按流量排查链接,2026-09-03 至 2026-10-03
零销量（不限曝光）,1店,未指定,凯旋,B0H1PS5J84,电焊管套组,B0H1PGVC1W,2,2,0,0.00%,2,本店Listing已匹配；按流量排查链接,2026-09-03 至 2026-10-03
零销量（不限曝光）,1店,未指定,凯旋,B0H456WR5Y,沙滩裤,B0HDB3X9SL,2,6,0,0.00%,2,本店Listing已匹配；按流量排查链接,2026-09-03 至 2026-10-03
零销量（不限曝光）,1店,未指定,凯旋,B0H457GMLL,沙滩裤,B0HDB3X9SL,2,3,0,0.00%,1,本店Listing已匹配；按流量排查链接,2026-09-03 至 2026-10-03
零销量（不限曝光）,1店,未指定,凯旋,B0H4SLS337,钱包,B0H4SYNRHM,2,2,0,0.00%,3,本店Listing已匹配；按流量排查链接,2026-09-03 至 2026-10-03
零销量（不限曝光）,1店,未指定,凯旋,B0H4SVBH74,钱包,B0H4SRLK1G,2,2,0,0.00%,5,本店Listing已匹配；按流量排查链接,2026-09-03 至 2026-10-03
零销量（不限曝光）,1店,未指定,凯旋,B0H4SW6DPR,钱包,B0H4S9WYMC,2,2,0,0.00%,3,本店Listing已匹配；按流量排查链接,2026-09-03 至 2026-10-03
零销量（不限曝光）,1店,未指定,图图,B0H8N2WFMC,肌肉贴y6,B0H8CQM5JZ,2,2,0,0.00%,9,本店Listing已匹配；按流量排查链接,2026-09-03 至 2026-10-03
零销量（不限曝光）,1店,未指定,凯旋,B0H94VBS47,户外绳索,B0H94GZCMQ,2,2,0,0.00%,12,本店Listing已匹配；按流量排查链接,2026-09-03 至 2026-10-03
零销量（不限曝光）,1店,未指定,图图,B0HC6N7M63,发圈金+粉,B0HK3RDRL8,2,2,0,0.00%,9,本店Listing已匹配；按流量排查链接,2026-09-03 至 2026-10-03
零销量（不限曝光）,1店,未指定,凯旋,B0HDYQ7H64,银心脚链（金）,B0H285PRJ3,2,2,0,0.00%,10,本店Listing已匹配；按流量排查链接,2026-09-03 至 2026-10-03
零销量（不限曝光）,1店,未指定,凯旋,B0HF49BQJJ,海绵擦,B0HF486C3Q,2,2,0,0.00%,10,本店Listing已匹配；按流量排查链接,2026-09-03 至 2026-10-03
零销量（不限曝光）,1店,未指定,未分配,B0HFGC6GBT,卷纸切割器,B0HFG9L9NS,2,2,0,0.00%,10,本店Listing已匹配；按流量排查链接,2026-09-03 至 2026-10-03
零销量（不限曝光）,1店,未指定,图图,B0HFWF545Y,挡门骷髅头金色,B0HFWJLR1L,2,2,0,0.00%,3,本店Listing已匹配；按流量排查链接,2026-09-03 至 2026-10-03
零销量（不限曝光）,1店,未指定,图图,B0HFX3HRNK,挡门小狗,B0HFWJLR1L,2,2,0,0.00%,10,本店Listing已匹配；按流量排查链接,2026-09-03 至 2026-10-03
零销量（不限曝光）,1店,未指定,凯旋,B0HGR6FCJT,修眉剪,B0HBW2CFMM,2,3,0,0.00%,10,本店Listing已匹配；按流量排查链接,2026-09-03 至 2026-10-03
零销量（不限曝光）,1店,未指定,图图,B0HHH1J24T,批头延长杆3件,B0HHH3LS9N,2,2,0,0.00%,5,本店Listing已匹配；按流量排查链接,2026-09-03 至 2026-10-03
零销量（不限曝光）,1店,未指定,图图,B0HHHLG9MM,方糖工艺珠-多彩1号40个,B0HHH8RXR9,2,2,0,0.00%,5,本店Listing已匹配；按流量排查链接,2026-09-03 至 2026-10-03
零销量（不限曝光）,1店,未指定,凯旋,B0HHHVVXRW,狗狗两件套,B0HHM9YH7M,2,2,0,0.00%,5,本店Listing已匹配；按流量排查链接,2026-09-03 至 2026-10-03
零销量（不限曝光）,1店,未指定,图图,B0HHJFQLQG,修眉刀-黑色12个,B0HHHRS5M4,2,2,0,0.00%,5,本店Listing已匹配；按流量排查链接,2026-09-03 至 2026-10-03
零销量（不限曝光）,1店,未指定,未分配,B0HKJMXV6L,"22Pcs Drawing Stencils Kit,Orange & Green Geometric Spiral Ruler Template, Kids DIY Art Craft Painting Drawing Templates",B0H2GSYWJC,2,2,0,0.00%,10,本店Listing已匹配；按流量排查链接,2026-09-03 至 2026-10-03
零销量（不限曝光）,1店,未指定,未分配,B0HKV1FZTC,保鲜盒-2件装,B0HKTVNYL5,2,2,0,0.00%,3,本店Listing已匹配；按流量排查链接,2026-09-03 至 2026-10-03
零销量（不限曝光）,1店,未指定,公司,B0GQBWV6V8,溯溪沙滩鞋,B0GQBWV6V8,1,1,0,0.00%,2,本店Listing已匹配；按流量排查链接,2026-09-03 至 2026-10-03
零销量（不限曝光）,1店,未指定,图图,B0GVSDXVFP,护腕,B0GVSBFMFQ,1,1,0,0.00%,5,本店Listing已匹配；按流量排查链接,2026-09-03 至 2026-10-03
零销量（不限曝光）,1店,未指定,凯旋,B0GX9VS5ZB,多功能LED彩光测电笔70-250V,B0GX9YSY8Q,1,1,0,0.00%,1,本店Listing已匹配；按流量排查链接,2026-09-03 至 2026-10-03
零销量（不限曝光）,1店,未指定,公司,B0GYYSK2M4,潜水溯溪鞋,B0GYX16S5J,1,1,0,0.00%,3,本店Listing已匹配；按流量排查链接,2026-09-03 至 2026-10-03
零销量（不限曝光）,1店,未指定,公司,B0H156KRGG,溯溪沙滩鞋,B0GQH38Y4J,1,1,0,0.00%,1,本店Listing已匹配；按流量排查链接,2026-09-03 至 2026-10-03
零销量（不限曝光）,1店,未指定,公司,B0H2M7H16K,"Universal 6 Speed Knurled Aluminum Alloy Gear Shift Knob with 4 Adapters, Racing Shifter Head for Car & Sim Racing",B0H2MKR6M2,1,1,0,0.00%,1,本店Listing已匹配；按流量排查链接,2026-09-03 至 2026-10-03
零销量（不限曝光）,1店,未指定,凯旋,B0H452TMCB,沙滩裤,B0HDB3X9SL,1,1,0,0.00%,1,本店Listing已匹配；按流量排查链接,2026-09-03 至 2026-10-03
零销量（不限曝光）,1店,未指定,凯旋,B0H453KBCZ,沙滩裤,B0HDB3X9SL,1,2,0,0.00%,2,本店Listing已匹配；按流量排查链接,2026-09-03 至 2026-10-03
零销量（不限曝光）,1店,未指定,凯旋,B0H453S35N,沙滩裤,B0HDB3X9SL,1,3,0,0.00%,2,本店Listing已匹配；按流量排查链接,2026-09-03 至 2026-10-03
零销量（不限曝光）,1店,未指定,凯旋,B0H454WDBX,沙滩裤,B0HDB3X9SL,1,1,0,0.00%,2,本店Listing已匹配；按流量排查链接,2026-09-03 至 2026-10-03
零销量（不限曝光）,1店,未指定,凯旋,B0H4552J6H,沙滩裤,B0HDB3X9SL,1,3,0,0.00%,2,本店Listing已匹配；按流量排查链接,2026-09-03 至 2026-10-03
零销量（不限曝光）,1店,未指定,凯旋,B0H456QPHQ,沙滩裤,B0HDB3X9SL,1,1,0,0.00%,1,本店Listing已匹配；按流量排查链接,2026-09-03 至 2026-10-03
零销量（不限曝光）,1店,未指定,凯旋,B0H456RSM8,沙滩裤,B0HDB3X9SL,1,1,0,0.00%,1,本店Listing已匹配；按流量排查链接,2026-09-03 至 2026-10-03
零销量（不限曝光）,1店,未指定,凯旋,B0H457B86X,沙滩裤,B0HDB3X9SL,1,2,0,0.00%,2,本店Listing已匹配；按流量排查链接,2026-09-03 至 2026-10-03
零销量（不限曝光）,1店,未指定,凯旋,B0H457V2WF,沙滩裤,B0HDB3X9SL,1,1,0,0.00%,2,本店Listing已匹配；按流量排查链接,2026-09-03 至 2026-10-03
零销量（不限曝光）,1店,未指定,凯旋,B0H45CFT4M,沙滩裤,B0HDB3X9SL,1,2,0,0.00%,2,本店Listing已匹配；按流量排查链接,2026-09-03 至 2026-10-03
零销量（不限曝光）,1店,未指定,凯旋,B0H45CXYX3,沙滩裤,B0HDB3X9SL,1,2,0,0.00%,2,本店Listing已匹配；按流量排查链接,2026-09-03 至 2026-10-03
零销量（不限曝光）,1店,未指定,凯旋,B0H6WFG56M,"Set With 4 Triangle And 2 Cloud Shape Powder Puffs, Makeup Puff For Loose Powder And Cosmetic Foundation Use",B0H6W3F8Y5,1,1,0,0.00%,5,本店Listing已匹配；按流量排查链接,2026-09-03 至 2026-10-03
零销量（不限曝光）,1店,未指定,图图,B0H8C298PP,书签,B0H8BS1F8F,1,1,0,0.00%,4,本店Listing已匹配；按流量排查链接,2026-09-03 至 2026-10-03
零销量（不限曝光）,1店,未指定,图图,B0H9YC58LD,清洁海绵多层+洗碗布,B0HB4KVWBG,1,1,0,0.00%,6,本店Listing已匹配；按流量排查链接,2026-09-03 至 2026-10-03
零销量（不限曝光）,1店,未指定,凯旋,B0HCZ5RGRM,信封,B0HCZ54MCW,1,1,0,0.00%,10,本店Listing已匹配；按流量排查链接,2026-09-03 至 2026-10-03
零销量（不限曝光）,1店,未指定,图图,B0HCZB2HCP,骑行眼睛,B0HCZHG1HM,1,1,0,0.00%,10,本店Listing已匹配；按流量排查链接,2026-09-03 至 2026-10-03
零销量（不限曝光）,1店,未指定,图图,B0HF44VVB3,画笔中号,B0HF4FZZB1,1,1,0,0.00%,8,本店Listing已匹配；按流量排查链接,2026-09-03 至 2026-10-03
零销量（不限曝光）,1店,未指定,图图,B0HFMYGTMT,磨脚贴20,B0HFMX2T72,1,1,0,0.00%,10,本店Listing已匹配；按流量排查链接,2026-09-03 至 2026-10-03
零销量（不限曝光）,1店,未指定,凯旋,B0HFZD4ZSQ,女巫摆件,B0HFZ8SCDM,1,2,0,0.00%,10,本店Listing已匹配；按流量排查链接,2026-09-03 至 2026-10-03
零销量（不限曝光）,1店,未指定,凯旋,B0HFZK1HH3,女巫化妆包,B0HFZGSJ2Z,1,1,0,0.00%,10,本店Listing已匹配；按流量排查链接,2026-09-03 至 2026-10-03
零销量（不限曝光）,1店,未指定,凯旋,B0HGQ2GY4F,日历本,B0HGQPJ4X7,1,1,0,0.00%,10,本店Listing已匹配；按流量排查链接,2026-09-03 至 2026-10-03
零销量（不限曝光）,1店,未指定,凯旋,B0HGQBSLQJ,五金收纳槽,B0HGPNS4KX,1,1,0,0.00%,10,本店Listing已匹配；按流量排查链接,2026-09-03 至 2026-10-03
零销量（不限曝光）,1店,未指定,凯旋,B0HGQL5B3Q,猫餐垫,B0HGL2L9D6,1,1,0,0.00%,10,本店Listing已匹配；按流量排查链接,2026-09-03 至 2026-10-03
零销量（不限曝光）,1店,未指定,凯旋,B0HHH1PBXC,指甲钳子,B0HHH36PPG,1,2,0,0.00%,5,本店Listing已匹配；按流量排查链接,2026-09-03 至 2026-10-03
零销量（不限曝光）,1店,未指定,图图,B0HHH7ZH91,方糖工艺珠-多彩2号50个,B0HHH8RXR9,1,1,0,0.00%,5,本店Listing已匹配；按流量排查链接,2026-09-03 至 2026-10-03
零销量（不限曝光）,1店,未指定,图图,B0HHHS4171,轮胎阀盖黑色4个,B0HHJ79129,1,1,0,0.00%,5,本店Listing已匹配；按流量排查链接,2026-09-03 至 2026-10-03
零销量（不限曝光）,1店,未指定,图图,B0HHHV6YDQ,31星形钻头10个,B0HHJ5JGXW,1,1,0,0.00%,5,本店Listing已匹配；按流量排查链接,2026-09-03 至 2026-10-03
零销量（不限曝光）,1店,未指定,凯旋,B0HHHWX8YM,食物铲6件套,B0HHHS2QTZ,1,1,0,0.00%,5,本店Listing已匹配；按流量排查链接,2026-09-03 至 2026-10-03
零销量（不限曝光）,1店,未指定,图图,B0HHHXG89W,修眉刀-浅蓝色12个,B0HHHRS5M4,1,1,0,0.00%,5,本店Listing已匹配；按流量排查链接,2026-09-03 至 2026-10-03
零销量（不限曝光）,1店,未指定,图图,B0HHHZR7BR,线材收纳夹-黑色6个,B0HHJ1ML11,1,1,0,0.00%,5,本店Listing已匹配；按流量排查链接,2026-09-03 至 2026-10-03
零销量（不限曝光）,1店,未指定,凯旋,B0HHJ52TH6,搓脚器,B0HHHRH7K3,1,1,0,0.00%,5,本店Listing已匹配；按流量排查链接,2026-09-03 至 2026-10-03
零销量（不限曝光）,1店,未指定,图图,B0HHLTRMLF,猫针套-狐狸,B0HHGXDM6X,1,1,0,0.00%,5,本店Listing已匹配；按流量排查链接,2026-09-03 至 2026-10-03
零销量（不限曝光）,1店,未指定,图图,B0HHM7HGK2,牙刷保护套4个,B0HHHKS2YP,1,1,0,0.00%,5,本店Listing已匹配；按流量排查链接,2026-09-03 至 2026-10-03
零销量（不限曝光）,1店,未指定,图图,B0HHM7KF37,猫针套-驴,B0HHGXDM6X,1,1,0,0.00%,5,本店Listing已匹配；按流量排查链接,2026-09-03 至 2026-10-03
零销量（不限曝光）,1店,未指定,图图,B0HHMHJ1H1,迷你螺丝刀3个,B0HHLTPQ2B,1,1,0,0.00%,5,本店Listing已匹配；按流量排查链接,2026-09-03 至 2026-10-03
零销量（不限曝光）,1店,未指定,未分配,B0HJVXTZYR,"White Checkered Makeup Bag, Large Capacity PU Leather Cosmetic Pouch, Portable Travel Toiletry Organizer Bag for Women Skincare and Makeup Storage",B0H4R5Y4WB,1,2,0,0.00%,10,本店Listing已匹配；按流量排查链接,2026-09-03 至 2026-10-03
零销量（不限曝光）,1店,未指定,未分配,B0HKTKQDBP,粉扑-粉色-14件装,B0HKTM4FSM,1,1,0,0.00%,3,本店Listing已匹配；按流量排查链接,2026-09-03 至 2026-10-03
零销量（不限曝光）,1店,未指定,未分配,B0HKTPD6K1,调料架-黑色,B0HKTRWX9P,1,1,0,0.00%,3,本店Listing已匹配；按流量排查链接,2026-09-03 至 2026-10-03
