ASIN,MSKU,FBA可售,近7日销量,负责人,是否在当前报告,报告标题,本周GV,本周销量,本周销售额,上周GV,上周销量,上周销售额
B0H8S4VRSD,CA-Pettoy-Feather-Wood,0,0,cccady,否,,,,,,,
B0H8PNVG7B,CA-Pettoy-Sisal,0,0,cccady,否,,,,,,,
B0H8MNFHMX,CA-Coffeebrush-Pearwood,0,0,cccady,否,,,,,,,
B0H8MCXC8K,CA-Coffeebrush-Blackwood,0,0,cccady,否,,,,,,,
B0H8LNWNNN,CA-Washbag-Grey,0,0,cccady,否,,,,,,,
B0H8LRCK1M,CA-Washbag-White,0,0,cccady,否,,,,,,,
B0H8LK5VHQ,CA-Shakerbottle-Black,0,0,cccady,否,,,,,,,
B0H8LHQRX5,CA-Shakerbottle-Green,0,0,cccady,否,,,,,,,
B0H8LQN9TZ,CA-Shakerbottle-Pink,0,0,cccady,否,,,,,,,
B0H8KBFYVV,CA-Pet-XQ-Airtag-Pink,0,0,cccady,否,,,,,,,
B0H8K76WLS,CA-Pet-XQ-Airtag-Black,0,0,cccady,否,,,,,,,
B0H8K1DHH8,CA-Pet-XQ-Airtag-Blue,0,0,cccady,否,,,,,,,
B0H8D864GK,CA-Towel-green,0,0,cccady,否,,,,,,,
B0H8D65QW1,CA-Towel-grey,0,0,cccady,否,,,,,,,
B0H8CY3NGM,CA-Towel-pink,0,0,cccady,否,,,,,,,
B0H89XDSFK,CA-Petchewtoy-fly,0,0,cccady,否,,,,,,,
B0H8BBXXBL,CA-Petchewtoy-bird,0,0,cccady,否,,,,,,,
B0H89Q7F2Q,CA-Petchewtoy-mouse,0,0,cccady,否,,,,,,,
B0H8B1T9QP,CA-Petchewtoy-ball,0,0,cccady,否,,,,,,,
B0H889RPFB,CCC-PetXQ-Airlight-WHITE,0,0,cccady,否,,,,,,,
B0H88KGPMT,CC-PetXQ-Airlight-PINK,0,0,cccady,否,,,,,,,
B0H86VSQ13,PET-Toy-3MQ-CC,0,0,cccady,否,,,,,,,
B0H8415FHJ,Pads-SET-3style-CC,0,0,cccady,否,,,,,,,
B0H7Q765FK,Slide-ZD-Blue-9-R,2,0,cccady,否,,,,,,,
B0H7FW5NBH,Slide-ZD-Grey-8,4,0,cccady,否,,,,,,,
B0H7F95XRJ,Slide-ZD-Grey-9,4,0,cccady,否,,,,,,,
B0H7FPGHCT,Slide-ZD-White-8,5,0,cccady,否,,,,,,,
B0H7FSW3S8,Slide-ZD-Blue-8,5,0,cccady,否,,,,,,,
B0H7F9Y37Y,Slide-ZD-White-9,4,0,cccady,否,,,,,,,
B0H7FFYG66,Slide-ZD-Pink-9,5,0,cccady,否,,,,,,,
B0H7FG7CRQ,Slide-ZD-Pink-8,5,0,cccady,否,,,,,,,
B0H77JXNHM,Sandal-Black-cc,3,0,cccady,否,,,,,,,
B0H76ZNHT5,Sandal-Golden-cc,3,0,cccady,否,,,,,,,
B0H77FDN3F,Spraybottle-Grey-cc1,2,0,cccady,否,,,,,,,
B0H77KLHW4,Spraybottle-Purple-cc1,2,0,cccady,否,,,,,,,
B0H77KVSJR,Spraybottle-Brown-cc1,2,0,cccady,否,,,,,,,
B0H776FBN6,Spraybottle-Yellow-cc1,2,0,cccady,否,,,,,,,
B0H5B69771,WESKCC-SHD1-1,16,0,cccady,否,,,,,,,
B0H5B96D8Q,WESKCC-wangyanwa-7se,3,0,cccady,否,,,,,,,
B0H4HFHXR2,FlipFlops-ZD-ClassicBlack-8,14,0,cccady,否,,,,,,,
B0H4H9FNNL,FlipFlops-ZD-MistGrey-8,13,0,cccady,否,,,,,,,
B0H4HDVS6Z,FlipFlops-ZD-ClassicBlack-9,12,0,cccady,否,,,,,,,
B0H4HK6L56,FlipFlops-ZD-SunshineYellow-9,12,0,cccady,否,,,,,,,
B0H4H77K18,FlipFlops-ZD-MintGreen-8,13,0,cccady,否,,,,,,,
B0H4H6L1FM,FlipFlops-ZD-CloudWhite-9,13,0,cccady,否,,,,,,,
B0H4HB219T,FlipFlops-ZD-OceanBlue-9,10,0,cccady,否,,,,,,,
B0H4H8FXTT,FlipFlops-ZD-RoseRed-8,11,0,cccady,否,,,,,,,
B0H4HKW9ZM,FlipFlops-ZD-SunshineYellow-8,14,0,cccady,否,,,,,,,
B0H4H1Z4N4,FlipFlops-ZD-LemonYellow-9,14,0,cccady,否,,,,,,,
B0H4H4DT9L,FlipFlops-ZD-RoseRed-9,14,0,cccady,否,,,,,,,
B0H4H7SS6W,FlipFlops-ZD-PearlWhite-9,15,0,cccady,否,,,,,,,
B0H4H49FTB,FlipFlops-ZD-PearlWhite-8,10,0,cccady,否,,,,,,,
B0H4HJHHL5,FlipFlops-ZD-MistGrey-9,12,0,cccady,否,,,,,,,
B0H4H3Y47J,FlipFlops-ZD-CloudWhite-8,10,0,cccady,否,,,,,,,
B0H4HDZTJ6,FlipFlops-ZD-BlushPink-8,7,0,cccady,否,,,,,,,
B0H4H7P4MT,FlipFlops-ZD-OceanBlue-8,14,0,cccady,否,,,,,,,
B0H4H8L9LB,FlipFlops-ZD-BlushPink-9,10,0,cccady,否,,,,,,,
B0H4H6MHDJ,FlipFlops-ZD-LemonYellow-8,15,0,cccady,否,,,,,,,
B0H4HG4T67,FlipFlops-ZD-MintGreen-9,15,0,cccady,否,,,,,,,
B0H4GK35YG,WESKCC-JSDK-L,6,0,cccady,否,,,,,,,
B0H4G9JD1N,WESKCC-BHQ-LV,10,0,cccady,否,,,,,,,
B0H4GJBX2K,WESKCC-JLBH-B,4,0,cccady,否,,,,,,,
B0H4GMMZF3,WESKCC-JSDK-S,3,0,cccady,否,,,,,,,
B0H4GKPBRT,WESKCC-JSDK-M,3,0,cccady,否,,,,,,,
B0H4GGWXT6,WESKCC-JSDK-2XL,3,0,cccady,否,,,,,,,
B0H4GPLQQT,WESKCC-JSDK-XL,3,0,cccady,否,,,,,,,
B0H4GM7HZM,WESKCC-DK-40,5,0,cccady,否,,,,,,,
B0H4GLZ5VJ,WESKCC-FSD-W20,3,0,cccady,否,,,,,,,
B0H4GHKBZ3,WESKCC-FSD-B20,3,0,cccady,否,,,,,,,
B0H4GK1P4L,WESKCC-CCQ-CHENG,5,0,cccady,否,,,,,,,
B0GWZQMF9W,Pet-Ldq-White,5,0,cccady,否,,,,,,,
B0GZB82M9W,KFLZ-Y-White-64,10,0,cccady,否,,,,,,,
B0H2G8F5WG,Gd-Wrap-SN-Blue,5,0,cccady,否,,,,,,,
B0GZB6FF1D,KFLZ-Y-White-56,10,0,cccady,否,,,,,,,
B0H45TL91Y,XXB-Reed-Sticks-Natural,10,0,cccady,否,,,,,,,
B0H2FK3923,Pet-WD-Yellow-1,5,0,cccady,否,,,,,,,
B0GT4P549G,YJK-2308-CoralPink-L,3,0,cccady,否,,,,,,,
B0GT4VZCW4,YJK-2308-CoralPink-M,3,0,cccady,否,,,,,,,
B0GSJNZ22P,YDBX-ZW01-White-M,3,0,cccady,否,,,,,,,
B0GSJLD5YY,YDBX-7017-PeachPink-S,3,0,cccady,否,,,,,,,
B0H2G1TNWP,Gd-Wrap-SN-Woody,5,0,cccady,否,,,,,,,
B0H1BQ7NM6,LLD-FColor-5,10,0,cccady,否,,,,,,,
B0H2SHMV95,Sock-5-S-White,5,0,cccady,否,,,,,,,
B0H2G8FHSV,Gd-Wrap-SN-Lava-Orange,5,0,cccady,否,,,,,,,
B0H3V3D889,Stripper-Red,3,0,cccady,否,,,,,,,
B0GS6LWSWJ,WES-BF-34A,0,0,cccady,否,,,,,,,
B0GY4YDL7C,Pet-WD-Green,5,0,cccady,否,,,,,,,
B0H2FPNHRF,YJQ-Ball-CloudBlue,3,0,cccady,否,,,,,,,
B0GZBHJXWC,KFLZ-Y-White-68,10,0,cccady,否,,,,,,,
B0GY4H1D97,Pet-WD-Pink,5,0,cccady,否,,,,,,,
B0GSJSV391,YDBX-7017-ForestGreen-M,3,0,cccady,否,,,,,,,
B0GSJF1FSL,YDBX-7020-Mocha-L,3,0,cccady,否,,,,,,,
B0GS6CHFZT,WES-BH-37A,0,0,cccady,否,,,,,,,
B0GZTXGMMT,Coffee-FW-58-DB,5,0,cccady,否,,,,,,,
B0GL8MFZLM,WES-30005-Blue-8,0,0,cccady,否,,,,,,,
B0H2FSBZ4Z,KFLZ-Y-White-58,9,1,cccady,否,,,,,,,
B0GT59LT17,YJK-522-Beige-XL,3,0,cccady,否,,,,,,,
B0GXF64BPG,Pet-XQ-ReG63-4,3,0,cccady,否,,,,,,,
B0GY4HJWN8,PetToy-Fish-M,9,0,cccady,否,,,,,,,
B0GT5F2WYJ,YJK-FJK-Coffee-L,3,0,cccady,否,,,,,,,
B0GSJSNDVQ,YDBX-7017-ForestGreen-S,2,0,cccady,否,,,,,,,
B0GWZX4VNF,Pet-Ldq-Brown,5,0,cccady,否,,,,,,,
B0GLFVMPV9,WES-3007-Red-8,0,0,cccady,否,,,,,,,
B0GT56RB3X,YJK-2308-Red-M,3,0,cccady,否,,,,,,,
B0GL8MNZGV,WES-30005-Blue-9,0,0,cccady,否,,,,,,,
B0GSJV3YX4,YDBX-7020-RedWine-S,3,0,cccady,否,,,,,,,
B0GSJRQPB3,YDBX-7020-Pistachio-S,3,0,cccady,否,,,,,,,
B0GL8Q7YXT,WES-3006-Pink-9,3,0,cccady,否,,,,,,,
B0GS6RVCNY,WES-BXT-29A,0,0,cccady,否,,,,,,,
B0GS6C5XVW,WES-HDF-34A,0,0,cccady,否,,,,,,,
B0H2SJWRF3,Sock-5-L-White,5,0,cccady,否,,,,,,,
B0H49ZB5PH,GardenGlove-Gray-BlackGrip,3,0,cccady,否,,,,,,,
B0GZF595K3,LLD-TPE-GREEN,10,0,cccady,否,,,,,,,
B0GYQ3JX2V,LLD-TPE-BLUE,10,0,cccady,否,,,,,,,
B0GZVHKQKC,Coffee-FW-51-DB,5,0,cccady,否,,,,,,,
B0GZ9WKD2X,KFLZ-Y-Natural-53,10,0,cccady,否,,,,,,,
B0GT4ZBXGL,YJK-2308-AppleGreen-S,3,0,cccady,否,,,,,,,
B0GY4XKZW8,Pet-WD-Red,5,0,cccady,否,,,,,,,
B0H1SHJRGH,XXB-Aroma-Black,10,0,cccady,否,,,,,,,
B0H223B95G,Coffee-LZ-SV02-200,5,0,cccady,否,,,,,,,
B0GZB1BJR5,KFLZ-Y-Natural-51,10,0,cccady,否,,,,,,,
B0GXYVF7V4,8LLQ-80g-Purple,5,0,cccady,否,,,,,,,
B0GS6QCDDB,WES-PH-34A,0,0,cccady,否,,,,,,,
B0GT52539D,YJK-FJK-Mocha-L,3,0,cccady,否,,,,,,,
B0GWZSYN8M,Pet-Ldq-Blue,5,0,cccady,否,,,,,,,
B0GSJZLQ43,YDBX-7020-RedWine-M,3,0,cccady,否,,,,,,,
B0H1S45D7J,XXB-Aroma-White,10,0,cccady,否,,,,,,,
B0GT523YHV,YJK-FJK-Mocha-XL,3,0,cccady,否,,,,,,,
B0H21Y6GCJ,Coffee-LZ-SV02-100,3,1,cccady,否,,,,,,,
B0GS6HLRS4,WES-BXH-37A,0,0,cccady,否,,,,,,,
B0GS6BT1TQ,WES-IR-29A,1,0,cccady,否,,,,,,,
B0GS679H9Y,WES-PH-37A,0,0,cccady,否,,,,,,,
B0GS6GMGVM,WES-BT-34A,0,0,cccady,否,,,,,,,
B0GSJMNNXK,YDBX-7020-Pistachio-L,3,0,cccady,否,,,,,,,
B0GSJVQLKZ,YDBX-7020-RedWine-L,3,0,cccady,否,,,,,,,
B0GSJN2NZ3,YDBX-7017-PeachPink-M,3,0,cccady,否,,,,,,,
B0GS6WXD2S,WES-HGF-37A,0,0,cccady,否,,,,,,,
B0GS6PRM96,WES-PF-29A,0,0,cccady,否,,,,,,,
B0GLFTK9SV,WES-3007-White-8,0,0,cccady,否,,,,,,,
B0GLFZ7BC8,WES-3007-Green-9,0,0,cccady,否,,,,,,,
B0GS69B7B6,WES-PR-34A,0,0,cccady,否,,,,,,,
B0GS6GBL9V,WES-QCW-34A,0,0,cccady,否,,,,,,,
B0GS6KY9BB,WES-BXH-29A,0,0,cccady,否,,,,,,,
B0GZTXFN51,Coffee-FW-54-SB,5,0,cccady,否,,,,,,,
B0GXFJJCJH,Pet-XQ-ReW65,0,0,cccady,否,,,,,,,
B0GZB4TZMX,KFLZ-Y-White-53,10,0,cccady,否,,,,,,,
B0GXF9M547,Pet-XQ-ReG38-4,2,0,cccady,否,,,,,,,
B0H2G28YBD,Gd-Wrap-SN-White,5,0,cccady,否,,,,,,,
B0H3TX3FBL,Stripper-Pink,3,0,cccady,否,,,,,,,
B0H2S9D5YP,Sock-5-S-Blue,5,0,cccady,否,,,,,,,
B0GY4XNMQ5,Pet-WD-SkyBlue,5,0,cccady,否,,,,,,,
B0GZB23F6H,KFLZ-Y-Natural-60,10,0,cccady,否,,,,,,,
B0H3V4PKMH,Stripper-Green,3,0,cccady,否,,,,,,,
B0H2FKBKFP,YJQ-Ball-CloudPurple,3,0,cccady,否,,,,,,,
B0H4B7483Q,GardenGlove-Green-Hibiscus,3,0,cccady,否,,,,,,,
B0GXZ6HYVY,8LLQ-80g-Pink,5,0,cccady,否,,,,,,,
B0H2GC9CB3,Gd-Wrap-SN-Pink,5,0,cccady,否,,,,,,,
B0GS6C9S4D,WES-IR-34A,0,0,cccady,否,,,,,,,
B0GS6G18D4,WES-BH-29A,0,0,cccady,否,,,,,,,
B0GS6LY1C4,WES-PF-37A,0,0,cccady,否,,,,,,,
B0GS69145N,WES-BXF-37A,0,0,cccady,否,,,,,,,
B0H2S9MR7T,Sock-5-L-Green,5,0,cccady,否,,,,,,,
B0GXYZCJ5T,8LLQ-80g-Green,5,0,cccady,否,,,,,,,
B0H45R77Q6,YJQ-Ball-Purple-Re,0,0,cccady,否,,,,,,,
B0GZTXGB6Z,Coffee-FW-58-MW,5,0,cccady,否,,,,,,,
B0H2S8R3P1,Sock-5-S-Purple,4,0,cccady,否,,,,,,,
B0H2FJYSVR,YJQ-Ball-Pink,3,0,cccady,否,,,,,,,
B0H4B6G8G1,GardenGlove-Purple-Violet,3,0,cccady,否,,,,,,,
B0GZQ7M31V,Pet-Toy-Feather,18,0,cccady,否,,,,,,,
B0H2FGHVXD,YJQ-Ball-CloudPink,3,0,cccady,否,,,,,,,
B0GY4XSHVF,Pet-WD-DeepBlue,5,0,cccady,否,,,,,,,
B0H2FJ7FJQ,Pet-WD-Orange-1,5,0,cccady,否,,,,,,,
B0GZLJ5L2Z,Pet-Toy-Fish-MG,3,1,cccady,否,,,,,,,
B0GZB6CTDS,KFLZ-Y-White-60,10,0,cccady,否,,,,,,,
B0GZB52M4R,KFLZ-Y-Natural-68,10,0,cccady,否,,,,,,,
B0H2S9T917,Sock-5-S-Green,5,0,cccady,否,,,,,,,
B0H269DYNM,Cycleglass-Black,100,0,cccady,否,,,,,,,
B0H2FPKFBW,YJQ-Ball-Blue,3,0,cccady,否,,,,,,,
B0GYNBBCJP,U6F19-Black,5,0,cccady,否,,,,,,,
B0GZB2W47K,KFLZ-Y-Natural-56,10,0,cccady,否,,,,,,,
B0H21WXBXX,Coffee-LZ-SU04-200,3,0,cccady,否,,,,,,,
B0GYQBXTQH,LLD-TPE-PINK,10,0,cccady,否,,,,,,,
B0GS6N6MF6,WES-YZF-29A,0,0,cccady,否,,,,,,,
B0GZ9Z7S29,KFLZ-Y-Natural-64,10,0,cccady,否,,,,,,,
B0H22189H2,Coffee-LZ-SU04-100,5,0,cccady,否,,,,,,,
B0GZVL2BTT,Pet-XQ-Re-W48,0,0,cccady,否,,,,,,,
B0GY4PB5LZ,Pet-WD-Purple,5,0,cccady,否,,,,,,,
B0GZTZXSC8,Coffee-FW-58-SB,5,0,cccady,否,,,,,,,
B0H21Z7L3R,Coffee-LZ-SU02-200,5,0,cccady,否,,,,,,,
B0GS6JZMHH,WES-PH-29A,0,0,cccady,否,,,,,,,
B0GS6BT5H8,WES-BXR-29A,0,0,cccady,否,,,,,,,
B0GT54FVGL,YJK-522-Beige-M,3,0,cccady,否,,,,,,,
B0GT55WJPX,YJK-FJK-Mocha-M,3,0,cccady,否,,,,,,,
B0GSJLQGDW,YDBX-7017-TomatoPurple-S,3,0,cccady,否,,,,,,,
B0GS6KNF65,WES-HGF-34A,0,0,cccady,否,,,,,,,
B0GZRN9RMR,Coffee-FH-51,3,0,cccady,否,,,,,,,
B0GSJY37PV,YDBX-7017-TomatoPurple-L,3,0,cccady,否,,,,,,,
B0GSJWF3QR,YDBX-7017-PeachPink-L,3,0,cccady,否,,,,,,,
B0H2G3YSRM,Gd-Wrap-SN-Green,5,0,cccady,否,,,,,,,
B0GS6H77DL,WES-PF-34A,0,0,cccady,否,,,,,,,
B0GS68YNJB,WES-HDF-29A,0,0,cccady,否,,,,,,,
B0GS6DVB7M,WES-PR-37A,0,0,cccady,否,,,,,,,
B0GS6DCK6T,WES-PXF-37A,0,0,cccady,否,,,,,,,
B0GS6NYSFM,WES-HDF-37A,0,0,cccady,否,,,,,,,
B0GS6R48XB,WES-PHO-29A,0,0,cccady,否,,,,,,,
B0GS6CYRWP,WES-BB-29A,0,0,cccady,否,,,,,,,
B0GS6GCV8K,WES-PB-34A,0,0,cccady,否,,,,,,,
B0GSJT3V72,YDBX-ZW01-Matcha-L,3,0,cccady,否,,,,,,,
B0GT4SZ9T5,YJK-2308-CoralPink-S,3,0,cccady,否,,,,,,,
B0GS6LRNJZ,WES-YZF-34A,0,0,cccady,否,,,,,,,
B0GLFH98MS,WES-3007-Black-8,0,0,cccady,否,,,,,,,
B0GL8GW4HF,WES-30005-Pink-9,0,0,cccady,否,,,,,,,
B0GT5J8QNX,YJK-522-Coffee-M,3,0,cccady,否,,,,,,,
B0GS6DHFM5,WES-BHO-34A,0,0,cccady,否,,,,,,,
B0GS6PLWZ2,WES-PHO-34A,0,0,cccady,否,,,,,,,
B0GSJRLF19,YDBX-ZW01-White-L,3,0,cccady,否,,,,,,,
B0GYNGR4XF,U6F19-Green,5,0,cccady,否,,,,,,,
B0GXYYNRZ8,8LLQ-80g-Blue,5,0,cccady,否,,,,,,,
B0GYN357S4,U6F19-White,5,0,cccady,否,,,,,,,
B0GZRRPC47,Coffee-FH-53,5,0,cccady,否,,,,,,,
B0GS6CWBL1,WES-GRAD-34A,2,0,cccady,否,,,,,,,
B0H2FHZJQD,YJQ-Ball-Purple,3,0,cccady,否,,,,,,,
B0GZRX9M9C,Coffee-FH-58,4,0,cccady,否,,,,,,,
B0GY44YXL8,PetToy-Fish-G,6,0,cccady,否,,,,,,,
B0H21Z31M5,Coffee-LZ-SU02-100,5,0,cccady,否,,,,,,,
B0GLFS39WF,WES-3007-Red-9,0,0,cccady,否,,,,,,,
B0GSJV9D6R,YDBX-ZW01-Matcha-M,3,0,cccady,否,,,,,,,
B0GSJPD8BM,YDBX-7017-ForestGreen-L,3,0,cccady,否,,,,,,,
B0GS6CYGYL,WES-PXR-29A,0,0,cccady,否,,,,,,,
B0GS68L54Q,WES-BHO-37A,0,0,cccady,否,,,,,,,
B0GS6L4DDQ,WES-BXR-34A,0,0,cccady,否,,,,,,,
B0GSJWC46D,YDBX-7020-Pistachio-M,3,0,cccady,否,,,,,,,
B0GSJJB85Q,YDBX-7017-TomatoPurple-M,3,0,cccady,否,,,,,,,
B0GS6BZSHH,WES-QCW-37A,0,0,cccady,否,,,,,,,
B0GS6CCS17,WES-YZR-37A,0,0,cccady,否,,,,,,,
B0GS6HFC46,WES-PXHO-37A,0,0,cccady,否,,,,,,,
B0GL8XMT4T,WES-3006-Grey-9,0,0,cccady,否,,,,,,,
B0GL8PK8YC,WES-3006-Blue-9 / WES-3006-Blue-8,5,0,cccady,否,,,,,,,
B0GT5F8K51,YJK-FJK-Coffee-XL,3,0,cccady,否,,,,,,,
B0GS68XVG8,WES-BF-29A,0,0,cccady,否,,,,,,,
B0GS6CVHYY,WES-PXR-34A,0,0,cccady,否,,,,,,,
B0GS6LY1CD,WES-BXT-34A,0,0,cccady,否,,,,,,,
B0GS6H5JW7,WES-BB-37A,0,0,cccady,否,,,,,,,
B0GS68C9ZP,WES-BXF-34A,0,0,cccady,否,,,,,,,
B0GS6JDJ86,WES-PXH-29A,0,0,cccady,否,,,,,,,
B0GS6HSJKJ,WES-GRAD-29A,2,0,cccady,否,,,,,,,
B0GS6CJNCD,WES-PXF-29A,0,0,cccady,否,,,,,,,
B0GS6H989S,WES-QCW-28A,0,0,cccady,否,,,,,,,
B0GL8ZHQCZ,WES-30005-Pink-8,0,0,cccady,否,,,,,,,
B0GLF7QK79,WES-3007-Green-8,0,0,cccady,否,,,,,,,
B0GL973XZN,WES-3006-Grey-8,0,0,cccady,否,,,,,,,
B0GSJRF5V5,YDBX-7020-Mocha-S,3,0,cccady,否,,,,,,,
B0GTPFF7H6,WES-BT-37A,0,0,cccady,否,,,,,,,
B0GT58J55M,YJK-522-Coffee-XL,3,0,cccady,否,,,,,,,
B0GSJZ362Y,YDBX-ZW01-Matcha-XL,3,0,cccady,否,,,,,,,
B0GSJQTCJF,YDBX-7020-Mocha-M,3,0,cccady,否,,,,,,,
B0GT52Z7NC,YJK-522-Beige-L,3,0,cccady,否,,,,,,,
B0GS69GV7W,WES-YZR-29A,0,0,cccady,否,,,,,,,
B0GT56SR8C,YJK-522-Coffee-L,3,0,cccady,否,,,,,,,
B0GSJLMRYC,YDBX-7020-White-L,3,0,cccady,否,,,,,,,
B0GT5C99NV,YJK-FJK-Coffee-M,3,0,cccady,否,,,,,,,
B0GWZWDLC3,Pet-Ldq-Green,4,0,cccady,否,,,,,,,
B0GS6C41V5,WES-BXR-37A,0,0,cccady,否,,,,,,,
B0GS6Q1GQN,WES-PXF-34A,0,0,cccady,否,,,,,,,
B0GT59BZLQ,YJK-2308-AppleGreen-M,3,0,cccady,否,,,,,,,
B0GS6CMGZL,WES-PB-37A,0,0,cccady,否,,,,,,,
B0GS6FK7BR,WES-PXH-34A,2,0,cccady,否,,,,,,,
B0GS6GZVK2,WES-BB-34A,0,0,cccady,否,,,,,,,
B0GS6DHFM7,WES-GRAD-36A,2,0,cccady,否,,,,,,,
B0GS6D1DF1,WES-PXH-37A,0,0,cccady,否,,,,,,,
B0GL8MQHBS,WES-30005-Grey-9,0,0,cccady,否,,,,,,,
B0GS6VCB4R,WES-BXH-34A,0,0,cccady,否,,,,,,,
B0GT5DQC9L,YJK-2308-AppleGreen-L,3,0,cccady,否,,,,,,,
B0GL8MDY9B,WES-3006-White-9,0,0,cccady,否,,,,,,,
B0GT59LT15,YJK-2308-Red-L,3,0,cccady,否,,,,,,,
B0GLFWJP36,WES-3007-White-9,0,0,cccady,否,,,,,,,
B0GL8DJ49P,WES-3006-White-8,0,0,cccady,否,,,,,,,
B0GLFW1243,WES-3007-Yellow-9,0,0,cccady,否,,,,,,,
B0GS6D6TG1,WES-YZF-37A,0,0,cccady,否,,,,,,,
B0GS68VKD2,WES-PXR-37A,0,0,cccady,否,,,,,,,
B0GS6CV8W7,WES-BXF-29A,0,0,cccady,否,,,,,,,
B0GL8H8D84,WES-3006-Yellow-8,0,0,cccady,否,,,,,,,
B0GS6Q3SH8,WES-BXT-37A,0,0,cccady,否,,,,,,,
B0GS6D3TZN,WES-IR-37A,0,0,cccady,否,,,,,,,
B0GS6D57MX,WES-PXHO-29A,0,0,cccady,否,,,,,,,
B0GS6JSV6D,WES-PHO-37A,3,0,cccady,否,,,,,,,
B0GL8RMKML,WES-3006-Yellow-9,0,0,cccady,否,,,,,,,
B0GL8JZH94,WES-30005-White-8,0,0,cccady,否,,,,,,,
B0GS6FG89Q,WES-YZR-34A,0,0,cccady,否,,,,,,,
B0GS68ZC5P,WES-BHO-29A,0,0,cccady,否,,,,,,,
B0GSJPB11K,YDBX-ZW01-White-XL,3,0,cccady,否,,,,,,,
B0GT5CHQQM,YJK-2308-Red-S,3,0,cccady,否,,,,,,,
B0GTLR99TS,WES-HGF-29A,0,0,cccady,否,,,,,,,
B0GSJM15GB,YDBX-7020-White-S,3,0,cccady,否,,,,,,,
B0GS6CF5PW,WES-BH-34A,0,0,cccady,否,,,,,,,
B0GS68P9VD,WES-BF-37A,0,0,cccady,否,,,,,,,
B0GS6DSWXH,WES-PB-29A,0,0,cccady,否,,,,,,,
B0GL8NNY7J,WES-30005-Grey-8,0,0,cccady,否,,,,,,,
B0GL8VYKG3,WES-30005-White-9,0,0,cccady,否,,,,,,,
B0GS688D8B,WES-PXHO-34A,0,0,cccady,否,,,,,,,
B0GS68WCSV,WES-BT-29A,0,0,cccady,否,,,,,,,
B0GLFJG2JK,WES-3007-Yellow-8,0,0,cccady,否,,,,,,,
B0GS688LXF,WES-PR-29A,0,0,cccady,否,,,,,,,
B0GLFWNCBB,WES-3007-Black-9,0,0,cccady,否,,,,,,,
