问题,行号,ASIN,MSKU,工具MSKU,Listing负责人,规则后负责人,工具负责人,父ASIN,品名,标题
负责人不一致（按TTCA/CA规则后）,15,B0H4G9JD1N,WESKCC-BHQ-LV,WESKCC-BHQ-LV,凯旋,凯旋,cccady,B0H4GGJ94B,,"Catnip Ball Toy, Rotatable Cat Treat Toy, Hanging Cat Play Accessory for Indoor Cats"
负责人不一致（按TTCA/CA规则后）,32,B0GS8HPL7V,KC-19-01,KC-19-01,图图,图图,凯旋,B0GS8KFR4R,手机链,Keychain for Men Women - Durable Metal Key Chain with Key Ring Car Key Accessory
负责人不一致（按TTCA/CA规则后）,50,B0GS8NN1KJ,KC-07-01,KC-07-01,图图,图图,凯旋,B0GS8KFR4R,手机链,"Beaded Cell Phone Strap for Women, Stylish Bead Wrist Lanyard, Decorative Phone Accessory"
负责人不一致（按TTCA/CA规则后）,53,B0H4GJBX2K,WESKCC-JLBH-B,WESKCC-JLBH-B,凯旋,凯旋,cccady,B0H4GR6RDC,,"One Pair Ankle Support Brace, Adjustable Ankle Wrap, Ankle Stabilizer for Sports and Fitness Activities"
负责人不一致（按TTCA/CA规则后）,94,B0GS8GKWH1,KC-26-01,KC-26-01,图图,图图,凯旋,B0GS8GKWH1,手机链,"Kawaii Dopamine Beaded Phone Lanyard, Colorful Cute Phone Charm for Phone Case"
负责人不一致（按TTCA/CA规则后）,189,B0GS8G6K68,KC-18-01,KC-18-01,图图,图图,凯旋,B0GS8KFR4R,手机链,Keychain for Men Women - Durable Metal Key Chain with Key Ring Car Key Accessory
负责人不一致（按TTCA/CA规则后）,190,B0GS89ZDRG,KC-23-03,KC-23-03,图图,图图,凯旋,B0GS8KFR4R,手机链,Keychain for Men Women - Durable Metal Key Chain with Key Ring Car Key Accessory
负责人不一致（按TTCA/CA规则后）,191,B0GS8M9LS3,KC-01-01,KC-01-01,图图,图图,凯旋,B0GS8KFR4R,手机链,"2 Pcs Random Style Keychains for Men Women, Durable Key Chain with Key Ring, Car Key Accessories"
负责人不一致（按TTCA/CA规则后）,206,B0GS8XL36M,KC-03-01,KC-03-01,图图,图图,凯旋,B0GS8KFR4R,手机链,Keychain for Men Women - Durable Metal Key Chain with Key Ring Car Key Accessory
负责人不一致（按TTCA/CA规则后）,207,B0GS8XH3LL,KC-23-01,KC-23-01,图图,图图,凯旋,B0GS8KFR4R,手机链,Keychain for Men Women - Durable Metal Key Chain with Key Ring Car Key Accessory
负责人不一致（按TTCA/CA规则后）,226,B0H4GK35YG,WESKCC-JSDK-L,WESKCC-JSDK-L,凯旋,凯旋,cccady,B0H4GS8LB8,,"5 Pack Men's Boxer Briefs, Pocket Long Leg Underwear, Multipack Daily Wear Boxers for Male Daily and Travel Scenes Multicolor"
负责人不一致（按TTCA/CA规则后）,255,B0H2MFTBDY,QC-DB-CHUNTANHEI-6,QC-DB-CHUNTANHEI-6,公司,公司,未分配,B0H2MDQ1Y3,,"6 Speed Carbon Fiber Shift Knob Kit, Universal Manual Gear Shifter with Multi‑Thread Adapters for Automotive Interior Modification"
负责人不一致（按TTCA/CA规则后）,256,B0H2M6HRV1,QC-DB-H-black,QC-DB-H-black,公司,公司,未分配,B0H2MKR6M2,,"Universal 6 Speed Knurled Aluminum Alloy Gear Shift Knob with 4 Adapters, Racing Shifter Head for Car & Sim Racing"
负责人不一致（按TTCA/CA规则后）,351,B0H11D5GH5,KC-B20-L,KC-B20-L,图图,图图,凯旋,B0HD6F5MYH,比基尼,String Bikini Tops for Women Sexy Triangle Bathing Suit Tops Adjustable Tie Back Swim Tops
负责人不一致（按TTCA/CA规则后）,382,B0GZ213HB8,ZD003-Yellow-9/10,ZD003-Yellow-9/10,凯旋,凯旋,公司,B0GL9J1BLX,人字拖,"Foldable EVA Flip Flops for Women Men, Wide Strap Non-Slip Travel Sandals, Lightweight Quick-Drying Beach Slippers for Vacation, Pool & Shower"
负责人不一致（按TTCA/CA规则后）,683,B0GSVW46L8,KC-B14-M,KC-B14-M,图图,图图,凯旋,B0HD6F5MYH,比基尼,String Bikini Tops for Women Sexy Triangle Bathing Suit Tops Adjustable Tie Back Swim Tops Black
负责人不一致（按TTCA/CA规则后）,701,B0GS8JQNW8,KC-10-01,KC-10-01,图图,图图,凯旋,B0GS8KFR4R,手机链,Keychain for Men Women - Durable Metal Key Chain with Key Ring Car Key Accessory
负责人不一致（按TTCA/CA规则后）,702,B0GS8227R4,KC-16-01,KC-16-01,图图,图图,凯旋,B0GS8KFR4R,手机链,Keychain for Men Women - Durable Metal Key Chain with Key Ring Car Key Accessory
负责人不一致（按TTCA/CA规则后）,703,B0GS8LKMSS,KC-20-01,KC-20-01,图图,图图,凯旋,B0GS8KFR4R,手机链,Keychain for Men Women - Durable Metal Key Chain with Key Ring Car Key Accessory
负责人不一致（按TTCA/CA规则后）,704,B0GS8R1ZZF,KC-27-01,KC-27-01,图图,图图,凯旋,B0GS8KFR4R,,"Beaded Cell Phone Strap for Women, Stylish Bead Wrist Lanyard, Decorative Phone Accessory"
负责人不一致（按TTCA/CA规则后）,705,B0GS8KPF9V,KC-04-01,KC-04-01,图图,图图,凯旋,B0GS8KFR4R,手机链,Keychain for Men Women - Durable Metal Key Chain with Key Ring Car Key Accessory
负责人不一致（按TTCA/CA规则后）,706,B0GS8NPN13,KC-24-01,KC-24-01,图图,图图,凯旋,B0GS8NPN13,手机链,"Cute Bow & Pearl Beaded Keychain, Minimalist Dainty Key Chain for Women Girls Daily Use"
负责人不一致（按TTCA/CA规则后）,833,B0GL918DQV,ZD001-White-8/9,ZD001-White-8/9,凯旋,凯旋,公司,B0GL92S6S4,折叠拖鞋001白,"Foldable Flip Flops for Travel, Lightweight Portable Silicone Slippers, Compact Non-Slip Sandals for Home/Hotel/Beach, Comfortable Flexible Footwear for Women & Men"
负责人不一致（按TTCA/CA规则后）,885,B0H2M64575,QC-DB-H-red,QC-DB-H-red,公司,公司,未分配,B0H2MKR6M2,,"Universal 6 Speed Knurled Aluminum Alloy Gear Shift Knob with 4 Adapters, Racing Shifter Head for Car & Sim Racing"
负责人不一致（按TTCA/CA规则后）,1065,B0GSZCYFZR,KC-S3-01,KC-S3-01,图图,图图,凯旋,B0GSZ3WTC8,墨镜,Fashion Sports Sunglasses Polarized UV Protection Lightweight Outdoor Cycling Driving Glasses
负责人不一致（按TTCA/CA规则后）,1076,B0GS8FSLZ6,KC-17-01,KC-17-01,图图,图图,凯旋,B0GS8KFR4R,手机链,Keychain for Men Women - Durable Metal Key Chain with Key Ring Car Key Accessory
负责人不一致（按TTCA/CA规则后）,1077,B0GS8BLWC3,KC-02-01,KC-02-01,图图,图图,凯旋,B0GS8KFR4R,手机链,Keychain for Men Women - Durable Metal Key Chain with Key Ring Car Key Accessory
负责人不一致（按TTCA/CA规则后）,1080,B0GS8NRCB1,KC-13-01,KC-13-01,图图,图图,凯旋,B0GS8KFR4R,手机链,"Lovely Dopamine Color Block Beaded Phone Charm, Handmade Phone Strap for Girls"
负责人不一致（按TTCA/CA规则后）,1198,B0H8PZN871,Pet-XQ-RePur65,Pet-XQ-RePur65,cccady,cccady,未分配,B0HBMV3966,舒缓宠物项圈-紫色,"Pet Collar for Dogs & Cats 65cm, Adjustable Waterproof Collar for Daily Wear"
负责人不一致（按TTCA/CA规则后）,1256,B0H5B96D8Q,WESKCC-wangyanwa-7se,WESKCC-wangyanwa-7se,凯旋,凯旋,cccady,B0H5B4QW8C,,"7 Pairs Men's Ankle Socks, Mesh Short Crew Socks, Multicolor Casual Socks For Daily Wear"
负责人不一致（按TTCA/CA规则后）,1295,B0H4GMMZF3,WESKCC-JSDK-S,WESKCC-JSDK-S,凯旋,凯旋,cccady,B0H4GS8LB8,,"5 Pack Men's Boxer Briefs, Pocket Long Leg Underwear, Multipack Daily Wear Boxers for Male Daily and Travel Scenes Multicolor"
负责人不一致（按TTCA/CA规则后）,1296,B0H4GKPBRT,WESKCC-JSDK-M,WESKCC-JSDK-M,凯旋,凯旋,cccady,B0H4GS8LB8,,"5 Pack Men's Boxer Briefs, Pocket Long Leg Underwear, Multipack Daily Wear Boxers for Male Daily and Travel Scenes Multicolor"
负责人不一致（按TTCA/CA规则后）,1297,B0H4GGWXT6,WESKCC-JSDK-2XL,WESKCC-JSDK-2XL,凯旋,凯旋,cccady,B0H4GS8LB8,,"5 Pack Men's Boxer Briefs, Pocket Long Leg Underwear, Multipack Daily Wear Boxers for Male Daily and Travel Scenes Multicolor"
负责人不一致（按TTCA/CA规则后）,1298,B0H4GPLQQT,WESKCC-JSDK-XL,WESKCC-JSDK-XL,凯旋,凯旋,cccady,B0H4GS8LB8,,"5 Pack Men's Boxer Briefs, Pocket Long Leg Underwear, Multipack Daily Wear Boxers for Male Daily and Travel Scenes Multicolor"
负责人不一致（按TTCA/CA规则后）,1299,B0H4GM7HZM,WESKCC-DK-40,WESKCC-DK-40,凯旋,凯旋,cccady,B0H4GJG5W6,,"20 Pcs Dual Carabiner Clip, S Shaped Double Ended Clip, Small Keychain Hook For Daily And Outdoor Use"
负责人不一致（按TTCA/CA规则后）,1300,B0H4GLZ5VJ,WESKCC-FSD-W20,WESKCC-FSD-W20,凯旋,凯旋,cccady,B0H4GQVGPR,,"Waterproof Dry Bag, Ocean Pack Floating Dry Sack, 20L Storage Bag For Beach And Outdoor Activities（White）"
负责人不一致（按TTCA/CA规则后）,1301,B0H4GHKBZ3,WESKCC-FSD-B20,WESKCC-FSD-B20,凯旋,凯旋,cccady,B0H4GQVGPR,,"Waterproof Dry Bag, Ocean Pack Floating Dry Sack, 20L Storage Bag For Beach And Outdoor Activities(Black"
负责人不一致（按TTCA/CA规则后）,1302,B0H4GK1P4L,WESKCC-CCQ-CHENG,WESKCC-CCQ-CHENG,凯旋,凯旋,cccady,B0H4GJ5ZSP,,"Hand Weeder Tool, Garden Root Remover, Weed Puller with Non Slip Handle for Gardening, Yard Use"
负责人不一致（按TTCA/CA规则后）,1406,B0H2VMZ34L,QCGS-JJLH-FEN,QCGS-JJLH-FEN,公司,公司,未分配,B0H2VQZ9Q7,,"2 Pack Heart‑Shaped Car Pull Ring, Universal Interior Hanging Ornament Strap for Automotive Modification"
负责人不一致（按TTCA/CA规则后）,1407,B0H2VQ3Q3Q,QCGS-EMJLH-FEN,QCGS-EMJLH-FEN,公司,公司,未分配,B0H2VS5ZDY,,"2 Pack Devil‑Horn Heart Car Pull Ring, Universal Interior Hanging Ornament Strap for Automotive Modification"
负责人不一致（按TTCA/CA规则后）,1408,B0H2W18LDF,QCGS-JJLH-HUANG,QCGS-JJLH-HUANG,公司,公司,未分配,B0H2VQZ9Q7,,"2 Pack Heart‑Shaped Car Pull Ring, Universal Interior Hanging Ornament Strap for Automotive Modification"
负责人不一致（按TTCA/CA规则后）,1409,B0H2VKZJ54,QCGS-EMJLH-ZI,QCGS-EMJLH-ZI,公司,公司,未分配,B0H2VS5ZDY,,"2 Pack Devil‑Horn Heart Car Pull Ring, Universal Interior Hanging Ornament Strap for Automotive Modification"
负责人不一致（按TTCA/CA规则后）,1410,B0H2VWV9RW,QCGS-EMJLH-CHENG,QCGS-EMJLH-CHENG,公司,公司,未分配,B0H2VS5ZDY,,"2 Pack Devil‑Horn Heart Car Pull Ring, Universal Interior Hanging Ornament Strap for Automotive Modification"
负责人不一致（按TTCA/CA规则后）,1411,B0H2VSKN7F,QCGS-JJLH-HEI,QCGS-JJLH-HEI,公司,公司,未分配,B0H2VQZ9Q7,,"2 Pack Heart‑Shaped Car Pull Ring, Universal Interior Hanging Ornament Strap for Automotive Modification"
负责人不一致（按TTCA/CA规则后）,1412,B0H2VTQS3F,QCGS-EMJLH-HEI,QCGS-EMJLH-HEI,公司,公司,未分配,B0H2VS5ZDY,,"2 Pack Devil‑Horn Heart Car Pull Ring, Universal Interior Hanging Ornament Strap for Automotive Modification"
负责人不一致（按TTCA/CA规则后）,1413,B0H2VVGG57,QCGS-EMJLH-HONG,QCGS-EMJLH-HONG,公司,公司,未分配,B0H2VS5ZDY,,"2 Pack Devil‑Horn Heart Car Pull Ring, Universal Interior Hanging Ornament Strap for Automotive Modification"
负责人不一致（按TTCA/CA规则后）,1414,B0H2W19WRK,QCGS-JJLH-ZI,QCGS-JJLH-ZI,公司,公司,未分配,B0H2VQZ9Q7,,"2 Pack Heart‑Shaped Car Pull Ring, Universal Interior Hanging Ornament Strap for Automotive Modification"
负责人不一致（按TTCA/CA规则后）,1415,B0H2VYT46B,QCGS-JJLH-HONG,QCGS-JJLH-HONG,公司,公司,未分配,B0H2VQZ9Q7,,"2 Pack Heart‑Shaped Car Pull Ring, Universal Interior Hanging Ornament Strap for Automotive Modification"
负责人不一致（按TTCA/CA规则后）,1416,B0H2VWDGDY,QCGS-EMJLH-HUANG,QCGS-EMJLH-HUANG,公司,公司,未分配,B0H2VS5ZDY,,"2 Pack Devil‑Horn Heart Car Pull Ring, Universal Interior Hanging Ornament Strap for Automotive Modification"
负责人不一致（按TTCA/CA规则后）,1417,B0H2VQBKQ5,QCGS-JJLH-CHENG,QCGS-JJLH-CHENG,公司,公司,未分配,B0H2VQZ9Q7,,"2 Pack Heart‑Shaped Car Pull Ring, Universal Interior Hanging Ornament Strap for Automotive Modification"
负责人不一致（按TTCA/CA规则后）,1418,B0H2W2GKRX,QCGS-JJLH-LAN,QCGS-JJLH-LAN,公司,公司,未分配,B0H2VQZ9Q7,,"2 Pack Heart‑Shaped Car Pull Ring, Universal Interior Hanging Ornament Strap for Automotive Modification"
负责人不一致（按TTCA/CA规则后）,1419,B0H2VTP5KN,QCGS-JJLH-BAI,QCGS-JJLH-BAI,公司,公司,未分配,B0H2VQZ9Q7,,"2 Pack Heart‑Shaped Car Pull Ring, Universal Interior Hanging Ornament Strap for Automotive Modification"
负责人不一致（按TTCA/CA规则后）,1420,B0H2VTK3T7,QCGS-EMJLH-LAN,QCGS-EMJLH-LAN,公司,公司,未分配,B0H2VS5ZDY,,"2 Pack Devil‑Horn Heart Car Pull Ring, Universal Interior Hanging Ornament Strap for Automotive Modification"
负责人不一致（按TTCA/CA规则后）,1421,B0H2VWHK76,QCGS-JJLH-LV,QCGS-JJLH-LV,公司,公司,未分配,B0H2VQZ9Q7,,"2 Pack Heart‑Shaped Car Pull Ring, Universal Interior Hanging Ornament Strap for Automotive Modification"
负责人不一致（按TTCA/CA规则后）,1422,B0H2VYZ6DR,QCGS-EMJLH-BAI,QCGS-EMJLH-BAI,公司,公司,未分配,B0H2VS5ZDY,,"2 Pack Devil‑Horn Heart Car Pull Ring, Universal Interior Hanging Ornament Strap for Automotive Modification"
负责人不一致（按TTCA/CA规则后）,1423,B0H2MC5MF1,QC-DB1-HUANG,QC-DB1-HUANG,公司,公司,未分配,B0H2M92GVQ,,"Cylindrical Ergonomic Shift Knob Kit, Universal Manual Gear Shifter with Multi‑Thread Adapters for Automotive Interior Modification（Yellow）"
负责人不一致（按TTCA/CA规则后）,1424,B0H2MLPNXN,QC-DB-H-purple,QC-DB-H-purple,公司,公司,未分配,B0H2MKR6M2,,"Universal 6 Speed Knurled Aluminum Alloy Gear Shift Knob with 4 Adapters, Racing Shifter Head for Car & Sim Racing"
负责人不一致（按TTCA/CA规则后）,1425,B0H2MFXLCV,QC-DB-CHUNTANHEI-5,QC-DB-CHUNTANHEI-5,公司,公司,未分配,B0H2MFXLCV,,"5 Speed Carbon Fiber Shift Knob Kit, Universal Manual Gear Shifter with Multi‑Thread Adapters for Automotive Interior Modification"
负责人不一致（按TTCA/CA规则后）,1426,B0H2ML4H8V,QC-DB1-YIN,QC-DB1-YIN,公司,公司,未分配,B0H2M92GVQ,,"Cylindrical Ergonomic Shift Knob Kit, Universal Manual Gear Shifter with Multi‑Thread Adapters for Automotive Interior Modification（Sliver）"
负责人不一致（按TTCA/CA规则后）,1531,B0H2MCCNWQ,QC-DB-P-red,QC-DB-P-red,公司,公司,未分配,B0H2M7R4K1,,"Gear Shift Knob, 6 Speed Manual Shifter Head, Universal Gear Lever for Car Interior Upgrade and Sim Racing Setup"
负责人不一致（按TTCA/CA规则后）,1532,B0H2MFKCHC,QC-DB-P-black,QC-DB-P-black,公司,公司,未分配,B0H2M7R4K1,,"Gear Shift Knob, 6 Speed Manual Shifter Head, Universal Gear Lever for Car Interior Upgrade and Sim Racing Setup"
负责人不一致（按TTCA/CA规则后）,1533,B0H2MHKVXY,QC-DB-H-titanium,QC-DB-H-titanium,公司,公司,未分配,B0H2MKR6M2,,"Universal 6 Speed Knurled Aluminum Alloy Gear Shift Knob with 4 Adapters, Racing Shifter Head for Car & Sim Racing"
负责人不一致（按TTCA/CA规则后）,1534,B0H2M7H16K,QC-DB-H-blue,QC-DB-H-blue,公司,公司,未分配,B0H2MKR6M2,,"Universal 6 Speed Knurled Aluminum Alloy Gear Shift Knob with 4 Adapters, Racing Shifter Head for Car & Sim Racing"
负责人不一致（按TTCA/CA规则后）,1535,B0H2M8YB9B,QC-DB-H-yellow,QC-DB-H-yellow,公司,公司,未分配,B0H2MKR6M2,,"Universal 6 Speed Knurled Aluminum Alloy Gear Shift Knob with 4 Adapters, Racing Shifter Head for Car & Sim Racing"
负责人不一致（按TTCA/CA规则后）,1536,B0H2MB6LYG,QC-DB-P-yellow,QC-DB-P-yellow,公司,公司,未分配,B0H2M7R4K1,,"Gear Shift Knob, 6 Speed Manual Shifter Head, Universal Gear Lever for Car Interior Upgrade and Sim Racing Setup"
负责人不一致（按TTCA/CA规则后）,1537,B0H2MFDX56,QC-DB-P-titanium,QC-DB-P-titanium,公司,公司,未分配,B0H2M7R4K1,,"Gear Shift Knob, 6 Speed Manual Shifter Head, Universal Gear Lever for Car Interior Upgrade and Sim Racing Setup"
负责人不一致（按TTCA/CA规则后）,1538,B0H2MBPYM5,QC-DB1-ZI,QC-DB1-ZI,公司,公司,未分配,B0H2M92GVQ,,"Cylindrical Ergonomic Shift Knob Kit, Universal Manual Gear Shifter with Multi‑Thread Adapters for Automotive Interior Modification（Purple）"
负责人不一致（按TTCA/CA规则后）,1539,B0H2MHTD2C,QC-DB1-HEI,QC-DB1-HEI,公司,公司,未分配,B0H2M92GVQ,,"Cylindrical Ergonomic Shift Knob Kit, Universal Manual Gear Shifter with Multi‑Thread Adapters for Automotive Interior Modification（Black）"
负责人不一致（按TTCA/CA规则后）,1540,B0H2M7XWFY,QC-DB1-TAI,QC-DB1-TAI,公司,公司,未分配,B0H2M92GVQ,,"Cylindrical Ergonomic Shift Knob Kit, Universal Manual Gear Shifter with Multi‑Thread Adapters for Automotive Interior Modification（Titanium）"
负责人不一致（按TTCA/CA规则后）,1541,B0H2M6FD68,QC-DB1-LAN,QC-DB1-LAN,公司,公司,未分配,B0H2M92GVQ,,"Cylindrical Ergonomic Shift Knob Kit, Universal Manual Gear Shifter with Multi‑Thread Adapters for Automotive Interior Modification（Blue）"
负责人不一致（按TTCA/CA规则后）,1542,B0H2M9D7VW,QC-DB-P-purple,QC-DB-P-purple,公司,公司,未分配,B0H2M7R4K1,,"Gear Shift Knob, 6 Speed Manual Shifter Head, Universal Gear Lever for Car Interior Upgrade and Sim Racing Setup"
负责人不一致（按TTCA/CA规则后）,1543,B0H2M5D1FD,QC-DB-P-silver,QC-DB-P-silver,公司,公司,未分配,B0H2M7R4K1,,"Gear Shift Knob, 6 Speed Manual Shifter Head, Universal Gear Lever for Car Interior Upgrade and Sim Racing Setup"
负责人不一致（按TTCA/CA规则后）,1544,B0H2MFRSCN,QC-DB1-HONG,QC-DB1-HONG,公司,公司,未分配,B0H2M92GVQ,,"Cylindrical Ergonomic Shift Knob Kit, Universal Manual Gear Shifter with Multi‑Thread Adapters for Automotive Interior Modification（Red）"
负责人不一致（按TTCA/CA规则后）,1545,B0H2MBZVHZ,QC-DB-P-rainbow,QC-DB-P-rainbow,公司,公司,未分配,B0H2M7R4K1,,"Gear Shift Knob, 6 Speed Manual Shifter Head, Universal Gear Lever for Car Interior Upgrade and Sim Racing Setup"
负责人不一致（按TTCA/CA规则后）,1546,B0H2MD98QV,QC-DB-P-blue,QC-DB-P-blue,公司,公司,未分配,B0H2M7R4K1,,"Gear Shift Knob, 6 Speed Manual Shifter Head, Universal Gear Lever for Car Interior Upgrade and Sim Racing Setup"
负责人不一致（按TTCA/CA规则后）,2113,B0H6FFS6B2,QC-DB-H-silver1,QC-DB-H-silver1,公司,公司,未分配,B0H2MKR6M2,,"Universal 6 Speed Knurled Aluminum Alloy Gear Shift Knob with 4 Adapters, Racing Shifter Head for Car & Sim Racing"
负责人不一致（按TTCA/CA规则后）,2157,B0H5B69771,WESKCC-SHD1-1,WESKCC-SHD1-1,凯旋,凯旋,cccady,B0H5BLYBBJ,,"Squishy Egg, Stress Relief Squeeze Ball, Transparent Double Yolk Fidget for Office Desk"
负责人不一致（按TTCA/CA规则后）,2607,B0H2MFFPB1,QC-DB-H-rainbow,QC-DB-H-rainbow,公司,公司,未分配,B0H2MKR6M2,,"Universal 6 Speed Knurled Aluminum Alloy Gear Shift Knob with 4 Adapters, Racing Shifter Head for Car & Sim Racing"
负责人不一致（按TTCA/CA规则后）,2871,B0GXB3K6XF,KCC-LSP-23PCS,KCC-LSP-23PCS,凯旋,凯旋,图图,B0GXB34H7B,23PCS电讯维修批组套,"23-Piece Precision Screwdriver Set with Flexible Shaft, Multi-Bit Electronics Repair Tool Kit with Green Storage Case for Phone, Laptop, Appliance and Home DIY"
负责人不一致（按TTCA/CA规则后）,3065,B0GS89ZDRB,KC-20,KC-20,图图,图图,未分配,B0GS89ZDRB,,Beaded Digital Camera Keychain - Cute Wrist Strap Key Chain for Phone Bag Wallet Charm
负责人不一致（按TTCA/CA规则后）,3066,B0GS8H528L,KC-13,KC-13,图图,图图,未分配,B0GS8H528L,,"Lovely Dopamine Color Block Beaded Phone Charm, Handmade Phone Strap for Girls"
负责人不一致（按TTCA/CA规则后）,3067,B0GS8FNNPV,KC-19,KC-19,图图,图图,未分配,B0GS8FNNPV,,Beaded Keychain Wrist Strap - Cute Camera Phone Charm Key Chain for Bag Wallet Accessories
负责人不一致（按TTCA/CA规则后）,3068,B0GS8BSV8N,KC-09,KC-09,图图,图图,未分配,B0GS8BSV8N,,Beaded Keyring Wrist Strap - Cute Key Chain for Camera Phone Bag Wallet Charm
负责人不一致（按TTCA/CA规则后）,3069,B0GS8LV62P,KC-04,KC-04,图图,图图,未分配,B0GS8LV62P,,Anti-Lost Key Chain Keyring - Durable Keychain for Car Home Keys with Quick Clip
负责人不一致（按TTCA/CA规则后）,3070,B0GS977XDT,KC-18,KC-18,图图,图图,未分配,B0GS977XDT,,Fashion Keychains for Women Men - Trendy Key Chain with Key Ring Daily Accessory
负责人不一致（按TTCA/CA规则后）,3071,B0GS8H61LY,KC-03,KC-03,图图,图图,未分配,B0GS8H61LY,,Tactical Key Chain for Men - Heavy Duty Keyring Keychains for Outdoor Work
负责人不一致（按TTCA/CA规则后）,3072,B0GS8R22B2,KC-17,KC-17,图图,图图,未分配,B0GS8R22B2,,Cute Keychain for Women - Stylish Key Chain with Charm for Purse Bag Accessories
负责人不一致（按TTCA/CA规则后）,3073,B0GS8V6Q47,KC-23,KC-23,图图,图图,未分配,B0GS8V6Q47,,"Cute Bow & Pearl Beaded Keychain, Minimalist Dainty Key Chain for Women Girls Daily Use"
负责人不一致（按TTCA/CA规则后）,3074,B0GS8L55J6,KC-08,KC-08,图图,图图,未分配,B0GS8L55J6,,Portable Beaded Key Chain - Cute Bracelet Lanyard for Camera Phone Keyring Wallet
负责人不一致（按TTCA/CA规则后）,3075,B0GS8H6C5T,KC-26,KC-26,图图,图图,未分配,B0GS8H6C5T,,"Kawaii Dopamine Beaded Phone Lanyard, Colorful Cute Phone Charm for Phone Case"
负责人不一致（按TTCA/CA规则后）,3076,B0GS8XLFP4,KC-10,KC-10,图图,图图,未分配,B0GS8XLFP4,,Cute Keychain for Women - Beaded Key Chain Wrist Strap for Bag Phone
负责人不一致（按TTCA/CA规则后）,3077,B0GS8GRGDQ,KC-06,KC-06,图图,图图,未分配,B0GS8GRGDQ,,Colorful Beaded Key Chain - Cute Bracelet Wrist Strap for Camera Phone Keyring Accessory
负责人不一致（按TTCA/CA规则后）,3078,B0GS8M2RT3,KC-25,KC-25,图图,图图,未分配,B0GS8M2RT3,,Beaded Keyring Wrist Strap - Cute Key Chain for Camera Phone Bag Wallet Charm
负责人不一致（按TTCA/CA规则后）,3079,B0GS91FBBX,KC-16,KC-16,图图,图图,未分配,B0GS91FBBX,,Multi-Purpose Key Chains - Heavy Duty Keyring for Car Home Office Keys Accessories
负责人不一致（按TTCA/CA规则后）,3080,B0GS84GZ91,KC-02,KC-02,图图,图图,未分配,B0GS84GZ91,,Classic Key Chain Keyring Set - Stainless Steel Keychains for Daily Use & Gift
负责人不一致（按TTCA/CA规则后）,3081,B0GS8XDQG4,KC-24,KC-24,图图,图图,未分配,B0GS8XDQG4,,"Cute Bow & Pearl Beaded Keychain, Minimalist Dainty Key Chain for Women Girls Daily Use"
负责人不一致（按TTCA/CA规则后）,3082,B0GS8S5Z6Y,KC-27,KC-27,图图,图图,未分配,B0GS8S5Z6Y,,"Lovely Dopamine Color Block Beaded Phone Charm, Handmade Phone Strap for Girls"
负责人不一致（按TTCA/CA规则后）,3083,B0GS8XRC56,KC-07,KC-07,图图,图图,未分配,B0GS8XRC56,,Handmade Beaded Key Chain - Cute Charm Wrist Strap for Camera Phone Keyring Bag
负责人不一致（按TTCA/CA规则后）,3084,B0GS8543YS,KC-22,KC-22,图图,图图,未分配,B0GS8543YS,,Camera & Phone Beaded Keychain - Cute Wrist Strap Key Chain for Bag Wallet Accessory
