问题,行号,ASIN,MSKU,Listing负责人,工具负责人,父ASIN,品名,标题
工具未内置该 ASIN,7,B0GTTZQDFY,KCC-qicheruanmaoshua-chang,凯旋,,B0GTKNBJ45,汽车内饰软毛刷,"Car Interior Soft Brush Set, Long + Short Handle Combo, Lint-Free Microfiber Bristles, Scratch-Free Cleaning Brushes for Car Dashboard, Air Vents, Seats, Console, Windows"
工具未内置该 ASIN,17,B0H9WXTDJP,KCC-MYQ-NG,凯旋,,B0H94R2RMG,沐浴球,"Yellow Pumpkin Bath Loofah Ball, Soft Mesh Shower Sponge, Rich Foam Body Scrubber for Women and Daily Bathing, 6.3 Inch"
工具未内置该 ASIN,39,B0HCBF3H82,KCC-SQQJS1-2,凯旋,,B0H4F84574,神奇清洁刷,"2 Pack Reusable Rubber Rust Remover Eraser, Multipurpose Stain Limescale Eraser for Faucet Sink Iron Metal Surface Cleaning"
工具未内置该 ASIN,40,B0HBWCJLYN,KCC-YJH-HH,凯旋,,B0H2HJTZ7S,眼镜盒,"Colorful Mandala Bohemian Neoprene Sunglasses Case, Soft Zipper Shock Resistant Eyeglass Storage Pouch, Lightweight Travel Protective Glasses Bag For Optical Glasses & Sunglasses"
工具未内置该 ASIN,67,B0HC469Y3C,TTCA-Towel-grey,cccady,,B0HC46CXJ3,冷感运动毛巾-灰色,"Cooling Sports Towel, Quick Dry Fitness Towel for Gym Yoga Running Camping Golf Hiking Travel and Workouts, Gray"
工具未内置该 ASIN,68,B0H9XV761M,KCC-XHYBJ-ZUO,凯旋,,B0H9Y63FP1,小黄鸭摆件,"Angry Yellow Duck Figurine, 3D Printed Mini Desktop Duck Ornament, Funny Cartoon Desk Decoration, Sitting"
工具未内置该 ASIN,69,B0H9XXXNYF,KCC-XHYBJ-ZHAN,凯旋,,B0H9Y63FP1,小黄鸭摆件,"Angry Yellow Duck Figurine, 3D Printed Mini Desktop Duck Ornament, Funny Cartoon Desk Decoration, Standing"
工具未内置该 ASIN,70,B0H9WHHVRL,KCC-NMJT-1,凯旋,,B0H94T31LX,纳米胶贴,"1 mm Thick x 3 cm Wide x 1 m Long, 3.8 cm Core，Clear Double Sided Nano Tape, Waterproof Removable Acrylic Mounting Tape, Trial Pack"
工具未内置该 ASIN,99,B0HC4GC85N,TTCA-Towel-pink,cccady,,B0HC46CXJ3,冷感运动毛巾-粉色,"Cooling Sports Towel, Quick Dry Fitness Towel for Gym Yoga Running Camping Golf Hiking Travel and Workouts, Pink"
工具未内置该 ASIN,100,B0HC48VRVJ,TTCA-Fishtail-Ribbon-Wit,cccady,,B0HC4829W2,鱼尾纱花束包装纸-白色-无卷芯,"Fishtail Ribbon Trim, Aurora White Bouquet Wrap Tie for Floral Arrangements, Gift Packaging, DIY Craft Decor"
工具未内置该 ASIN,101,B0HBW1TV45,KCC-YJH-MTL,凯旋,,B0H2HJTZ7S,眼镜盒,"Boho Mandala Print Neoprene Sunglasses Case, Soft Zipper Eyeglass Storage Pouch With Detachable Carabiner, Shock Resistant Travel Protective Glasses Bag For Optical & Sun Glasses"
工具未内置该 ASIN,102,B0HB4QYX2H,KCC-SCGL-Y,凯旋,,B0HB4NDTFT,水槽过滤,"Stainless Steel Sink Strainer Basket, Kitchen Sink Drain Filter Mesh Basket for Food Scraps, Reusable Drain Catcher, Stainless Steel Color, 4.33 Inch"
工具未内置该 ASIN,1127,B0HCBBZT8S,KCC-ZWBD-20MM,凯旋,,B0H1VK6P8V,植物绑带,"Plant Tie Tape Roll 0.79 in x 9.84 ft, Reusable Adjustable Plant Securing Tape, Cut‑to‑Length Stem Bundling Strap For Houseplant, Patio & Garden Branch Fixing Vine Shaping"
工具未内置该 ASIN,1128,B0HCBHQJZT,KCC-MTTZ-CAT,凯旋,,B0HCBHQJZT,垃圾桶贴纸,"Rectangular Throw Pillow Cover, Funny Black Cat Printed Cushion Sleeve with Humorous Quote, Envelope Closure Decorative Pillow Case for Sofa and Bedroom Indoor Space"
工具未内置该 ASIN,1129,B0HCBC3KXJ,KCC-SQQJS1-BAI,凯旋,,B0H4F84574,神奇清洁刷,"Reusable Rubber Rust Remover Eraser, Multipurpose Stain Limescale Eraser for Faucet Sink Iron Metal Surface Cleaning"
工具未内置该 ASIN,1130,B0HCB96BSC,KCC-SQQJS1-LAN,凯旋,,B0H4F84574,神奇清洁刷,"Reusable Rubber Rust Remover Eraser, Multipurpose Stain Limescale Eraser for Faucet Sink Iron Metal Surface Cleaning"
工具未内置该 ASIN,1131,B0HC6MWL5L,KCC-JBPK-J,凯旋,,B0HC6KRM4N,金箔扑克,"Gold Foil Playing Cards, Rose Back Poker Deck, Gold Color Variant for Parties, Travel Card Games, 3.74 X 2.17 Inch"
工具未内置该 ASIN,1132,B0HC6SR8TN,KCC-MJCT-H-V1,凯旋,,B0HB5463QH,美甲锉条,"2 Pcs Nail Files, Black 50 Count Double Sided 100/180 Grit Manicure Files for Shaping Buffing Salon and Home Use"
工具未内置该 ASIN,1133,B0HC6NSFC2,TTCA-RepotMat-Green-50-R,cccady,,B0HC6NHLPF,,"Repotting Mat for Indoor Gardening, Green Square Plant Transplanting Pad with Snap Corners, Potting Work Surface"
工具未内置该 ASIN,1134,B0HC5WX6KQ,KCC-YXMQ-W,凯旋,,B0HC5PNQYC,眼线棉签,"Pointed Makeup Swabs, White Precision Tip Applicators for Eyeliner Cleanup, Brow Shaping, Nail Art Touch Ups, 2.76 Inch"
工具未内置该 ASIN,1135,B0HC3ZH22D,TTCA-Towel-green,cccady,,B0HC46CXJ3,冷感运动毛巾-绿色,"Cooling Sports Towel, Quick Dry Fitness Towel for Gym Yoga Running Camping Golf Hiking Travel and Workouts, Green"
工具未内置该 ASIN,1136,B0HC3ZWK92,TTCA-Fishtail-Ribbon-Purp,cccady,,B0HC3ZWK92,,"Fishtail Ribbon Trim, Purple Bouquet Wrap Tie for Floral Arrangements, Gift Packaging, DIY Craft Decor"
工具未内置该 ASIN,1137,B0HC3ZPC6H,TTCA-Fishtail-Ribbon-Pik,cccady,,B0HC3ZPC6H,鱼尾纱花束包装纸-粉色-无卷芯,"Fishtail Ribbon Trim, Pink Bouquet Wrap Tie for Floral Arrangements, Gift Packaging, DIY Craft Decor"
工具未内置该 ASIN,1138,B0HC4BHN2H,TTCA-Shakerbottle-Green,cccady,,B0HC4BHN2H,,"Protein Shaker Bottle 350 ML, Leak Proof Fitness Mixer Cup for Gym Workout Smoothies and Meal Prep, Green"
工具未内置该 ASIN,1139,B0HC3Z7M1X,TTCA-Shakerbottle-Black,cccady,,B0HC3Z7M1X,,"Protein Shaker Bottle 350 ML, Leak Proof Fitness Mixer Cup for Gym Workout Smoothies and Meal Prep, Black"
工具未内置该 ASIN,1140,B0HC4CCJX8,TTCA-Shakerbottle-Pink,cccady,,B0HC4CCJX8,,"Protein Shaker Bottle 350 ML, Leak Proof Fitness Mixer Cup for Gym Workout Smoothies and Meal Prep, Pink"
工具未内置该 ASIN,1141,B0HC4C269F,TTCA-Clips-Brown-50,cccady,,B0HC4C269F,,"Garden Plant Clips, Brown Orchid Stem Support Clamps for Vine Training, Flower Stake Holders, 50 Count Pack"
工具未内置该 ASIN,1142,B0HC4C99XC,TTCA-Clips-Green-50,cccady,,B0HC4C99XC,,"Garden Plant Clips, Green Orchid Stem Support Clamps for Vine Training, Flower Stake Holders, 50 Count Pack"
工具未内置该 ASIN,1143,B0HC48FQDN,TTCA-Clips-White-50,cccady,,B0HC48FQDN,,"Garden Plant Clips, White Orchid Stem Support Clamps for Vine Training, Flower Stake Holders, 50 Count Pack"
工具未内置该 ASIN,1144,B0HC426YLT,TTCA-PetXQ-Airlight-WHITE,cccady,,B0HC426YLT,,"Luminous Pet Collar with Tracker Holder, Breakaway Cat Collar for Small Pets, Night Visibility, Daily Wear, White"
工具未内置该 ASIN,1145,B0HC42KHMP,TTCA-PetXQ-Airlight-PINK,cccady,,B0HC42KHMP,,"Luminous Pet Collar with Tracker Holder, Breakaway Cat Collar for Small Pets, Night Visibility, Daily Wear, Pink"
工具未内置该 ASIN,1146,B0HC3LRX15,TTCA-Sperators-Pearl,cccady,,B0HC3RND7T,,"Toe Separators for Pedicure, Pearl Toe Spacers, Reusable Nail Care Tool for Foot Grooming and Polish"
工具未内置该 ASIN,1147,B0HC3DJTF1,TTCA-Sperators-Flower-Pik,cccady,,B0HC3RND7T,,"Toe Separators for Pedicure, Orange Flower Toe Spacers, Reusable Nail Care Tool for Foot Grooming and Polish"
工具未内置该 ASIN,1148,B0HC3J2F63,TTCA-PetToy-Feather-R,cccady,,B0HC3J2F63,,"Cat Feather Toy, Interactive Pet Chew Item for Indoor Play and Activity, Feather Style, Beige Small Style"
工具未内置该 ASIN,1149,B0HC3B175R,TTCA-Washbag-Grey,cccady,,B0HC3BQX2D,防水洗漱包-灰色-大号,"Waterproof Toiletry Bag, Large Travel Makeup Organizer Pouch for Gym, Swimming, Beach, Bathroom Storage, Transparent Gray"
工具未内置该 ASIN,1150,B0HC3FKH5W,TTCA-Washbag-White,cccady,,B0HC3BQX2D,防水洗漱包-白色-大号,"Waterproof Toiletry Bag, Large Travel Makeup Organizer Pouch for Gym, Swimming, Beach, Bathroom Storage, Transparent White"
工具未内置该 ASIN,1151,B0HC2V5GCS,SP-huaben-mi,图图,,B0HC2WNV33,,"Secret Garden Adult Coloring Book, Intricate Floral Pattern Colouring Pages, Stress Relief Anxiety Calming Art Drawing Book for Relaxation"
工具未内置该 ASIN,1152,B0HC2J31HX,SP-xiedai-cai,图图,,B0HBWN8JGN,,"12 Pack No Tie Silicone Shoe Laces, Quick Lock Elastic Lazy Shoelaces, Replacement Laces for Sneakers Canvas Casual Shoes"
工具未内置该 ASIN,1153,B0H94G5KPB,SP-FDB-1,图图,,B0H94NK69W,,"Interlocking Silver Mirror Wind Sequin Wall Panels, DIY Splicable Shiny Decor Tiles for Home Wall, Wedding Photo Backdrop Party Background"
工具未内置该 ASIN,1154,B0HBWX6FX1,SP-xiedai-bai,图图,,B0HBWN8JGN,,"12 Pack No Tie Silicone Shoe Laces, Quick Lock Elastic Lazy Shoelaces, Replacement Laces for Sneakers Canvas Casual Shoes"
工具未内置该 ASIN,1155,B0HBWRHXFD,SP-fangtangjia-1hong,图图,,B0H1QP7PPS,,"3 in 1 Anti-Scald Plate Clip, Multifunctional Kitchen Bowl Gripper with Bottle Opener, Non Slip Heat Resistant Dish Lifter"
工具未内置该 ASIN,1156,B0HBWQ2R9B,CA-Sock-S5-Green-R2,cccady,,B0HBWLJMSK,,"Women's Non-Slip Five-Toe Yoga Grip Socks for Pilates Barre Dance, Low Cut Studio Toe Socks, One Pair, Green"
工具未内置该 ASIN,1157,B0HBWSQ1YW,CA-Sock-S5-Purple-R2,cccady,,B0HBWLJMSK,,"Women's Non-Slip Five-Toe Yoga Grip Socks for Pilates Barre Dance, Low Cut Studio Toe Socks, One Pair, Purple"
工具未内置该 ASIN,1158,B0HBVDJCH3,KCC-DGNBXQ-1,凯旋,,B0HBVCXLJ5,多功能剥线器,"Multi Function Wire Stripper Pliers, Spring Loaded Generic Electrician Tool For Wire Stripping Cutting Crimping Household Circuit Repair"
工具未内置该 ASIN,1159,B0HBBP7ZRS,KCC-DBJLLSD-B,凯旋,,B0H94PTFMM,短柄棘轮螺丝刀,"13-in-1 Short Handle Ratchet Screwdriver Set, Black Mini Magnetic Screwdriver with 12 Bits and Magnetizer, 6mm Bit Holder"
工具未内置该 ASIN,1160,B0HB8XWH14,SP-motuochanrao-1,图图,,B0HB8YQ8Z7,,"Motorcycle Handlebar Wrap Grips, Anti-Slip Breathable Hand Grip Tape for Motorcycles, Scooters, Bikes, 1/2 Pack Universal Handlebar Covers"
工具未内置该 ASIN,1161,B0HB9CYXZR,SP-motuochanrao-2,图图,,B0HB8YQ8Z7,,"Motorcycle Handlebar Wrap Grips, Anti-Slip Breathable Hand Grip Tape for Motorcycles, Scooters, Bikes, 1/2 Pack Universal Handlebar Covers"
工具未内置该 ASIN,1162,B0HB8Q4WQG,SP-juanfacao-6,图图,,B0HB8YXNJW,,"6 Pack Strawberry Sponge Hair Curlers, No Heat Sleep-in Foam Rollers for Big Wavy Hair"
工具未内置该 ASIN,1163,B0HB8WFKVH,SP-juanfacao-1,图图,,B0HB8YXNJW,,"1 Pack Strawberry Sponge Hair Curler, No Heat Sleep-in Foam Roller for Big Wavy Hair"
工具未内置该 ASIN,1164,B0HB4LWQZ9,SP-kaipijiu-1,图图,,B0HD79BH6P,,"2 Pack Ace of Spades Bottle Openers, Stainless Steel Credit Card Style Beer Opener, Portable Poker Card Shaped Bottle Opener for Bar Kitchen Party"
工具未内置该 ASIN,1165,B0HB4TXXNR,SP-zhijiaci-hei2,图图,,B0H9YDPSPX,,"Foldable Silicone Phone Stand, Adjustable Portable Cell Phone Holder with Random Lanyard, Roll Up Pocket Mount for Travel Home Office Video Call"
工具未内置该 ASIN,1166,B0HB4SFQYB,SP-maojin-dae,图图,,B0GVR5WKNS,,"2 Pack Cute Duck Hanging Hand Towels, Ultra Absorbent Quick Dry Microfiber Towels, Soft Cartoon Cloth for Kitchen Bathroom Sink Home Decor"
工具未内置该 ASIN,1167,B0HB48JQCY,KCC-BXTJ-5,凯旋,,B0HB49JPCY,冰箱贴夹,"Multicolor Magnetic Bag Sealer, 5 Pack Fridge Magnet Clips, 30 x 75 mm"
工具未内置该 ASIN,1168,B0H9Y9SYT6,SP-kaidan-huang21,图图,,B0H94TYLWT,,"Manual Egg Cracker Tool With Matching Silicone Egg Poacher Cups, Multicolor Kitchen Egg Cooking Gadget Set For Breakfast Baking"
工具未内置该 ASIN,1169,B0H9YG76P6,KCC-BXGQJS-Y,凯旋,,B0H9Y6VC4L,不锈钢清洁刷,"Stainless Steel Pot Cleaning Brush, Long Handle Wire Scrub Brush for Kitchen Pans, Durable Rust Resistant Dish Scrubber, Silver, 7.9 Inch"
工具未内置该 ASIN,1170,B0H9YC58LD,SP-qingjieduocen-1,图图,,B0HB4KVWBG,,"2-in-1 Kitchen Cleaning Cloth Set, Peelable Rainbow Layer Sponge Wipe & Metal Wire Cleaning Cloth for Pots, Sinks & Tabletops"
工具未内置该 ASIN,1171,B0H9YBTZFY,SP-zhijiaci-fen2,图图,,B0H9YDPSPX,,"Foldable Silicone Phone Stand, Adjustable Portable Cell Phone Holder with Random Lanyard, Roll Up Pocket Mount for Travel Home Office Video Call"
工具未内置该 ASIN,1172,B0H9WK3DTW,KCC-LXQ-B,凯旋,,B0H94TT4GW,理线器,"Adhesive Cable Organizer Ties, 10 Pack Black 3M Backed Hook and Loop Cable Management Straps, 30 x 90 mm"
工具未内置该 ASIN,1173,B0H9WLXF2K,KCC-NMJT-10,凯旋,,B0H94T31LX,纳米胶贴,"1 mm Thick x 3 cm Wide x 5 m Long, 3.8 cm Core，Clear Double Sided Nano Tape, Waterproof Removable Acrylic Mounting Tape, Regular Pack"
工具未内置该 ASIN,1174,B0H9WP8QXB,KCC-SJWB-Black,凯旋,,B0H9WGMWB1,,"Generic Multifunctional Ergonomic Phone Grip, Pinky Finger Support, Stress Relief Ring Grip Phone Holder, Black"
工具未内置该 ASIN,1175,B0H9RF8V1Q,KCC-FPhei-11,凯旋,,B0H9RF8V1Q,,"2 Pack White Caulk Tape, Toilet Seal Strip with Black Tool for Bathroom Base, Sink, Shower, Bathtub Edge and Countertop"
工具未内置该 ASIN,1176,B0H9RJLTQW,KCC-FPfen-1,凯旋,,B0H9RJLTQW,,"2 Pack Powder Puff, Makeup Sponge, Sample Size Face Applicator for Loose Powder, Foundation, Travel And Vanity Routines"
工具未内置该 ASIN,1177,B0H9LCRG1W,SP-fashua-3,图图,,B0H9LG9BSZ,,"Wide Tooth Styling Comb, Anti Static Detangling Hair Comb for Curly Thick Wavy Hair, Salon Home Hair Care Accessory"
工具未内置该 ASIN,1178,B0H9L6XDLW,SP-fashua-1,图图,,B0H9LG9BSZ,,"Wide Tooth Styling Comb, Anti Static Detangling Hair Comb for Curly Thick Wavy Hair, Salon Home Hair Care Accessory"
工具未内置该 ASIN,1179,B0H9KTC2GL,WESSP-shouzhibaohu-1,图图,,B0H9KQD27V,2店手指保护套6,"Ergonomic Silicone Thumb Picking Sleeve, Non-Slip Finger Guard for Garden Fruit Vegetable Harvesting"
工具未内置该 ASIN,1746,B0GXVNL9MH,KCC-FPFH-1,凯旋,,B0GXVNL9MH,,"2 Pack Triangle Powder Puff, Mini Finger Makeup Puff for Loose Setting, Pressed Powder, Foundation Touch Ups in Travel Bags"
工具未内置该 ASIN,1814,B0HDCSSFLZ,KCC-MYQ-QP,凯旋,,B0H94R2RMG,沐浴球,"Bath Loofah, Shower Pouf Body Sponge for Bath, Shower, Travel, and Guest Room Use with Playful Face Design."
工具未内置该 ASIN,1815,B0HDCSTJKZ,KCC-MYQ-XY,凯旋,,B0H94R2RMG,沐浴球,"Bath Loofah, Shower Pouf Body Sponge for Bath, Shower, Travel, and Guest Room Use with Winking Face Design."
工具未内置该 ASIN,1816,B0HDCMSPC6,KCC-MYQ-MY,凯旋,,B0H94R2RMG,沐浴球,"Bath Loofah, Shower Pouf Body Sponge for Bath, Shower, Travel, and Guest Room Use with Decorative Smile Design."
工具未内置该 ASIN,1817,B0HDCFG7ZX,KCC-MYQ-WX,凯旋,,B0H94R2RMG,沐浴球,"Bath Loofah, Shower Pouf Body Sponge for Bath, Shower, Travel, and Guest Room Use with Smile Face Design."
工具未内置该 ASIN,1818,B0HDBM7CVC,KCC-FQWSL-FEN,凯旋,,B0HCZNFRW1,粉蔷薇手链,"Pink Beaded Stretch Bracelet, Rose Quartz Style Rectangular Bead Bracelet for Women, Elastic Cord Jewelry"
工具未内置该 ASIN,1830,B0HCZ6TLW7,KCC-CZ-H8,凯旋,,B0HCZ8RWYH,尺子,"Acrylic Quilting Ruler Template, Yellow 8 Inch Square Sewing Measuring Tool for Fabric Cutting and Craft Projects"
工具未内置该 ASIN,1831,B0HCZ3SCG1,KCC-FSTK-10,凯旋,,B0HCZ63Z2Q,防水套卡,"10 Pcs Transparent Card Sleeves, Horizontal Card Holder for ID, Social Security, Business Cards, 3.82 X 2.32 Inch"
工具未内置该 ASIN,1832,B0HCZ5RGRM,KCC-XF-10,凯旋,,B0HCZ54MCW,信封,"10 Pack Embossed Floral Envelopes, Multicolor Invitation Card Sleeves for Greeting Cards and Wedding Stationery"
工具未内置该 ASIN,1835,B0HCNYMYN6,KCC-BHQ-HUI,凯旋,,B0GZV46QKN,薄荷器,"Rotating Catnip Ball Toy, Wall Mounted Interactive Cat Chew Toy for Indoor Cats, Calming Lickable Catnip Treat Toy"
工具未内置该 ASIN,1836,B0HCNYSW5X,KCC-BHQ-CHENG,凯旋,,B0GZV46QKN,薄荷器,"Rotating Catnip Ball Toy, Wall Mounted Interactive Cat Chew Toy for Indoor Cats, Calming Lickable Catnip Treat Toy"
工具未内置该 ASIN,1837,B0HCNVCWXD,KCC-BHQ-LAN,凯旋,,B0GZV46QKN,薄荷器,"Rotating Catnip Ball Toy, Wall Mounted Interactive Cat Chew Toy for Indoor Cats, Calming Lickable Catnip Treat Toy"
工具未内置该 ASIN,1838,B0HCN22Z4Z,KCC-DBQJP1-30,凯旋,,B0HCN3TK3T,地板清洁片,"Floor Cleaner Tablets, Blue 30 Count Dissolving Mop Cleaning Sheets for Tile, Laminate, Vinyl and Sealed Floors"
工具未内置该 ASIN,1839,B0HCN943ZX,KCC-ZD1-150,凯旋,,B0HCN7WLWB,扎带,"Cable Ties, Black Self Locking Zip Ties 100 Pack 5.91 Inch Long for Wire Management and Workshop Use"
工具未内置该 ASIN,1840,B0HCMPVGDY,KCC-ZD1-200,凯旋,,B0HCN7WLWB,扎带,"Cable Ties, Black Self Locking Zip Ties 100 Pack 7.87 Inch Long for Wire Management and Workshop Use"
工具未内置该 ASIN,1841,B0HCN9LF9Y,KCC-MTFST1-YL,凯旋,,B0HCN6QGY8,马桶防水贴,"10.5 Ft x 1.5 in Self-Adhesive Toilet Base Decorative Strip, Water-Resistant Gap Cover for Bathroom Sink Edge"
工具未内置该 ASIN,1842,B0HCN5PTF2,KCC-MTFST1-W,凯旋,,B0HCN6QGY8,马桶防水贴,"10.5 Ft x 1.5 in Waterproof Caulk Strip, Self-Adhesive Gap Sealing Tape for Toilet Sink Kitchen Stove, with 3 in 1 Tool"
工具未内置该 ASIN,2082,B0HCBBNYX6,KCC-ZWBD-15MM,凯旋,,B0H1VK6P8V,植物绑带,"plant tie tape roll,0.59 in x 9.84 ft plant securing tape,reusable garden plant ties,adjustable plant stem binding tape,cut‑to‑length vine shaping strap"
工具未内置该 ASIN,2083,B0HCB7VFH2,KCC-ZWBD-10PCS,凯旋,,B0H1VK6P8V,植物绑带,"10 Pack Reusable Plant Ties, Adjustable Plant Securing Straps, Releasable Stem Bundling Ties For Houseplant, Patio And Garden Branch Fixing & Vine Shaping"
工具未内置该 ASIN,2084,B0HCBPBCRP,KCC-CZS-duan,凯旋,,B0GTKNBJ45,软毛刷,"Short Handle Car Detail Brush, Curved Bristle Dust Brush, Standable Hand‑Grip Dust Removal Tool for Vehicle Dashboard, Desktop and Workstation Multi‑Surface Use"
工具未内置该 ASIN,2085,B0HCBDTP8B,KCC-CZS-chang,凯旋,,B0GTKNBJ45,软毛刷,"Car Interior Cleaning Brush, Soft Bristle Detail Brush, Handheld Dust Removal Tool for Vehicle Dashboard, Desktop and Workstation Multi‑Surface Use"
工具未内置该 ASIN,2086,B0HC6NVFWD,SP-boliqi-1,图图,,B0HC6DXMV4,,"Stainless Steel Herb Stripper Tool, 9 Multi-Size Holes Herb Leaf Remover with Protective Cover, Kitchen Gadget for Rosemary, Thyme, Basil"
工具未内置该 ASIN,2087,B0HC6N7M63,SP-faquan-2gf,图图,,B0HC6N7M63,,"2 Pack Satin Scrunchie with Hidden Zipper Pocket, Silky Storage Hair Tie, Solid Color Fabric Hair Scrunchies for Women Hair Accessories"
工具未内置该 ASIN,2088,B0HC6F62SN,SP-matongshuai-2,图图,,B0HC6VNMVC,,"Pumice Stone Toilet Bowl Cleaner with Handle, Heavy Duty Porcelain Cleaning Block for Bathroom, Includes Toilet Deodorizing Tablets"
工具未内置该 ASIN,2089,B0HC6JM9GK,SP-faquan-2zh,图图,,B0HC6JM9GK,,"2 Pack Satin Scrunchie with Hidden Zipper Pocket, Silky Storage Hair Tie, Solid Color Fabric Hair Scrunchies for Women Hair Accessories"
工具未内置该 ASIN,2090,B0HBWYXSRZ,SP-lunzi-4cheng,图图,,B0HBWR76QC,,"8 Pack Luggage Wheel Silicone Protector Covers, Wear Resistant Noise Reduction Suitcase Caster Sleeve, Easy Install Rolling Luggage Wheel Guards"
工具未内置该 ASIN,2091,B0HBWX7SFX,SP-lunzi-1hei,图图,,B0HBWR76QC,,"4 Pack Luggage Wheel Silicone Protector Covers, Wear Resistant Noise Reduction Suitcase Caster Sleeve, Easy Install Rolling Luggage Wheel Guards"
工具未内置该 ASIN,2092,B0HBWL8LC9,SP-guasha-1,图图,,B0HC6QPLGZ,,"Wooden Facial Massage Comb, Multi Function Gua Sha Scraping Tool for Face, Jawline Sculpting Massage Instrument"
工具未内置该 ASIN,2093,B0HBWRK7LH,SP-guaigou-1mao,图图,,B0H1HKKBJB,,"Cute Cat Over Cabinet Door Hook, Punch-Free Metal Hanging Hook, Cartoon Decorative Hook for Kitchen Bathroom Closet"
工具未内置该 ASIN,2094,B0H94FLQ9J,SP-FDB-3,图图,,B0H94NK69W,,"Interlocking Silver Mirror Wind Sequin Wall Panels, DIY Splicable Shiny Decor Tiles for Home Wall, Wedding Photo Backdrop Party Background"
工具未内置该 ASIN,2095,B0HBWPL1GZ,SP-shuqian-ye,图图,,B0H8BS1F8F,,"Vintage Metal Ginkgo Leaf Bookmark with Tassel, Hollow Brass Book Marker, Elegant Page Marker Gift for Book Lovers, Students, Reading Enthusiasts"
工具未内置该 ASIN,2096,B0HBW2CFMM,KCC-XMJ,凯旋,,B0HBW2CFMM,,"Eyebrow Scissors, Brow Trimming Tool with Comb Edge for Face Grooming, Makeup Bag and Travel Cosmetic Use"
工具未内置该 ASIN,2105,B0H9RJ22JF,KCC-FPfen-111,凯旋,,B0H9RJ22JF,,"Makeup Sponge, Foundation Blender for Liquid, Cream, Powder And Concealer Application, Single Trial Puff for Travel Vanity"
工具未内置该 ASIN,2760,B0GZNTMFJR,QS-516-D3-28-29,公司,,B0GYX16S5J,,"Kids Water Shoes, Cute Octopus Print Quick-Dry Aqua Socks for Toddler Boys Girls, Non-Slip Swim Shoes for Beach, Pool, Water Park, River Trekking, and Indoor Activities"
工具未内置该 ASIN,2761,B0GZP2LFS5,QS-516-D3-26-27,公司,,B0GYX16S5J,,"Kids Water Shoes, Cute Octopus Print Quick-Dry Aqua Socks for Toddler Boys Girls, Non-Slip Swim Shoes for Beach, Pool, Water Park, River Trekking, and Indoor Activities"
工具未内置该 ASIN,2814,B0GYY98FSZ,QS-516-D3-34-35,公司,,B0GYX16S5J,潜水溯溪鞋,"Kids Water Shoes, Cute Octopus Print Quick-Dry Aqua Socks for Toddler Boys Girls, Non-Slip Swim Shoes for Beach, Pool, Water Park, River Trekking, and Indoor Activities"
工具未内置该 ASIN,2823,B0GYX7ZTS9,QS-516-D3-30-31,公司,,B0GYX16S5J,潜水溯溪鞋,"Kids Water Shoes, Cute Octopus Print Quick-Dry Aqua Socks for Toddler Boys Girls, Non-Slip Swim Shoes for Beach, Pool, Water Park, River Trekking, and Indoor Activities"
工具未内置该 ASIN,2834,B0GYWS5PPT,QS-516-D3-32-33,公司,,B0GYX16S5J,潜水溯溪鞋,"Kids Water Shoes, Cute Octopus Print Quick-Dry Aqua Socks for Toddler Boys Girls, Non-Slip Swim Shoes for Beach, Pool, Water Park, River Trekking, and Indoor Activities"
