问题,行号,ASIN,MSKU,工具MSKU,Listing负责人,工具负责人,FBA可售,工具FBA可售,工具近7日销量,父ASIN,品名,标题,SKU,价格
FBA可售不一致,2,B0H4FB8GJ5,KCC-SQQJS1-1,KCC-SQQJS1-1,凯旋,凯旋,120,117,22,B0H4F84574,神奇清洁刷,"Reusable Rubber Rust Remover Eraser, Multipurpose Stain Limescale Eraser for Faucet Sink Iron Metal Surface Cleaning",KCC-SQQJS1-1,1.58
FBA可售不一致,3,B0H1R8RYH4,KCC-SSCXB-CHENG,KCC-SSCXB-CHENG,凯旋,凯旋,27,18,2,B0H25VX1R1,伸缩磁吸棒,"8 Lbs Telescoping Magnetic Pick Up Tool, Extendable Magnet Stick with Non Slip Orange Handle",KCC-SSCXB-CHENG,2.21
FBA可售不一致,4,B0H8P7YFHQ,KCC-NNL1DF-1,KCC-NNL1DF-1,凯旋,凯旋,98,0,0,B0H8P15878,捏捏乐豆腐,"Simulated Tofu Slow Rebound Squishy, Soft Fluid White Block Squeeze Fidget Stress Reliever for Office Classroom Anxiety Relief",KCC-NNL1DF-1,1.99
FBA可售不一致,5,B0H1VFK71L,KCC-ZWBD-10MM,KCC-ZWBD-10MM,凯旋,凯旋,164,39,9,B0H1VK6P8V,植物绑带,"9.84 Feet Self‑Gripping Plant Hook And Loop Tape, 10mm Wide Reusable Adjustable Garden Plant Tie Strap For Support",KCC-ZWBD-10MM,1.95
FBA可售不一致,7,B0H1V2MRSH,KCC-DGNBJS-HUI,KCC-DGNBJS-HUI,凯旋,凯旋,28,25,0,B0H1VJNB35,多功能百洁布,"Window Groove Cleaning Brush, Handheld PP Scouring Pad Gap Cleaner for Sliding Door Track Tile Lines",KCC-DGNBJS-HUI,1.45
FBA可售不一致,8,B0H2HNSSYH,KCC-YJH-CAI,KCC-YJH-CAI,凯旋,凯旋,37,8,2,B0H2HJTZ7S,眼镜盒,"Boho Mandala Pattern Neoprene Sunglasses Case, Soft Zipper Eyeglass Pouch With Carabiner Clip For Travel Outdoor",KCC-YJH-CAI,1.69
FBA可售不一致,9,B0H3V57TCY,KCC-FXHPZ-1,KCC-FXHPZ-1,凯旋,凯旋,31,25,0,B0H3TYBBYK,方形烘培纸,"50Pcs Single Pack Unbleached Kraft Parchment Paper, 8×6 Inch Non-Stick Silicone Coated Baking Sheets, Oilproof Heat Resistant Paper for Air Fryer Oven Cooking",KCC-FXHPZ-1,2.99
FBA可售不一致,10,B0H1WDVQCG,SP-dadan-1,SP-dadan-1,图图,图图,7,27,1,B0H2GRTX7H,打蛋器,"Stainless Steel Dough Mixer, Handheld Double Hole Bread Whisk, Manual Flour Stirrer Egg Beater for Baking Cooking",SP-dadan-1,1.63
FBA可售不一致,11,B0H1CKTY24,KCC-DNPBZJ-HEI,KCC-DNPBZJ-HEI,凯旋,凯旋,46,13,5,B0H1CL6YV9,电脑手机支架,"Adjustable Foldable Phone Stand, Portable Desktop Holder for Smartphone Tablet Hands Free Viewing",KCC-DNPBZJ-HEI,1.86
FBA可售不一致,12,B0GZV4LK8P,KCC-YGQ-2,KCC-YGQ-2,凯旋,凯旋,39,14,6,B0GZVLTV32,牙膏器,"2 Pack Cartoon Toothpaste Squeezer Set, Manual Tube Wringer Roller Tool for Bathroom Toothpaste Waste Reduction",KCC-YGQ-2,2.99
FBA可售不一致,13,B0GWM6T66H,KCC-WSDJB-B,KCC-WSDJB-B,凯旋,凯旋,37,8,5,B0GWLZCV14,网纱单肩包,"Mesh Beach Tote Bag With Zipper, Quick Dry Waterproof Sand Free Bag For Travel, Pool, Gym, Weekend Getaway",KCC-WSDJB-B,2.99
FBA可售不一致,14,B0H4G9JD1N,WESKCC-BHQ-LV,WESKCC-BHQ-LV,凯旋,cccady,24,10,0,B0H4GGJ94B,,"Catnip Ball Toy, Rotatable Cat Treat Toy, Hanging Cat Play Accessory for Indoor Cats",,1.99
FBA可售不一致,15,B0H3PHM1XL,SP-youqishua-1.5,SP-youqishua-1.5,图图,图图,20,10,5,B0H3PB736Q,油漆刷1.5,"Single Angled/Flat Paint Brush, Solid Wooden Handle Stain Brush, Premium Bristle Sash Brush for Wall Trim, Varnish, Furniture DIY Home Painting",SP-youqishua-1.5,1.99
FBA可售不一致,16,B0H2HQBV1D,KCC-LJTTZ-4,KCC-LJTTZ-4,凯旋,凯旋,32,15,6,B0H2HMH9K8,垃圾桶贴纸,"4Pcs Funny Cartoon Face Trash Can Stickers, Removable PVC Self‑Adhesive Wall Decals for Toilet Bin Refrigerator Tile Glass Decor",KCC-LJTTZ-4,2.6
FBA可售不一致,17,B0GZVSXHSW,KCC-BHQ-LV,KCC-BHQ-LV,凯旋,凯旋,72,33,0,B0GZV46QKN,薄荷器,"Rotating Catnip Ball Toy, Wall Mounted Interactive Cat Chew Toy for Indoor Cats, Calming Lickable Catnip Treat Toy",KCC-BHQ-LV,1.99
FBA可售不一致,18,B0GZV6L95C,KCC-CWSZ-LAN,KCC-CWSZ-LAN,凯旋,凯旋,17,30,2,B0GZVBHFX8,宠物刷子,"Pet Bath Brush With Shampoo Dispenser, Silicone Massage Grooming Brush For Dogs Cats, Soft Shower Scrubber For Daily Bath",KCC-CWSZ-LAN,1.99
FBA可售不一致,19,B0GVRYH9SS,SP-dengsan04-60,SP-dengsan04-60,图图,图图,7,8,0,B0GVQHM358,登山扣,"10 Pack Heavy Duty Locking Carabiner, Strong Aluminum Alloy D-Ring Carabiner Clip for Outdoor Hiking Camping Fishing and Backpack Use",SP-dengsan04-60,2.99
FBA可售不一致,20,B0H44S2FNX,SP-baosixietao-1,SP-baosixietao-1,图图,图图,29,9,1,B0H4ZLFGS6,硅胶保湿,"Reusable Silicone Foot Mask Socks, Moisturizing Gel Foot Cover for Dry Cracked Heels, Washable Soft Foot Spa Socks for Lotion Absorption",SP-baosixietao-1,1.59
FBA可售不一致,21,B0H1QVMG17,SP-fangtangjia-1,SP-fangtangjia-1,图图,图图,11,2,3,B0H1QP7PPS,防烫夹,"Silicone Food Tongs, Heat Resistant Kitchen Tongs, Non-Stick Cooking Tongs for Salad, BBQ, Grilling, Serving",SP-fangtangjia-1,1.99
FBA可售不一致,22,B0GYQ3JX2V,LLD-TPE-BLUE,LLD-TPE-BLUE,cccady,cccady,1,10,0,B0HC8JPL48,TPE拉力带-蓝色,"Flat Resistance Band for Yoga, Pilates, Stretching and Home Workouts, Latex-Free Exercise Band",LLD-TPE-BLUE,2.59
FBA可售不一致,23,B0H28H5HW8,KCC-YXJL-YIN,KCC-YXJL-YIN,凯旋,凯旋,6,18,2,B0H285PRJ3,银心脚链,"Silver-Tone Sparkling Crystal Heart Bracelet, Adjustable Rhinestone Love Pendant Chain Bracelet for Women",KCC-YXJL-YIN,1.86
FBA可售不一致,24,B0GWM322X6,KCC-JLBH-B,KCC-JLBH-B,凯旋,凯旋,15,13,3,B0GWM4BKBF,脚裸保护,"Adjustable Ankle Support Brace, Breathable Stabilizer Sleeve for Running, Basketball, Fitness,Sprain Prevention, Compression Wrap for Men Women",KCC-JLBH-B,2.99
FBA可售不一致,25,B0GTTYKMX1,KCC-qicheruanmaoshua-duan,KCC-qicheruanmaoshua-duan / KCC-qicheruanmaoshua-chang,凯旋,凯旋,43,24,12,B0GTKNBJ45,汽车内饰软毛刷,"Car Interior Soft Brush Set, Short Handle Combo, Lint-Free Microfiber Bristles, Scratch-Free Cleaning Brushes for Car Dashboard, Air Vents, Seats, Console, Windows（Short）",KCC-qicheruanmaoshua-duan,1.56
FBA可售不一致,26,B0H4KZPVKJ,WESSP-shouyao02-zhenzhu,WESSP-shouyao02-zhenzhu,图图,图图,19,6,0,B0H4LHVZC1,收腰扣珍珠,"Multi-Style Alloy Waist Buckles, Adjustable Pants Waist Tightener Cinch Clips for Women 4 Pack",WESSP-shouyao02-zhenzhu,2.11
FBA可售不一致,27,B0H3L58ML4,KCC-BSJT-ZI,KCC-BSJT-ZI,凯旋,凯旋,4,12,0,B0H3L14FSM,保湿脚套,"1 Pair Reusable Silicone Foot Mask Socks, Food-Grade TPR Moisturizing Foot Care Socks, Soft Exfoliating Spa Foot Cover for Dry Cracked Heels Foot Treatment",KCC-BSJT-ZI,1.58
FBA可售不一致,28,B0GS8HPL7V,KC-19-01,KC-19-01,图图,凯旋,4,8,2,B0GS8KFR4R,手机链,Keychain for Men Women - Durable Metal Key Chain with Key Ring Car Key Accessory,KC-19-01,1.99
FBA可售不一致,29,B0H757YZKL,SP-guashihezi-1,SP-guashihezi-1,图图,图图,7,5,0,B0H758HSKT,,"Hanging Refrigerator Organizer Bin, Clear Fridge Side Door Storage Caddy for Sauce Packets Condiment Small Kitchen Supplies",,1.66
FBA可售不一致,30,B0GZF595K3,LLD-TPE-GREEN,LLD-TPE-GREEN,cccady,cccady,12,10,0,B0HC8JPL48,TPE拉力带-绿色,"Flat Resistance Band for Yoga, Pilates, Stretching and Home Workouts, Latex-Free Exercise Band",LLD-TPE-GREEN,2.59
FBA可售不一致,31,B0H3PJKBH3,SP-youqishua-2,SP-youqishua-2,图图,图图,19,13,2,B0H3PB736Q,油漆刷2,"Single Angled/Flat Paint Brush, Solid Wooden Handle Stain Brush, Premium Bristle Sash Brush for Wall Trim, Varnish, Furniture DIY Home Painting",SP-youqishua-2,1.99
FBA可售不一致,32,B0H1HFVNKG,SP-modao-1,SP-modao-1,图图,图图,8,5,0,B0H1HP96NM,磨刀器,"4-Stage Knife Sharpener, Adjustable Angle Diamond Ceramic Sharpening Tool, Stainless Steel Non-Slip Base for Kitchen Knives Scissors",SP-modao-1,6.28
FBA可售不一致,35,B0H3PJ2QYR,SP-youqishua-1,SP-youqishua-1,图图,图图,16,10,5,B0H3PB736Q,油漆刷1,"Single Angled/Flat Paint Brush, Solid Wooden Handle Stain Brush, Premium Bristle Sash Brush for Wall Trim, Varnish, Furniture DIY Home Painting",SP-youqishua-1,1.99
FBA可售不一致,36,B0H2HJ6TYZ,KCC-YJD-2,KCC-YJD-2,凯旋,凯旋,39,8,2,B0H2HQPLDJ,眼镜带,"Adjustable Sports Glasses Lanyards, 13.78‑Inch Anti‑Slip Eyewear Straps For Running Basketball Swimming Daily Use",KCC-YJD-2,1.19
FBA可售不一致,37,B0H1W8RZ85,SP-yash-1,SP-yash-1,图图,图图,8,5,0,B0H1WRQK1W,压蒜器,"Press Garlic Chopper, Manual Garlic Cutter Mincer, Stainless Steel Blade Garlic Presser for Kitchen Cooking",SP-yash-1,4.59
FBA可售不一致,38,B0H1W4SSJY,SP-juanchi-2,SP-juanchi-2,图图,图图,8,12,0,B0H1WBL1W3,卷尺,"2Pcs Body Measuring Tape, 150cm/60inch Soft Sewing Tailor Ruler, Flexible Fabric Tape for Body Measurement",SP-juanchi-2,1.48
FBA可售不一致,39,B0H1HJGY6D,SP-doujianggl-2,SP-doujianggl-2,图图,图图,16,9,1,B0H1HMNP84,豆浆过滤,"2Pcs Nylon Filter Bags, Ultra Fine Mesh Strainer, Reusable Soymilk Juice Filter for Almond Milk Yogurt Wine Residue Food Prep",SP-doujianggl-2,1.99
FBA可售不一致,40,B0H116YWBF,SP-bingxiang04-zhi,SP-bingxiang04-zhi,图图,图图,8,4,0,B0GZVPL8WD,冰箱贴叶子,"6 PCS Pink Leaf Pattern Ceramic Fridge Magnets, Minimalist Flat Decorative Magnets Set for Home Kitchen Refrigerator Office Metal Surface Decor",SP-bingxiang04-zhi,2.99
FBA可售不一致,41,B0GZVD35D2,KCC-LSWJ-CHENG,KCC-LSWJ-CHENG,凯旋,凯旋,3,9,1,B0GZVCDD47,漏食玩具,"Adjustable Dog Treat Dispensing Toy, Interactive Wobble Slow Feeder Puzzle Toy for Small Dogs Daily Enrichment",KCC-LSWJ-CHENG,5.99
FBA可售不一致,43,B0GTLKTK5X,SP-TUTU-DEQ-03,SP-TUTU-DEQ-03,图图,图图,14,16,0,B0GTM367JY,宠物玩具,"Cotton Dog Rope Knots Set, Puppy Teething Chew Toys, Interactive Training Play Toys for Small & Medium Breeds",SP-TUTU-DEQ-03,2.99
FBA可售不一致,44,B0GS8NN1KJ,KC-07-01,KC-07-01,图图,凯旋,10,5,4,B0GS8KFR4R,手机链,"Beaded Cell Phone Strap for Women, Stylish Bead Wrist Lanyard, Decorative Phone Accessory",KC-07-01,1.99
FBA可售不一致,45,B0H94LH1W4,SP-candian-ye,SP-candian-ye,图图,图图,18,0,0,B0H94M4GRJ,,"Golden Foil Leaf Placemat, Waterproof Non-Slip PVC Table Mat, Heat Resistant Leaf Shape Coaster for Dining Table Decor, Nordic Light Luxury Tableware Pad Single Pack",,3.76
FBA可售不一致,46,B0H4LC5J69,WESSP-shouyao02-duokuan,WESSP-shouyao02-duokuan,图图,图图,22,6,0,B0H4LHVZC1,收腰扣多款,"Multi-Style Alloy Waist Buckles, Adjustable Pants Waist Tightener Cinch Clips for Women 4 Pack",WESSP-shouyao02-duokuan,2.11
FBA可售不一致,48,B0GZBHJXWC,KFLZ-Y-White-68,KFLZ-Y-White-68,cccady,cccady,7,10,0,B0HBB92HG4,圆形咖啡滤纸-白色68mm,"100 Count Round Disposable Coffee Filters for Coffee Makers, Natural Wood Pulp Paper",KFLZ-Y-White-68,4.48
FBA可售不一致,49,B0H3P57B8V,SP-youqishua-2.25,SP-youqishua-2.25,图图,图图,17,11,3,B0H3PB736Q,油漆刷2.25,"Single Angled/Flat Paint Brush, Solid Wooden Handle Stain Brush, Premium Bristle Sash Brush for Wall Trim, Varnish, Furniture DIY Home Painting",SP-youqishua-2.25,2.47
FBA可售不一致,50,B0H3N96CPL,SP-zhuantou-1,SP-zhuantou-1,图图,图图,16,8,2,B0H3N6CJLD,紧固件驱动钻头,"105 Degree Right Angle Drill Adapter, 1/4 Inch Hex Shank Drill Bit Extension, Heavy Duty Angle Driver Attachment for Cordless Drill & Impact Screwdriver",SP-zhuantou-1,1.99
FBA可售不一致,51,B0H3MQGSPF,SP-niuniule-green,SP-niuniule-green,图图,图图,12,5,1,B0H3MWDZ44,扭扭解压绿色,"1PCS Colorful Sensory Twister, Silicone Stress Relief Gadget, Tactile Tool for Adult Office Relaxation",SP-niuniule-green,2.99
FBA可售不一致,52,B0H398M6PS,KCC-HWJJT-YIN,KCC-HWJJT-YIN,凯旋,凯旋,14,11,3,B0H38YNB8J,急救毯,"2 Pack Portable Outdoor Emergency Blanket, Waterproof Thermal Survival Blanket for Camping Hiking Backpacking First Aid Kit",KCC-JJT-YIN,1.99
FBA可售不一致,53,B0H1HP2BCJ,SP-guaigou-2,SP-guaigou-2,图图,图图,14,10,4,B0H1HKKBJB,挂钩,"2 Pack Adhesive Wall Hooks, No Drilling Heavy Duty Self Adhesive Hooks, Waterproof Transparent Hanger for Bathroom Kitchen Door Towel Coat Key",SP-guaigou-2,1.99
FBA可售不一致,54,B0H151BW7M,KCC-feipan-12cm,KCC-feipan-12cm,凯旋,凯旋,5,10,3,B0H151BW7M,飞盘,"Multi Size Woven Round Placemat Set, Heat Resistant Non Slip Rope Mats for Dining Table Kitchen Pot Holders",KCC-feipan-12cm,2.99
FBA可售不一致,55,B0GY8WCKK8,KCC-GGYF-LXL,KCC-GGYF-LXL,凯旋,凯旋,1,5,2,B0GY8SFB8H,狗狗衣服,"Cute Daisy Floral Dog Sundress, Breathable Lightweight Summer Pet Dress As Daily Casual Outfit for Small Puppy and Small Breed Dogs(XL)",KCC-GGYF-LXL,2.99
FBA可售不一致,56,B0GY2L764N,SP-XIE2-Z44/45,SP-XIE2-Z44/45,公司,公司,11,14,0,B0GY2YYSHW,溯溪沙滩鞋,"Comfortable Water Shoes for Women Men, Anti-Slip Quick Dry Aqua Socks for Pool Beach",SP-XIE2-Z44/45,4.99
FBA可售不一致,57,B0GXZ4CWV7,KCC-SZ-24,KCC-SZ-24,凯旋,凯旋,1,6,2,B0GXYRFYY6,手帐,"24 Pack Multi Pattern Journal Stencils, Reusable Planner Drawing Templates for Bullet Diary Notebook DIY Craft Decoration",KCC-SZ-24,4.48
FBA可售不一致,58,B0GVN55M1F,SP-shouyao01-zhenzhu,SP-shouyao01-zhenzhu,图图,图图,5,10,0,B0GVNB58BZ,收腰扣,"Waist Buckle Set for Women, Adjustable Pant Button Extender, Variety Styles Alloy Waist Cinch Clips, 4 Pieces Pack",SP-shouyao01-zhenzhu,1.99
FBA可售不一致,59,B0GTLNC3QV,SP-09-01,SP-09-01,图图,图图,10,14,0,B0GTLFQ6M1,勺子,"Espresso Coffee Spoons Set of 2, Gold & Silver Small Demitasse Spoons, Stainless Steel Tea Dessert Spoons",SP-09-01,1.55
FBA可售不一致,64,B0H835M3SR,SP-tiezhi-l500,SP-tiezhi-l500,图图,图图,18,0,0,B0H82ZRD75,标签蓝色,"30 Sheets Blank Write-On Pantry Label Roll, Self Adhesive Blue Border Tags for Jars Canisters Food Containers",SP-tiezhi-l500,1.14
FBA可售不一致,65,B0H6FCBTFQ,SP-huaping-1,SP-huaping-1,图图,图图,10,5,0,B0H6FCDMJ7,,"Plant Propagation Station, Lid Hydroponic Plastic Planter Jars, Desktop Plant Propagator Vases for Home Office Table Decor, Gift for Plant Lovers (Transparent)",,3.99
FBA可售不一致,66,B0H4QRQG3B,SP-tuopan-y,SP-tuopan-y,图图,图图,2,4,0,B0H4R5Y4WB,托盘彩色,"Stainless Steel Nail Art Storage Tray, Metal Cosmetic Organizer, Multi-Use Beauty Accessories Holder",SP-tuopan-y,1.99
FBA可售不一致,68,B0H4QR33RZ,SP-suihua-blue,SP-suihua-blue,图图,图图,9,6,4,B0H4R5Y4WB,化妆包碎花蓝,"Floral Quilted Makeup Bag, Large Capacity Hair Dryer Storage Bag, Portable Multi-Functional Travel Organizer for Women",SP-suihua-blue,1.99
FBA可售不一致,69,B0H2HSQTGJ,KCC-KPBLYSK-3,KCC-KPBLYSK-3,凯旋,凯旋,10,20,0,B0H2HQ66B8,卡皮巴拉钥匙扣,"3Pcs Cute Capybara Keychains, Cartoon PVC Soft Rubber Animal Key Rings For Bag Purse Car Key Decor Gift",KCC-KPBLYSK-3,1.45
FBA可售不一致,70,B0H1WXDKYF,SP-feizao-1,SP-feizao-1,图图,图图,21,15,4,B0H1X7H5SV,肥皂盒,"Travel Soap Dish with Lid and Drain Tray, Plastic Soap Holder",SP-feizao-1,1.25
FBA可售不一致,71,B0H1VL2QFY,SP-youhu-1,SP-youhu-1,图图,图图,3,5,0,B0H1V452L4,油壶,"2 in 1 Glass Oil Sprayer Dispenser, 450ml Olive Oil Spray Bottle for Kitchen Cooking Air Fryer Grilling Salad Baking, Black",SP-youhu-1,5.58
FBA可售不一致,72,B0H1V7F452,SP-xiguashaozi-1,SP-xiguashaozi-1,图图,图图,13,7,1,B0H1VDF3G1,食物西瓜勺,"Stainless Steel Watermelon Scoop, Long Handle Fruit Baller, Ice Cream Melon Baller Cutter Kitchen Tool",SP-xiguashaozi-1,1.35
FBA可售不一致,73,B0GZYQQSBN,YQ-QWER-2026420-AMD-5,YQ-QWER-2026420-AMD-5,凯旋,凯旋,8,10,0,B0GZYYFCCC,硅胶洗脚垫,"Foot Scrubber Mat for Shower- Feet Scrubber Massager with Suction Cups, Silicone Shower Foots Cleaner for Bathroom Home Spa Travel (Yellow)",YQ-QWER-2026420-AMD-5,2.16
FBA可售不一致,74,B0GZ3B6QJ1,KCC-shengjie-1,KCC-shengjie-1,凯旋,凯旋,16,0,4,B0GZ35VK9P,宠物玩具,"Arm Dog Rope Toy, Interactive Multi Tug Chew Toy for Small Dogs, Teething Multi Direction Rope Toy for Pet Daily Play",KCC-shengjie-1,3.31
FBA可售不一致,75,B0GY2BQ5D4,SP-XIE1-F40/41,SP-XIE1-F40/41,公司,公司,1,4,0,B0GY2YYSHW,溯溪沙滩鞋,"Quick Dry Water Shoes for Men Women, Anti-Slip Lightweight Aqua Socks for Beach Swim Pool",SP-XIE1-F40/41,4.99
FBA可售不一致,76,B0GY2YZG8K,SP-XIE6-Q40/41,SP-XIE6-Q40/41,公司,公司,3,7,0,B0GY2YYSHW,溯溪沙滩鞋,"Aqua Socks Water Shoes for Men Women, Anti-Slip Quick Dry Swim Shoes for Pool",SP-XIE6-Q40/41,4.99
FBA可售不一致,77,B0GXZP9S32,SP-zhiwu-01,SP-zhiwu-01,图图,图图,9,6,1,B0GXZLR6FM,植物置物架,"Cute Frog Plant Stand, 5Pcs Reusable Plant Support Clips, Decorative Vine Holder for Potted Plants Succulents Garden Decor (Green)",SP-zhiwu-01,4.99
FBA可售不一致,78,B0GWLB7MST,SP-XIE-Z42/43,SP-XIE-Z42/43,公司,公司,7,11,0,B0GWL9YZNY,溯溪沙滩鞋,Men Women Water Shoes Quick Dry Non Slip Barefoot Shoes Lightweight Breathable Beach Swim Surf Yoga Outdoor Sports Aqua Socks,SP-XIE-Z42/43,4.99
FBA可售不一致,79,B0GWL2WLT3,SP-XIE-Z36/37,SP-XIE-Z36/37,公司,公司,9,11,0,B0GWL9YZNY,溯溪沙滩鞋,Men Women Water Shoes Quick Dry Non Slip Barefoot Shoes Lightweight Breathable Beach Swim Surf Yoga Outdoor Sports Aqua Socks,SP-XIE-Z36/37,4.99
FBA可售不一致,80,B0GWL7JD19,SP-XIE-H40/41,SP-XIE-H40/41,公司,公司,11,13,0,B0GWL9YZNY,溯溪沙滩鞋,Men Women Water Shoes Quick Dry Non Slip Barefoot Shoes Lightweight Breathable Beach Swim Surf Yoga Outdoor Sports Aqua Socks,SP-XIE-H40/41,4.99
FBA可售不一致,81,B0GWJ28VVZ,QS-084-44/45,QS-084-44/45,公司,公司,1,3,0,B0GQBP3SH9,溯溪沙滩鞋,"Snorkeling Water Shoes for Men Women, Non Slip Rubber Sole, Quick Dry Beach Shoes",QS-084-44/45,4.99
FBA可售不一致,82,B0GWH5KTSM,KCC-JSDK-L,KCC-JSDK-L,凯旋,凯旋,3,7,0,B0GWGP64SB,跑步紧身短裤,5 Pack Men's High Stretch Athletic Base Quick Dry Breathable Short Tights for Workout Gym Running Multicolor,KCC-JSDK-L,12.52
FBA可售不一致,83,B0GVS8NC5V,KCC-HW-1,KCC-HW-1,凯旋,凯旋,4,9,1,B0GVSFHY63,健身护腕,"Weightlifting Wrist Wraps, Adjustable Fitness Wrist Support, Compression Wrist Straps for Gym Workout Weight Lifting Training",KCC-HW-1,2.6
FBA可售不一致,84,B0GVR9M7BQ,SP-dengsan03-50,SP-dengsan03-50,图图,图图,12,9,1,B0GVQHM358,登山扣,"Multiuse Small Aluminum Carabiner Clips, Lightweight Locking Carabiner for Keys Water Bottles Camping Hiking and Outdoor Gear,10 Pack",SP-dengsan03-50,2.99
FBA可售不一致,85,B0GV317D7P,KCC-fangqiegeshoutao-XL,KCC-fangqiegeshoutao-XL,凯旋,凯旋,3,5,0,B0GV317D7P,防切割手套,"HPPE Nitrile Sandy Finish Cut Resistant Gloves, EN 388 Level 5 Protection, Safety Work Gloves for Kitchen, Gardening, Construction, Men & Women",KCC-fangqiegeshoutao-XL,2.16
FBA可售不一致,86,B0GTLZ8HH3,SP-TUTU-SLQ-04,SP-TUTU-SLQ-04,图图,图图,10,13,1,B0GTLSNPPB,宠物玩具,"Bone Shaped Dog Rope Toys, Heavy Duty Cotton Chew Toys, Teething & Interactive Play Set for Small to Medium Dogs",SP-TUTU-SLQ-04,3.99
FBA可售不一致,87,B0GS8GKWH1,KC-26-01,KC-26-01,图图,凯旋,9,8,3,B0GS8GKWH1,手机链,"Kawaii Dopamine Beaded Phone Lanyard, Colorful Cute Phone Charm for Phone Case",KC-26-01,1.99
FBA可售不一致,88,B0GQBY72Q5,QS-029-42/43,QS-029-42/43,公司,公司,4,1,1,B0GQBP3SH9,溯溪沙滩鞋,"Snorkel Swim Water Shoes Unisex, Non Skid Rubber Sole, Stretch Fit Beach Shoes Black",QS-029-42/43,4.99
FBA可售不一致,93,B0H94TD6Z6,KCC-JT-B,KCC-JT-B,凯旋,凯旋,8,0,0,B0H94XX8BN,胶贴,"Gray Self-Adhesive Window Screen Repair Tape, Fiberglass Mesh Patch Roll, 5cm x 2m for Window Door Screen Mesh Repair",KCC-JT-B,1.86
FBA可售不一致,94,B0H94T4PJR,SP-fajialian-2,SP-fajialian-2,图图,图图,22,0,0,B0H94SC7FS,,"Starfish Hair Clip Chain with Matching Starfish Hair Clip, Boho Ocean Beach Hair Accessory Set for Women Summer Hairstyle Decor",,1.85
FBA可售不一致,95,B0H8RPM3LR,WESSP-mianjiao-diao,WESSP-mianjiao-diao,图图,图图,15,7,0,B0H8RR7QB5,,"No Glue Required Fake Under Eyelashes, Natural Soft Reusable Bottom Lashes with Multiple Styles for Daily Makeup Look",,2.99
FBA可售不一致,96,B0H8NSQBGQ,WESSP-baosixietao-1,WESSP-baosixietao-1,图图,图图,13,5,0,B0H8P3C3Z8,,"Reusable Washable Silicone Foot Cover Socks, Soft Gel Lotion Holding Foot Spa Socks to Lock Skin Care Lotion for Daily Foot Care",,1.59
FBA可售不一致,97,B0H838LLMS,SP-tiezhi-lk500,SP-tiezhi-lk500,图图,图图,16,0,0,B0H82ZRD75,标签蓝空白色,"500 Sheets Blank Write-On Pantry Label Roll, Self Adhesive Blue Border Tags for Jars Canisters Food Containers",SP-tiezhi-lk500,1.35
FBA可售不一致,98,B0H7F9Y37Y,Slide-ZD-White-9,Slide-ZD-White-9,cccady,cccady,3,4,0,B0H7FN6981,,"Foldable EVA Slide Sandals, Pearl White, US Size 9",,4.49
FBA可售不一致,99,B0H75974GT,SP-diaokehua-1,SP-diaokehua-1,图图,图图,11,5,0,B0H74ZCLDL,,"2D Acrylic Fairy Mushroom Plant Stake, Butterfly Wing Elf Decorative Flower Pot Pick for Succulent Garden Balcony Yard Ornament",,1.6
FBA可售不一致,100,B0H5NQL47D,SP-xiangquan1-38-lan,SP-xiangquan1-38-lan,图图,图图,6,8,0,B0H5NQJPLY,猫咪项圈蓝色,"8-Month Long Lasting Pet Neck Collar for Dogs & Cats, Adjustable Waterproof Daily Wearing Collar, Skin Friendly Hypoallergenic Pet Accessory",SP-xiangquan1-38-lan,2.44
FBA可售不一致,101,B0H5NTRGC7,SP-xiangquan1-62-lan,SP-xiangquan1-62-lan,图图,图图,6,8,1,B0H5NQJPLY,狗狗项圈蓝色,"8-Month Long Lasting Pet Neck Collar for Dogs & Cats, Adjustable Waterproof Daily Wearing Collar, Skin Friendly Hypoallergenic Pet Accessory",SP-xiangquan1-62-lan,2.44
FBA可售不一致,102,B0H5J37TVL,SP-citouxi-hui,SP-citouxi-hui,图图,图图,6,8,1,B0H5HWXW1D,刺头玩具,"Suction Cup Cat Toy with Dual Feather Wands, Interactive Self-Play Cat Scratcher & Teething Toy for Indoor Cats",SP-citouxi-hui,4.66
FBA可售不一致,103,B0H4V7VCG7,SP-aixin2-whlite,SP-aixin2-whlite,图图,图图,8,9,1,B0H4TYGCLP,化妆包爱心白,"Plush Heart-Shaped Cosmetic Bag, Soft Square Makeup Pouch, Creative Quilted Toiletry Organizer for Women",SP-aixin2-whlite,1.99
FBA可售不一致,104,B0H4R3PZQY,SP-fanbu-xin,SP-fanbu-xin,图图,图图,11,5,0,B0H4R5Y4WB,化妆包帆布心,"Floral Print Canvas Cosmetic Bag, Multi-Use Zipper Pouch, Portable Travel Makeup Organizer for Women",SP-fanbu-xin,1.99
FBA可售不一致,105,B0H4LHWP8M,WESSP-dadan-1,WESSP-dadan-1,图图,图图,18,1,3,B0H4L5CLDP,打蛋器,"Handheld Double Hole Dough Mixer, Stainless Steel Manual Egg Beater Flour Stirrer for Baking & Cooking",WESSP-dadan-1,1.63
FBA可售不一致,106,B0H4H9FNNL,FlipFlops-ZD-MistGrey-8,FlipFlops-ZD-MistGrey-8,cccady,cccady,12,13,0,B0HB5DXJHK,,"Foldable Flip Flops for Men and Women Portable Lightweight Non-Slip Quick Dry Travel Sandals, Mist Grey, Size 8",,3.99
FBA可售不一致,107,B0H4HKW9ZM,FlipFlops-ZD-SunshineYellow-8,FlipFlops-ZD-SunshineYellow-8,cccady,cccady,12,14,0,B0HB5DXJHK,,"Foldable Flip Flops for Men and Women Portable Lightweight Non-Slip Quick Dry Travel Sandals, Sunshine Yellow, Size 8",,3.99
FBA可售不一致,108,B0H1BQ7NM6,LLD-FColor-5,LLD-FColor-5,cccady,cccady,16,10,0,B0HCBJP4X2,拉力片-五色套装,"Resistance Band Set for Workout and Stretching, 5 Levels, 5-Piece Set",LLD-FColor-5,6.49
FBA可售不一致,109,B0GZB4TZMX,KFLZ-Y-White-53,KFLZ-Y-White-53,cccady,cccady,9,10,0,B0HBB92HG4,圆形咖啡滤纸-白色53mm,"100 Count Round Disposable Coffee Filters for Coffee Makers, Natural Wood Pulp Paper",KFLZ-Y-White-53,4.48
FBA可售不一致,110,B0GZB52M4R,KFLZ-Y-Natural-68,KFLZ-Y-Natural-68,cccady,cccady,9,10,0,B0HBB92HG4,圆形咖啡滤纸-原色68mm,"100 Count Round Disposable Coffee Filters for Coffee Makers, Natural Wood Pulp Paper",KFLZ-Y-Natural-68,4.48
FBA可售不一致,111,B0GYQBXTQH,LLD-TPE-PINK,LLD-TPE-PINK,cccady,cccady,9,10,0,B0HC8JPL48,TPE拉力带-粉色,"Flat Resistance Band for Yoga, Pilates, Stretching and Home Workouts, Latex-Free Exercise Band",LLD-TPE-PINK,2.59
FBA可售不一致,112,B0H4FDW4MT,SP-gaoerfujia-grey,SP-gaoerfujia-grey,图图,图图,2,5,0,B0H4FD5SZR,高尔夫球夹灰色,"Portable Golf Ball Holder, Clip On Golf Ball Pouch, Practical Golf Accessories, Easy to Attach on Golf Bag & Cart, Novelty Gift for Golfers Men Women",SP-gaoerfujia-grey,2.45
FBA可售不一致,113,B0H4F3YK9F,KCC-NZ4JT-4,KCC-NZ4JT-4,凯旋,凯旋,3,5,0,B0H4F4XRFG,镊子4件套,"4Pcs Eyebrow Tweezers Set, Matte Pink Stainless Steel Precision Tweezers with Flat/Slant/Hook/Point Tips, Professional Facial Hair Plucking Kit with Storage Pouch for Makeup",KCC-NZ4JT-4,2.65
FBA可售不一致,115,B0H45924RR,KCC-STK-AE-XL,KCC-STK-AE-XL,凯旋,凯旋,1,2,0,B0HDB3X9SL,沙滩裤,"Mens Swim Trunks, Palm Tree Print Board Shorts with Drawstring Waist for Resort and Summer Casual Getaways",KCC-STK-AE-XL,6.99
FBA可售不一致,117,B0H3PCLX9Q,SP-mojinghe1-3,SP-mojinghe1-3,图图,图图,8,3,0,B0H3S89CDJ,眼镜盒,"3 Slots Foldable Eyeglasses Storage Case, PU Leather Multiple Sunglasses Organizer, Portable Multi Glasses Box for Travel",SP-mojinghe1-3,5.99
FBA可售不一致,118,B0H3PF39X3,SP-panfa-2,SP-panfa-2,图图,图图,14,6,1,B0H3PHWPN3,发带卷头发,"Sponge Hair Bun Maker, Donut Hair Shaper Styling Tool, Quick Foam Hair Twist Curler for DIY Chignon Updo Hairstyle for Women Girls",SP-panfa-2,1.06
FBA可售不一致,119,B0H3NT3PBM,KCC-YSQ-1,KCC-YSQ-1,凯旋,凯旋,19,20,0,B0H3P458JF,压蒜器,"Single Stainless Steel Rocker Garlic Press, Ergonomic ABS Handle Garlic Mincer Squeezer, Easy Clean Curved Garlic Crusher Tool for Home Kitchen Cooking",KCC-YSQ-1,1.98
FBA可售不一致,120,B0H3MZGFC7,SP-niuniule-purple,SP-niuniule-purple,图图,图图,13,5,2,B0H3MWDZ44,扭扭解压紫色,"1PCS Colorful Sensory Twister, Silicone Stress Relief Gadget, Tactile Tool for Adult Office Relaxation",SP-niuniule-purple,2.99
FBA可售不一致,121,B0H2MKCY3R,QS-2706-40/41,QS-2706-40/41,公司,公司,1,2,0,B0GQBS64JX,溯溪沙滩鞋,"Water Shoes for Women Men, Quick Dry Swim Footwear for Beach Pool Resort River Cruise Lake Travel Pair, 2706, Adult Travel",QS-2706-40/41,4.99
FBA可售不一致,122,B0H2HSTH6Q,KCC-CD-4,KCC-CD-4,凯旋,凯旋,5,1,2,B0H2HWV8J6,餐垫,"4Pcs Boho Mandala Round Wooden Coasters, Heat‑Resistant Non‑Slip Trivets for Hot Pots Pans Table Kitchen Decor",KCC-CD-4,2.99
FBA可售不一致,123,B0H2HMTDFG,KCC-MTLQB-1,KCC-MTLQB-1,凯旋,凯旋,29,31,9,B0H2HSZ194,猫头零钱包,"Cute Cartoon Cat Print Kiss‑Lock Coin Purse, Mini PU Leather Clutch Pouch For Coins Keys Earbuds Small Accessories",KCC-MTLQB-1,1.56
FBA可售不一致,124,B0H2HBWW7R,KCC-FD6872SL-1,KCC-FD6872SL-1,凯旋,凯旋,7,10,1,B0H2HQ2GWQ,FD6872手链,"Natural Indian Agate 6mm Beaded Bracelet, Multi-Color Healing Energy Elastic Stone Bracelet for Women",KCC-FD6872SL-1,2.47
FBA可售不一致,125,B0H2H7VDQV,KCC-ZJSL-ZI,KCC-ZJSL-ZI,凯旋,凯旋,10,4,7,B0H2HC7PGB,紫晶手链,"Natural Purple Crystal Beaded Bracelet, 8mm Adjustable Elastic Healing Stone Bracelet For Women Men",KCC-ZJSL-ZI,1.72
FBA可售不一致,126,B0H2GQFK7P,SP-rongqigai-6,SP-rongqigai-6,图图,图图,5,7,1,B0H2HGT5T6,容器盖6,"Silicone Can Covers, Reusable Leak-Proof Beverage Lids, Universal Protective Caps for Soda Beer Juice Standard Cans",SP-rongqigai-6,1.99
FBA可售不一致,127,B0H2H2LQ64,SP-jiaobandadan-1,SP-jiaobandadan-1,图图,图图,11,12,1,B0H2GRTX7H,搅拌打蛋器,"Stainless Steel Handheld Whisk, a Versatile Metal Mixer Perfect for Egg Beating, Blending and Stirring in Kitchen Cooking and Baking",SP-jiaobandadan-1,1.85
FBA可售不一致,128,B0H25VH1KH,SP-TU-TTQ-04,SP-TU-TTQ-04,图图,图图,7,3,1,B0GYXBVR59,甜甜圈,"12cm Red White Color Dog Ring Rope Chew Toy, Durable Interactive Tug Toy, Non Slip Pet Teething Toy for Puppy Teeth Cleaning",SP-TU-TTQ-04,4.22
FBA可售不一致,129,B0H2413W96,QS-151-40/41,QS-151-40/41,公司,公司,2,3,0,B0GQBS64JX,溯溪沙滩鞋,"Beach Shoes for Women Men, Aqua Socks, Lightweight Water Footwear, River Dock Fishing Lake Travel Pair",QS-151-40/41,4.99
FBA可售不一致,130,B0H1W44MSZ,SP-qingjieshuang-2,SP-qingjieshuang-2,图图,图图,9,3,0,B0H1W7TT9M,清洁刷,"3Pcs Window Door Track Cleaning Brushes, Hard-to-Reach Gap Cleaner, Ergonomic Handle for Home Office Bathroom Kitchen",SP-qingjieshuang-2,4.98
FBA可售不一致,131,B0H1SBKXH8,QS-126-36/37,QS-126-36/37,公司,公司,3,4,0,B0GQBS64JX,溯溪沙滩鞋,"Beach Shoes for Women Men, Aqua Socks, Quick Dry Water Footwear, Pool Resort Cruise Beach Hotel Travel Pair",QS-126-36/37,4.99
FBA可售不一致,132,B0H1S3CGVF,QS-113-40/41,QS-113-40/41,公司,公司,2,3,0,B0GQBS64JX,溯溪沙滩鞋,"Aqua Socks for Women Men, Water Shoes, Lightweight Swim Footwear, Pool Beach Cruise River Vacation Pair",QS-113-40/41,4.99
FBA可售不一致,133,B0H1RZ84PF,QS-128-44/45,QS-128-44/45,公司,公司,1,2,0,B0GQBS64JX,溯溪沙滩鞋,"Pool Shoes for Women Men, Aqua Socks, Swim Footwear, Quick Dry Beach Lake Resort Cruise Summer Travel Pair",QS-128-44/45,4.99
FBA可售不一致,134,B0H1S44XPS,QS-138-40/41,QS-138-40/41,公司,公司,2,3,0,B0GQBS64JX,溯溪沙滩鞋,"Barefoot Water Socks for Women Men, Aqua Shoes, Swim Footwear, Beach Pool Resort Cruise Summer Travel Pair",QS-138-40/41,4.99
FBA可售不一致,135,B0H1RGRPPT,KCC-YSTBHT-3,KCC-YSTBHT-3,凯旋,凯旋,5,6,0,B0H1MBDTQS,牙刷头保护套,"3 Pack Cute Mushroom Toothbrush Covers, Portable Protective Cases With Clip For Travel Bathroom",KCC-YSTBHT-3,2.99
FBA可售不一致,136,B0H1QYJHCM,SP-hongbeidian-1,SP-hongbeidian-1,图图,图图,4,5,0,B0H1QZZ5MK,烘焙垫2,"2 Pack PTFE Oven Liners, Non-Stick Reusable Oven Bottom Mats, Heat Resistant Baking Mat for Gas Electric Oven",SP-hongbeidian-1,4.88
FBA可售不一致,137,B0H1PS5J84,KCC-DHGTZ-600,KCC-DHGTZ-600,凯旋,凯旋,4,5,0,B0H1PGVC1W,电焊管套组,"600Pcs Solder Seal Wire Connectors Kit, Heat Shrink Waterproof Electrical Terminals for AWG10‑24",KCC-DHGTZ-600,7.99
FBA可售不一致,138,B0H1HK4VMY,SP-tudouyani-1,SP-tudouyani-1,图图,图图,7,4,0,B0H1H7CZ1B,土豆压泥器,"Stainless Steel Potato Masher, Ergonomic Handle Wave Design, Heavy Duty Vegetable Bean Masher for Smooth Mashed Potatoes Baby Food",SP-tudouyani-1,3.98
FBA可售不一致,139,B0H1CGLVSZ,SP-qiepian-1,SP-qiepian-1,图图,图图,13,7,2,B0H1CQQDYS,切片器,"Lemon Tomato Food Tongs, Manual Fruit Slicer Holder, Round Fruit Cutting Stand, Kitchen Gadget for Lemon Lime Orange Tomato",SP-qiepian-1,3.66
FBA可售不一致,140,B0H1HKHR7K,SP-FPtaozu-12feng,SP-FPtaozu-12feng,图图,图图,4,5,0,B0H1HCTD7L,粉扑粉色,"14Pcs Makeup Sponge Puff Set, Beauty Blenders & Mini Puffs, Soft Cotton Foundation Blending Sponges for Powder Cream Liquid Makeup",SP-FPtaozu-12feng,3.89
FBA可售不一致,141,B0H1FL741V,KCC-CCQ-CHENG,KCC-CCQ-CHENG,凯旋,凯旋,3,5,0,B0H1FSPR6N,除草器,"Hand Weeder Tool With Ergonomic Handle, Aluminum Alloy Gardening Weed Puller For Planting Transplanting",KCC-CCQ-CHENG,4.32
FBA可售不一致,142,B0H1D5YFY2,QS-089-38/39,QS-089-38/39,公司,公司,3,7,1,B0GQBS64JX,,Comfort Foldable Beach Shoes Non Slip Water Shoes for Women Men,,4.99
FBA可售不一致,143,B0H1D8YQSX,QS-072-38/39,QS-072-38/39,公司,公司,6,7,0,B0GQBP3SH9,,"Water Shoes for Men Women, Anti Skid Rubber Sole, Slip On, for Rafting Kayak",,3.99
FBA可售不一致,144,B0H14XX9LN,SP-xiaojing1-hl,SP-xiaojing1-hl,图图,图图,5,2,5,B0H14Z7J9N,小镜子红色+绿色,"Compact Hair Brush with Mirror, 2-in-1 Foldable Pocket Comb, Mini Travel Hairbrush with Mirror for Girls Women, Portable On-the-Go Hair Styling Tool",SP-xiaojing1-hl,2.99
FBA可售不一致,145,B0H11KG7KB,KC-B21-L,KC-B21-L,图图,图图,2,3,0,B0HD6F5MYH,,Women Sexy Lightweight Triangle Bikini Top Adjustable Tie Back Bathing Suit Top,,6.64
FBA可售不一致,148,B0GZY44LZR,SP-huanbao-xing,SP-huanbao-xing,图图,图图,8,4,0,B0GZYMCQXS,折叠环保包杏色,"Reusable Cotton Mesh Grocery Bag, Expandable Net Tote Bag for Fruits, Vegetables, Produce, Beach and Shopping",SP-huanbao-xing,2.99
FBA可售不一致,149,B0GZY62HQG,SP-huanbao-hei,SP-huanbao-hei,图图,图图,5,1,0,B0GZYMCQXS,折叠环保包黑色,"Reusable Cotton Mesh Grocery Bag, Expandable Net Tote Bag for Fruits, Vegetables, Produce, Beach and Shopping",SP-huanbao-hei,2.99
FBA可售不一致,150,B0GZVWBQ5B,SP-bingxiang02-hua,SP-bingxiang02-hua,图图,图图,4,6,0,B0GZVPL8WD,冰箱贴花2,"4 PCS Vintage Hand Painted Floral Ceramic Fridge Magnets Set, Retro Flower Decorative Magnets for Home Kitchen Refrigerator Whiteboard Ornament",SP-bingxiang02-hua,4.76
FBA可售不一致,151,B0GZV6CQ3K,KCC-XLYQ-LV,KCC-XLYQ-LV,凯旋,凯旋,22,8,2,B0GZVB5XMB,笑脸圆球,"Cartoon Dog Latex Squeaky Ball Toy, Textured Interactive Chew Ball for Small Dogs, Teething Fetch Toy for Pet Daily Play",KCC-XLYQ-LV,2.99
FBA可售不一致,152,B0GYXBTF5R,SP-TU-6SJ-01,SP-TU-6SJ-01,图图,图图,8,4,0,B0GYXBTF5R,6绳结,"Multi-Arm Cotton Rope Tug Toy, 30CM Interactive Chew Toy for Small/Medium Dogs, Teething, Training & Boredom Relief",SP-TU-6SJ-01,4.22
FBA可售不一致,153,B0GY2S3DSV,SP-XIE1-F36/37,SP-XIE1-F36/37,公司,公司,1,5,1,B0GY2YYSHW,溯溪沙滩鞋,"Quick Dry Water Shoes for Men Women, Anti-Slip Lightweight Aqua Socks for Beach Swim Pool",SP-XIE1-F36/37,3.99
FBA可售不一致,154,B0GY2PY8L2,SP-XIE4-L40/41,SP-XIE4-L40/41,公司,公司,6,8,0,B0GY2YYSHW,溯溪沙滩鞋,"Protective Water Shoes with Anti-Slip Sole, Quick Dry Aqua Socks for Women Men",SP-XIE4-L40/41,4.99
FBA可售不一致,155,B0GXYT9354,KCC-FJ-5,KCC-FJ-5,凯旋,凯旋,1,2,0,B0GXYV653D,发夹,"5 Pack Multi Style Decorative Hair Clips Set, Pearl Crystal Side Hair Barrettes As Daily Hairstyle Accessories For Women Outfit Styling",KCC-FJ-5,2.99
FBA可售不一致,156,B0GXHDDQHX,QS-015-44/45,QS-015-44/45,公司,公司,9,10,0,B0GQBS64JX,溯溪沙滩鞋,Breathable Water Shoes Non Slip Beach Shoes for Women Men Outdoor Sports,QS-015-44/45,4.99
FBA可售不一致,157,B0GXHMK7GF,QS-013-44/45,QS-013-44/45,公司,公司,1,2,0,B0GQBS64JX,溯溪沙滩鞋,"Rafting Water Shoes Unisex, Non Slip Rubber Sole, Stretch Fit Slip On Aqua Shoes",QS-013-44/45,4.99
FBA可售不一致,158,B0GX1BTTFX,QS-022-38/39,QS-022-38/39,公司,公司,7,9,0,B0GQBS64JX,溯溪沙滩鞋,Breathable Water Shoes Non Slip Quick Dry Shoes for Beach Swimming,QS-022-38/39,4.99
FBA可售不一致,159,B0GX1DF7ZK,QS-087-38/39,QS-087-38/39,公司,公司,1,2,0,B0GQBP3SH9,溯溪沙滩鞋,"Water Shoes Men Women, Non Slip Sole, Quick Dry, for Creek Hiking Beach Travel",QS-087-38/39,3.99
FBA可售不一致,160,B0GWM1MJGW,KCC-WSDJB-K,KCC-WSDJB-K,凯旋,凯旋,42,14,1,B0GWLZCV14,网纱单肩包,"Mesh Beach Tote Bag With Zipper, Quick Dry Waterproof Sand Free Bag For Travel, Pool, Gym, Weekend Getaway",KCC-WSDJB-K,2.99
FBA可售不一致,161,B0GWL9WD8Y,SP-XIE-F36/37,SP-XIE-F36/37,公司,公司,10,13,0,B0GWL9YZNY,溯溪沙滩鞋,Men Women Water Shoes Quick Dry Non Slip Barefoot Shoes Lightweight Breathable Beach Swim Surf Yoga Outdoor Sports Aqua Socks,SP-XIE-F36/37,3.99
FBA可售不一致,162,B0GWKS87BC,SP-XIE-S44/45,SP-XIE-S44/45,公司,公司,8,9,0,B0GWL9YZNY,溯溪沙滩鞋,Men Women Water Shoes Quick Dry Non Slip Barefoot Shoes Lightweight Breathable Beach Swim Surf Yoga Outdoor Sports Aqua Socks,SP-XIE-S44/45,4.99
FBA可售不一致,163,B0GWL3GRS9,SP-XIE-H38/39,SP-XIE-H38/39,公司,公司,12,14,0,B0GWL9YZNY,溯溪沙滩鞋,Men Women Water Shoes Quick Dry Non Slip Barefoot Shoes Lightweight Breathable Beach Swim Surf Yoga Outdoor Sports Aqua Socks,SP-XIE-H38/39,3.99
FBA可售不一致,164,B0GWL4ZKYM,SP-XIE-F42/43,SP-XIE-F42/43,公司,公司,10,11,0,B0GWL9YZNY,溯溪沙滩鞋,Men Women Water Shoes Quick Dry Non Slip Barefoot Shoes Lightweight Breathable Beach Swim Surf Yoga Outdoor Sports Aqua Socks,SP-XIE-F42/43,4.99
FBA可售不一致,165,B0GWL2KY5F,SP-XIE-S42/43,SP-XIE-S42/43,公司,公司,3,6,1,B0GWL9YZNY,溯溪沙滩鞋,Men Women Water Shoes Quick Dry Non Slip Barefoot Shoes Lightweight Breathable Beach Swim Surf Yoga Outdoor Sports Aqua Socks,SP-XIE-S42/43,4.99
FBA可售不一致,166,B0GWL9PP46,SP-XIE-F44/45,SP-XIE-F44/45,公司,公司,14,17,0,B0GWL9YZNY,溯溪沙滩鞋,Men Women Water Shoes Quick Dry Non Slip Barefoot Shoes Lightweight Breathable Beach Swim Surf Yoga Outdoor Sports Aqua Socks,SP-XIE-F44/45,4.99
FBA可售不一致,167,B0GWL24F3M,SP-XIE-Q42/43,SP-XIE-Q42/43,公司,公司,4,6,0,B0GWL9YZNY,溯溪沙滩鞋,Men Women Water Shoes Quick Dry Non Slip Barefoot Shoes Lightweight Breathable Beach Swim Surf Yoga Outdoor Sports Aqua Socks,SP-XIE-Q42/43,4.99
FBA可售不一致,168,B0GWL4RQQ1,SP-XIE-F38/39,SP-XIE-F38/39,公司,公司,9,10,0,B0GWL9YZNY,溯溪沙滩鞋,Men Women Water Shoes Quick Dry Non Slip Barefoot Shoes Lightweight Breathable Beach Swim Surf Yoga Outdoor Sports Aqua Socks,SP-XIE-F38/39,3.99
FBA可售不一致,170,B0GWHWJ64G,QS-016-36/37,QS-016-36/37,公司,公司,5,7,0,B0GQBS64JX,溯溪沙滩鞋,"Surf Water Shoes for Men Women, Anti Slip Rubber Sole, Stretch Upper, Quick Dry",QS-016-36/37,4.99
FBA可售不一致,171,B0GWJ233SY,QS-029-44/45,QS-029-44/45,公司,公司,10,11,0,B0GQBP3SH9,溯溪沙滩鞋,"Snorkel Swim Water Shoes Unisex, Non Skid Rubber Sole, Stretch Fit Beach Shoes Black",QS-029-44/45,4.99
FBA可售不一致,172,B0GVJTGYMY,SP-mianjiao-diao,SP-mianjiao-diao,图图,图图,12,7,0,B0GVJZ98H4,免胶假睫毛,"Adhesive-Free Lower Eyelashes, Natural Look Fake Bottom Lashes, Reusable Multiple Styles Soft Under Lashes for Daily Makeup",SP-mianjiao-diao,2.99
FBA可售不一致,173,B0GVJKPCD3,KCC-mianqian-1,KCC-mianqian-1,凯旋,凯旋,16,17,3,B0GTL5WC9K,棉签,"Double Head Cotton Swabs, Wooden Stick Cotton Buds, Disposable Soft Cotton Tips for Ear Cleaning, Makeup, Pet Care and Daily Cleaning",KCC-mianqian-1,2.99
FBA可售不一致,174,B0GV337TG2,KCC-dingqingshoutao-L-honghei,KCC-dingqingshoutao-L-honghei,凯旋,凯旋,14,16,0,B0GV337TG2,丁晴手套,"3 Pairs Nylon Lined Nitrile Coated Work Gloves, Dipped Rubber Non-Slip Safety Gloves for Gardening, Construction, Household & Men",KCC-dingqingshoutao-L-honghei,3.99
FBA可售不一致,175,B0GTLYL3XB,SP-08-01,SP-08-01,图图,图图,5,7,0,B0GTLH8KVW,勺子,"Stainless Steel Demitasse Spoons Set of 2, Gold Silver Mini Espresso Coffee Spoons, Small Spoons for Tea Dessert",SP-08-01,1.55
FBA可售不一致,176,B0GTLT1HHF,SP-TUTU-DQ-02,SP-TUTU-DQ-02,图图,图图,15,18,0,B0GTLRDCTR,宠物玩具,"Durable Dog Rope Chew Toys, Bone Shape Teething Toys, Interactive Tug of War Rope Toys for Small to Medium Dogs",SP-TUTU-DQ-02,2.99
FBA可售不一致,177,B0GTLQPNTQ,SP-TUTU-YMB-07,SP-TUTU-YMB-07,图图,图图,10,8,1,B0GTLNLWP9,宠物玩具,"Dog Rope Knot Chew Toy Set, Teething Relief Toys, Interactive Tug of War Play Toys for Small & Medium Dogs",SP-TUTU-YMB-07,2.99
FBA可售不一致,178,B0GTKH6PCG,KCC-shoushishounahe-28,KCC-shoushishounahe-28,凯旋,凯旋,7,8,0,B0GTKB7C9R,首饰收纳盒,"28 Grid Jewelry Storage Box, Plastic Jewelry Organizer with Removable Dividers for Earrings, Rings, Necklaces, Bracelets, Portable Clear Jewelry Case for Home & Travel",KCC-shoushishounahe-28,2.7
FBA可售不一致,179,B0GS8G6K68,KC-18-01,KC-18-01,图图,凯旋,10,9,4,B0GS8KFR4R,手机链,Keychain for Men Women - Durable Metal Key Chain with Key Ring Car Key Accessory,KC-18-01,1.99
FBA可售不一致,180,B0GS89ZDRG,KC-23-03,KC-23-03,图图,凯旋,11,8,1,B0GS8KFR4R,手机链,Keychain for Men Women - Durable Metal Key Chain with Key Ring Car Key Accessory,KC-23-03,1.99
FBA可售不一致,181,B0GS8M9LS3,KC-01-01,KC-01-01,图图,凯旋,7,0,2,B0GS8KFR4R,手机链,"2 Pcs Random Style Keychains for Men Women, Durable Key Chain with Key Ring, Car Key Accessories",KC-01-01,1.99
FBA可售不一致,182,B0GQBS5KJJ,QS-071-42/43,QS-071-42/43,公司,公司,3,4,0,B0GQBP3SH9,溯溪沙滩鞋,Quick Dry Foldable Water Shoes Comfort Non Slip Beach Walking Shoes,QS-071-42/43,4.69
FBA可售不一致,183,B0GQBNF49L,QS-015-42/43,QS-015-42/43,公司,公司,8,9,0,B0GQBS64JX,溯溪沙滩鞋,Breathable Water Shoes Non Slip Beach Shoes for Women Men Outdoor Sports,QS-015-42/43,4.99
FBA可售不一致,184,B0GQBT5JD9,QS-051-42/43,QS-051-42/43,公司,公司,3,4,0,B0GQBZY2T5,溯溪沙滩鞋,"Beach Aqua Shoes Unisex, Non Slip Rubber Sole, Comfortable Insole, for Ocean",QS-051-42/43,4.99
FBA可售不一致,185,B0GQBR7MKR,QS-084-40/41,QS-084-40/41,公司,公司,9,10,0,B0GQBP3SH9,溯溪沙滩鞋,"Snorkeling Water Shoes for Men Women, Non Slip Rubber Sole, Quick Dry Beach Shoes",QS-084-40/41,4.99
FBA可售不一致,186,B0GQBZ5217,QS-015-40/41,QS-015-40/41,公司,公司,4,6,0,B0GQBS64JX,溯溪沙滩鞋,Breathable Water Shoes Non Slip Beach Shoes for Women Men Outdoor Sports,QS-015-40/41,4.99
FBA可售不一致,187,B0GL916YJS,ZD003-White-7/8,ZD003-White-7/8,公司,公司,2,4,0,B0GL9J1BLX,折叠拖鞋002白,"Foldable EVA Flip Flops for Women Men, Wide Strap Non-Slip Travel Sandals, Lightweight Quick-Drying Beach Slippers for Vacation, Pool & Shower",ZD003-White-7/8,3.99
FBA可售不一致,188,B0H8C298PP,SP-shuqian-zi,SP-shuqian-zi,图图,图图,4,0,0,B0H8BS1F8F,书签,"1 Pack Purple Apple Slice Acrylic Bookmark, Transparent Fruit Page Marker for Book Lovers Reading Journal Gift",SP-shuqian-zi,1.89
FBA可售不一致,189,B0H77KVSJR,Spraybottle-Brown-cc1,Spraybottle-Brown-cc1,cccady,cccady,1,2,0,B0H77KVSJR,复古玻璃喷壶-200ml款式3-彩色,"Vintage Glass Plant Mister Spray Bottle, 200ml Decorative Water Sprayer for Indoor Plants, Brown",Spraybottle-Brown-cc1,5.49
FBA可售不一致,191,B0H5NRQYTL,SP-xiangquan1-38-hui,SP-xiangquan1-38-hui,图图,图图,5,6,0,B0H5NQJPLY,猫咪项圈灰色,"8-Month Long Lasting Pet Neck Collar for Dogs & Cats, Adjustable Waterproof Daily Wearing Collar, Skin Friendly Hypoallergenic Pet Accessory",SP-xiangquan1-38-hui,2.44
FBA可售不一致,193,B0H59X9G81,WESKCC-chuanwa-6se,WESKCC-chuanwa-6se,凯旋,凯旋,2,3,0,B0H5BBR3JR,,"6 Pairs Men's No Show Socks, Low Cut Liner Socks, Multicolor Invisible Socks For Daily Casual Wear",,5.4
FBA可售不一致,194,B0H4ZKSMFK,SP-yanjingqiang1-1,SP-yanjingqiang1-1,图图,图图,7,2,3,B0H4ZQZNNP,置物架眼镜盒,"Adhesive Wall Mount Eyeglasses Holder, Clear Acrylic Sunglasses Storage Organizer, No Drill Glasses Rack for Bathroom Vanity Bedroom Cabinet Wall",SP-yanjingqiang1-1,1.59
FBA可售不一致,195,B0H4T7JFNB,KCC-FHBWB-HEI,KCC-FHBWB-HEI,凯旋,凯旋,4,5,0,B0H4SNVS2K,户外保温杯,"30 Oz Non Slip Textured Travel Tumbler With Carry Handle And Flip Straw, Leakproof Stainless Steel Drink Mug For Driving Outdoor Use",KCC-FHBWB-HEI,12.84
FBA可售不一致,196,B0H4SPQF52,KCC-FHBWB-BAI,KCC-FHBWB-BAI,凯旋,凯旋,4,5,0,B0H4SNVS2K,户外保温杯,"30 Oz Non Slip Textured Travel Tumbler With Carry Handle And Flip Straw, Leakproof Stainless Steel Drink Mug For Driving Outdoor Use",KCC-FHBWB-BAI,12.84
FBA可售不一致,197,B0H4SWX2ZD,KCC-FHBWB-HUI,KCC-FHBWB-HUI,凯旋,凯旋,4,5,0,B0H4SNVS2K,户外保温杯,"30 Oz Non Slip Textured Travel Tumbler With Carry Handle And Flip Straw, Leakproof Stainless Steel Drink Mug For Driving Outdoor Use",KCC-FHBWB-HUI,12.84
FBA可售不一致,198,B0H4SNSQGY,KCC-QB1-1,KCC-QB1-1,凯旋,凯旋,4,5,0,B0H4T18PCH,钱包,"Mini Lock Clip Coin Purse, Genuine Leather Portable Storage Bag, Solid Color Small Wallet for Women",KCC-QB1-1,6.99
FBA可售不一致,200,B0H4RBC8KS,SP-fanbu-hua,SP-fanbu-hua,图图,图图,12,4,1,B0H4R5Y4WB,化妆包帆布花,"Floral Print Canvas Cosmetic Bag, Multi-Use Zipper Pouch, Portable Travel Makeup Organizer for Women",SP-fanbu-hua,1.99
FBA可售不一致,201,B0H4LDKQJ4,WESSP-B14-L,WESSP-B14-L,图图,图图,1,2,0,B0H4L56X4Y,泳衣红色,String Bikini Tops for Women Sexy Triangle Bathing Suit Tops Adjustable Tie Back Swim Tops Black,WESSP-B14-L,6.66
FBA可售不一致,202,B0H4HFHXR2,FlipFlops-ZD-ClassicBlack-8,FlipFlops-ZD-ClassicBlack-8,cccady,cccady,13,14,0,B0HB4TD2TW,,"Foldable Flip Flops for Men and Women Portable Lightweight Non-Slip Quick Dry Travel Sandals, Classic Black, Size 8",,3.99
FBA可售不一致,203,B0H4H4DT9L,FlipFlops-ZD-RoseRed-9,FlipFlops-ZD-RoseRed-9,cccady,cccady,13,14,0,B0HB4TD2TW,,"Foldable Flip Flops for Men and Women Portable Lightweight Non-Slip Quick Dry Travel Sandals, Rose Red, Size 9",,3.99
FBA可售不一致,204,B0H4H6MHDJ,FlipFlops-ZD-LemonYellow-8,FlipFlops-ZD-LemonYellow-8,cccady,cccady,14,15,0,B0HB4TD2TW,,"Foldable Flip Flops for Men and Women Portable Lightweight Non-Slip Quick Dry Travel Sandals, Lemon Yellow, Size 8",,3.99
FBA可售不一致,206,B0H45TL91Y,XXB-Reed-Sticks-Natural,XXB-Reed-Sticks-Natural,cccady,cccady,9,10,0,B0H45TL91Y,香薰挥发棒-原色藤条50支,Generic Diffuser Replacement Sticks 22cm Natural Fiber 50 Count,XXB-Reed-Sticks-Natural,3.29
FBA可售不一致,209,B0GWZX4VNF,Pet-Ldq-Brown,Pet-Ldq-Brown,cccady,cccady,4,5,0,B0HB5YC4VY,猫咪铃铛项圈-深棕色,"Velvet Pet Collar with Bell, Adjustable Collar for Cats and Small Dogs, Daily Wear and Indoor Outdoor Use, Dark Brown",Pet-Ldq-Brown,7.99
FBA可售不一致,211,B0GXFJJCJH,Pet-XQ-ReW65,Pet-XQ-ReW65,cccady,cccady,10,0,0,B0HBMV3966,舒缓宠物项圈-白色,"Pet Collar for Dogs & Cats 65cm, Adjustable Waterproof Collar for Daily Wear",Pet-XQ-ReW65,2.79
FBA可售不一致,214,B0GZB23F6H,KFLZ-Y-Natural-60,KFLZ-Y-Natural-60,cccady,cccady,9,10,0,B0HBB92HG4,圆形咖啡滤纸-原色60mm,"100 Count Round Disposable Coffee Filters for Coffee Makers, Natural Wood Pulp Paper",KFLZ-Y-Natural-60,4.48
FBA可售不一致,215,B0H2S9MR7T,Sock-5-L-Green,Sock-5-L-Green,cccady,cccady,4,5,0,B0HBLJ4MK2,,"Women's Non-Slip Five-Toe Yoga Grip Socks, Cotton Pilates Barre Crew Socks, Green",,4.79
FBA可售不一致,217,B0H2FGHVXD,YJQ-Ball-CloudPink,YJQ-Ball-CloudPink,cccady,cccady,2,3,0,B0HBK3P2R6,普拉提小球-云彩粉,"Small Exercise Ball, Mini Pilates Ball for Yoga, Core Training, Cloud Pink",YJQ-Ball-CloudPink,5.99
FBA可售不一致,218,B0GZB6CTDS,KFLZ-Y-White-60,KFLZ-Y-White-60,cccady,cccady,9,10,0,B0HBB92HG4,圆形咖啡滤纸-白色60mm,"100 Count Round Disposable Coffee Filters for Coffee Makers, Natural Wood Pulp Paper",KFLZ-Y-White-60,4.48
FBA可售不一致,219,B0H2S9T917,Sock-5-S-Green,Sock-5-S-Green,cccady,cccady,4,5,0,B0HBL686YK,防滑五指瑜伽袜-草绿,"Women's Non-Slip Five-Toe Yoga Grip Socks, Cotton Pilates Barre Low Cut Socks, Green",Sock-5-S-Green,4.49
FBA可售不一致,223,B0H45F4ZLP,KCC-STK-AM-XL,KCC-STK-AM-XL,凯旋,凯旋,1,2,0,B0HDB3X9SL,沙滩裤,"Mens Swim Trunks, Mini Pineapple Print Board Shorts with Drawstring Waist for Resort and Summer Casual Trips",KCC-STK-AM-XL,6.99
FBA可售不一致,224,B0H457GMLL,KCC-STK-AP-L,KCC-STK-AP-L,凯旋,凯旋,1,2,0,B0HDB3X9SL,沙滩裤,"Mens Swim Trunks, Banana Print Board Shorts with Drawstring Waist for Resort and Summer Casual Outings",KCC-STK-AP-L,6.99
FBA可售不一致,227,B0H3PHPN27,SP-huazhuang2tou-2,SP-huazhuang2tou-2,图图,图图,6,5,0,B0H3PJ2HB3,化妆刷 2 头,"2 Pack Dual End Makeup Brushes, 2-in-1 Foundation Concealer Brush Set, Synthetic Vegan Blush Contour Brush for Liquid Cream Powder Cosmetics",SP-huazhuang2tou-2,2.99
FBA可售不一致,228,B0H3P6GLC5,SP-youqishua-2kuan,SP-youqishua-2kuan,图图,图图,26,15,0,B0H3PB736Q,油漆刷2宽,"Single Angled/Flat Paint Brush, Solid Wooden Handle Stain Brush, Premium Bristle Sash Brush for Wall Trim, Varnish, Furniture DIY Home Painting",SP-youqishua-2kuan,1.99
FBA可售不一致,230,B0H3NCR6DS,SP-mopan-1,SP-mopan-1,图图,图图,13,8,2,B0H3N5M16J,调味料磨盘,"Manual Pepper Grinder, Stainless Steel Top Spice Mill with Clear Glass Bottle, Adjustable Coarseness Salt Pepper Shaker for Kitchen Cooking, BBQ & Dining",SP-mopan-1,4.29
FBA可售不一致,231,B0H3N85YXB,SP-luoyedai-1,SP-luoyedai-1,图图,图图,2,3,0,B0H3N1959R,落叶袋,"79 Gallon Reusable Garden Leaf Bags, Heavy Duty Yard Waste Bags with Reinforced Handles, Collapsible Lawn Bags for Leaves, Grass Clippings, Gardening",SP-luoyedai-1,8.32
FBA可售不一致,232,B0H3N7FMYW,KCC-FZMD-BAI,KCC-FZMD-BAI,凯旋,凯旋,25,8,3,B0H3MWTSLF,仿真牡丹,"Single Artificial Peony Bouquet, 11.8 Inch Faux Ranunculus Flower Bush with Buds & Green Leaves, Fake Silk Flowers for Vase Centerpiece Wedding Home Table Decor",KCC-FZMD-BAI,5.59
FBA可售不一致,238,B0H2MHXM9M,QS-2624-38/39,QS-2624-38/39,公司,公司,1,2,0,B0GQBS64JX,溯溪沙滩鞋,"Water Shoes for Women Men, Slip On Pool Shoes for Beach Resort Shower Cruise Dock Travel Footwear, 2624, Adult Travel",QS-2624-38/39,4.99
FBA可售不一致,240,B0H2MD7CG1,QS-2629-38/39,QS-2629-38/39,公司,公司,1,2,0,B0GQBS64JX,溯溪沙滩鞋,"Water Shoes for Women Men, Aqua Socks, Slip On Swim Shoes for Beach Pool Lake Boat Resort Travel Pair, 2629, Adult Travel",QS-2629-38/39,4.99
FBA可售不一致,241,B0H2MD3LW2,QS-C119-38/39,QS-C119-38/39,公司,公司,1,2,0,B0GQBS64JX,溯溪沙滩鞋,"Water Shoes for Women Men, Lightweight Swim Shoes for Beach Hotel Pool Lake Marina Resort Travel Pair, C119, Adult Travel",QS-C119-38/39,4.99
FBA可售不一致,243,B0H2M95J21,QS-2515-38/39,QS-2515-38/39,公司,公司,1,2,0,B0GQBS64JX,溯溪沙滩鞋,"Water Shoes for Women Men, Lightweight Swim Shoes for Beach Hotel Pool Lake Marina Resort Travel Pair, 2515, Adult Travel",QS-2515-38/39,4.99
FBA可售不一致,244,B0H2MBYWXT,QS-2624-40/41,QS-2624-40/41,公司,公司,1,2,0,B0GQBS64JX,溯溪沙滩鞋,"Water Shoes for Women Men, Slip On Pool Shoes for Beach Resort Shower Cruise Dock Travel Footwear, 2624, Adult Travel",QS-2624-40/41,4.99
FBA可售不一致,246,B0H2MLTH4V,QS-2561-38/39,QS-2561-38/39,公司,公司,1,2,0,B0GQBS64JX,溯溪沙滩鞋,"Water Shoes for Women Men, Aqua Socks, Slip On Swim Shoes for Beach Pool Lake Boat Resort Travel Pair, 2561, Adult Travel",QS-2561-38/39,4.99
FBA可售不一致,249,B0H2MJMTB8,QS-2532-40/41,QS-2532-40/41,公司,公司,1,2,0,B0GQBS64JX,溯溪沙滩鞋,"Water Shoes for Women Men, Slip On Pool Shoes for Beach Resort Shower Cruise Dock Travel Footwear, 2532, Adult Travel",QS-2532-40/41,4.99
FBA可售不一致,252,B0H2LMCW2K,SP-pukeshoula-1,SP-pukeshoula-1,图图,图图,15,13,4,B0H2LDYSGY,收纳盒扑克,"Transparent Plastic Card Storage Box, Portable Game Card Organizer, Desktop Holder for Playing Cards Business Cards",SP-pukeshoula-1,1.98
FBA可售不一致,253,B0H2LFLQ5J,SP-jingangshua-1,SP-jingangshua-1,图图,图图,4,5,0,B0H2LG4WYZ,金刚刷,"Nano Emery Sponge Cleaning Block, Abrasive Scrub Pad, Heavy Duty Kitchen Cleaner for Pots, Pans and Surfaces",SP-jingangshua-1,1.99
FBA可售不一致,258,B0H2GQ6QV7,SP-magicruler-22,SP-magicruler-22,图图,图图,19,18,0,B0H2GSYWJC,玩具游戏,"Magic Ruler, Scratch Art Kit, 22 Pcs Drawing Stencil Set for Creative Activities and Travel Play",SP-magicruler-22,3.86
FBA可售不一致,261,B0H2841KB6,KCC-GGQYS-HEI,KCC-GGQYS-HEI,凯旋,凯旋,9,11,0,B0H27TRCTG,狗狗牵引绳,"Reflective No Pull Dog Harness with Leash, Adjustable Breathable Pet Vest for Small Medium Dogs",KCC-GGQYS-1,4.29
FBA可售不一致,262,B0H1W7PVDR,KCC-MYSSL-1,KCC-MYSSL-1,凯旋,凯旋,4,5,0,B0H1W5BP2G,猫眼石手链,"Cat's Eye Beaded Stretch Bracelet With Butterfly Charm, Adjustable Fashion Jewelry For Women Daily Wear",KCC-MYSSL-1,1.89
FBA可售不一致,265,B0H1VY6PW8,KCC-M8PZLS-10TAO,KCC-M8PZLS-10TAO,凯旋,凯旋,3,4,1,B0H1VK8V8G,M8膨胀螺丝,"10Sets M8 Metal Wall Anchors with M5 Screws, Heavy‑Duty Expansion Bolt Kits for Concrete Drywall Brick",KCC-M8PZLS-10TAO,1.45
FBA可售不一致,266,B0H1VFBVL9,KCC-LBWG-10GE,KCC-LBWG-10GE,凯旋,凯旋,25,14,0,B0H1VHTD8P,铝箔碗盖,"10Pcs Disposable Aluminum Foil Elastic Bowl Covers, Universal Stretch‑Fit Food Storage Lids For Kitchen Fresh‑Keeping",KCC-LBWG-10GE,3.99
FBA可售不一致,269,B0H1S214DJ,QS-039-36/37,QS-039-36/37,公司,公司,1,2,0,B0GQBW741V,,"Protective Water Shoes Unisex, Non Slip Rubber Outsole, for Reef Ocean Beach",,4.99
FBA可售不一致,271,B0H1S5V6VT,QS-123-40/41,QS-123-40/41,公司,公司,2,3,0,B0GQBS64JX,溯溪沙滩鞋,"Beach Shoes for Women Men, Aqua Socks, Water Shoes, Quick Dry Pool River Lake Cruise Resort Travel Pair",QS-123-40/41,4.99
FBA可售不一致,280,B0H1RZFY8J,QS-139-42/43,QS-139-42/43,公司,公司,2,3,0,B0GQBS64JX,溯溪沙滩鞋,"Barefoot Water Socks for Women Men, Aqua Shoes, Pool Footwear, River Lake Beach Resort Summer Travel Pair",QS-139-42/43,4.99
FBA可售不一致,287,B0H1S5RS6F,QS-123-36/37,QS-123-36/37,公司,公司,1,2,0,B0GQBS64JX,溯溪沙滩鞋,"Beach Shoes for Women Men, Aqua Socks, Water Shoes, Quick Dry Pool River Lake Cruise Resort Travel Pair",QS-123-36/37,4.99
FBA可售不一致,288,B0H1S2H9YV,QS-127-40/41,QS-127-40/41,公司,公司,1,2,0,B0GQBS64JX,溯溪沙滩鞋,"Beach Shoes for Women Men, Aqua Socks, Lightweight Water Footwear, River Dock Fishing Summer Travel Pair",QS-127-40/41,4.99
FBA可售不一致,292,B0H1QXNB3K,SP-beizishuazi-1,SP-beizishuazi-1,图图,图图,13,9,0,B0H2GNJXCP,杯子刷子,"Long Handle Silicone Bottle Brush, Flexible Cup Cleaning Brush for Bottles Mugs Tumblers, Gray",SP-beizishuazi-1,1.98
FBA可售不一致,294,B0H1Q75SDV,KCC-BXMT-100,KCC-BXMT-100,凯旋,凯旋,9,10,0,B0H1Q2DRY7,保鲜膜套,"100Pcs Disposable Elastic Food Storage Covers, Stretchable PE Plastic Bowl Covers For Kitchen Fresh Keeping",KCC-BXMT-100,4.99
FBA可售不一致,295,B0H1Q18J7L,KCC-STYSK-1,KCC-STYSK-1,凯旋,凯旋,43,50,0,B0H1PW4BTT,水豚钥匙扣,"Cute Capybara Keychain With Little Turtle, Kawaii Resin Animal Bag Charm For Backpack Purse",KCC-STYSK-1,1.33
FBA可售不一致,300,B0H1HZWT58,SP-zhuajia-4,SP-zhuajia-4,图图,图图,2,1,2,B0H1HWLYLR,抓夹,"4 Pack Large Claw Clips for Thick Long Hair, Matte Non-Slip Rectangle Jaw Clips, Strong Hold Big Hair Clips Neutral Colors for Women",SP-zhuajia-4,4.95
FBA可售不一致,301,B0H1HHCW4X,SP-tiaoliao-2,SP-tiaoliao-2,图图,图图,4,5,0,B0H1HDYV2J,调料瓶2,"2 Pack 4oz Glass Salt and Pepper Shakers Set, Stainless Steel Lid Spice Jars, Refillable Seasoning Containers for Kitchen Table RV Camp BBQ",SP-tiaoliao-2,5.58
FBA可售不一致,303,B0H1H427RM,KCC-GJH-1,KCC-GJH-1,凯旋,凯旋,1,3,0,B0H1H5XH8M,工具盒,"32 Grids Clear Plastic Bead Storage Organizer, Compartment Container Box For Jewelry Small Parts Crafts",KCC-GJH-1,6.99
FBA可售不一致,304,B0H1FBXM72,SP-guolvgui-lv,SP-guolvgui-lv,图图,图图,10,4,0,B0H1FQJ948,过滤网绿色,"Silicone Bathroom Drain Hair Catcher, Stainless Steel Sink Strainer, Irregular Pattern Bathtub Drain Filter Stopper for Kitchen Bathroom",SP-guolvgui-lv,1.99
FBA可售不一致,305,B0H1FG6JJN,SP-guolvgui-huang,SP-guolvgui-huang,图图,图图,10,5,0,B0H1FQJ948,过滤网黄色,"Silicone Bathroom Drain Hair Catcher, Stainless Steel Sink Strainer, Irregular Pattern Bathtub Drain Filter Stopper for Kitchen Bathroom",SP-guolvgui-huang,1.99
FBA可售不一致,309,B0H1DC9KJX,QS-010-38/39,QS-010-38/39,公司,公司,1,2,0,B0GQBS64JX,,"Diving Water Shoes for Men Women, Non Skid Rubber Sole, Quick Dry Swim Shoes",,4.99
FBA可售不一致,311,B0H1D1K841,QS-089-44/45,QS-089-44/45,公司,公司,6,7,1,B0GQBS64JX,,Comfort Foldable Beach Shoes Non Slip Water Shoes for Women Men,,4.99
FBA可售不一致,314,B0H1D82X4M,QS-089-36/37,QS-089-36/37,公司,公司,3,5,1,B0GQBS64JX,,Comfort Foldable Beach Shoes Non Slip Water Shoes for Women Men,,4.99
FBA可售不一致,317,B0H1CQ4K7Z,SP-yarou-1,SP-yarou-1,图图,图图,11,13,1,B0H1CHWDHQ,压肉器,"Press for Griddle, Burger Press Grill Weight with Handle, Rectangular BBQ Bacon Steak Press for Smash Burgers, Panini and Outdoor Cooking",SP-yarou-1,5.66
FBA可售不一致,319,B0H1CG6HHT,SP-mojing-2,SP-mojing-2,图图,图图,12,6,0,B0H1CJ5M4X,眼镜袋,"2 Pack Soft Eyeglasses Case, PU Leather Sunglasses Pouch, Portable Squeeze Glasses Bag, Pocket Eyewear Holder for Women Men",SP-mojing-2,1.99
FBA可售不一致,320,B0H19XM86Y,KCC-mianqiu-M,KCC-mianqiu-M,凯旋,凯旋,10,0,2,B0GYXY2RDQ,宠物玩具,"Natural Color Dog Rope Ball Toy, Interactive Tug Chew Ball for Small Dogs, Teething Knot Rope Toy for Pet Daily Play",KCC-mianqiu-1,2.99
FBA可售不一致,322,B0H159L2TH,QS-088-36/37,QS-088-36/37,公司,公司,1,0,1,B0GQBP3SH9,,"Unisex Printed Water Shoes, Anti Skid Rubber Sole, Lightweight Slip On Beach Shoes",,3.99
FBA可售不一致,325,B0H156VMR6,QS-014-36/37,QS-014-36/37,公司,公司,1,0,0,B0GQBS64JX,,"Pool Water Shoes for Men Women, Anti Skid Sole, Quick Dry, Lightweight Swim Shoes",,4.99
FBA可售不一致,327,B0H14PTMQT,SP-xiaojing1-hz,SP-xiaojing1-hz,图图,图图,9,5,5,B0H14Z7J9N,小镜子黄+紫色,"Compact Hair Brush with Mirror, 2-in-1 Foldable Pocket Comb, Mini Travel Hairbrush with Mirror for Girls Women, Portable On-the-Go Hair Styling Tool",SP-xiaojing1-hz,2.99
FBA可售不一致,331,B0GZZT7QR1,SP-shouna-hh,SP-shouna-hh,图图,图图,10,9,1,B0GZZMTTF5,收纳包,"2 Pcs Mini Storage Bag, Portable Square Cosmetic Pouch, Lightweight Travel Organizer Bag Small Makeup Storage Pouch for Home Travel Daily Use Multicolor",SP-shouna-hh,2.99
FBA可售不一致,333,B0GZYVZPQB,YQ-QWER-2026423-SJQ,YQ-QWER-2026423-SJQ,凯旋,凯旋,3,4,0,B0GZYVZPQB,水晶球,"Glass Crystal Ball for Women-3D Inner Carved Glass Ball Decor with Stand, Sculpture Decor for Desk Shelf Mantel Office Bedroom (Rose)",YQ-QWER-2026423-SJQ,5.5
FBA可售不一致,336,B0GZYW21CF,YQ-QWER-2026420-AMD-1,YQ-QWER-2026420-AMD-1,凯旋,凯旋,2,3,1,B0GZYYFCCC,硅胶洗脚垫,"Foot Scrubber Mat for Shower- Feet Scrubber Massager with Suction Cups, Silicone Shower Foots Cleaner for Bathroom Home Spa Travel (Blue)",YQ-QWER-2026420-AMD-1,2.16
FBA可售不一致,338,B0GZYZM23C,YQ-QWER-2026426-SJQ,YQ-QWER-2026426-SJQ,凯旋,凯旋,3,2,1,B0GZYZM23C,水晶球,"Glass Crystal Ball for Women-3D Inner Carved Glass Ball Decor with Stand, Sculpture Decor for Desk Shelf Mantel Office Bedroom (Cat-Butterfly)",YQ-QWER-2026426-SJQ,5.5
FBA可售不一致,340,B0GZYW33K7,YQ-QWER-2026425-SJQ,YQ-QWER-2026425-SJQ,凯旋,凯旋,3,2,0,B0GZYW33K7,水晶球,"Glass Crystal Ball for Women-3D Inner Carved Glass Ball Decor with Stand, Sculpture Decor for Desk Shelf Mantel Office Bedroom (Cat-Flower)",YQ-QWER-2026425-SJQ,5.5
FBA可售不一致,344,B0GZYFJCLF,SP-huanbao-zhe-lu,SP-huanbao-zhe-lu,图图,图图,6,4,3,B0GZY8JYQ8,折叠环保包绿色,"Foldable Reusable Tote Bag, No-Hole Textured Shopping Bag for Small Items, Gift Box Cover, Travel Storage",SP-huanbao-zhe-lu,2.99
FBA可售不一致,346,B0GZVK79NP,KCC-YSK-MU,KCC-YSK-MU,凯旋,凯旋,18,19,1,B0H25VDZ2H,钥匙扣,"Blank Brown Resin Keychain with Faux Leather Strap and Metal Key Ring, Rectangular DIY Engraving Key Fob",KCC-YSK-MU,1.56
FBA可售不一致,348,B0GZV4XSSY,KCC-YYB-CHENG,KCC-YYB-CHENG,凯旋,凯旋,5,6,0,B0GZVHTPL5,咬牙棒,"Textured Dog Chew Stick Toy, Teething Dental Cleaning Molar Toy for Small Dogs, Gum Massage Chew Stick for Pet Daily Play",KCC-YYB-CHENG,2.99
FBA可售不一致,350,B0GZNT9XSH,QS-529-A96-28-29,QS-529-A96-28-29,公司,公司,1,0,2,B0GYX16S5J,,"Kids Water Shoes, Cute Shark Print Quick-Dry Aqua Socks for Toddler Boys Girls, Non-Slip Swim Shoes for Beach, Pool, Water Park, River Trekking, and Indoor Activities",,4.99
FBA可售不一致,351,B0GZNY98XJ,QS-101-36/37,QS-090-36/37 / QS-101-36/37 / QS-098-36/37,公司,公司,1,8,0,B0GQBS64JX,,"Beach Water Shoes Unisex, Anti Slip Pattern Sole, Quick Dry Swim Shoes for Ocean",,4.99
FBA可售不一致,354,B0GZNY98XJ,QS-098-36/37,QS-090-36/37 / QS-101-36/37 / QS-098-36/37,公司,公司,7,8,0,B0GQBS64JX,,"Beach Water Shoes Unisex, Anti Slip Pattern Sole, Quick Dry Swim Shoes for Ocean",,4.99
FBA可售不一致,357,B0GZ1P4Q1B,ZD003-White-9/10,ZD003-White-9/10,公司,公司,2,0,1,B0GL9J1BLX,人字拖,"Foldable EVA Flip Flops for Women Men, Wide Strap Non-Slip Travel Sandals, Lightweight Quick-Drying Beach Slippers for Vacation, Pool & Shower",ZD003-White-9/10,3.99
FBA可售不一致,358,B0GZ18CCWR,ZD003-Black-10/11,ZD003-Black-10/11,公司,公司,2,0,0,B0GL9J1BLX,人字拖,"Foldable EVA Flip Flops for Women Men, Wide Strap Non-Slip Travel Sandals, Lightweight Quick-Drying Beach Slippers for Vacation, Pool & Shower",ZD003-Black-10/11,3.99
FBA可售不一致,359,B0GZ2GFSFL,ZD003-White-10/11,ZD003-White-10/11,公司,公司,3,2,0,B0GL9J1BLX,人字拖,"Foldable EVA Flip Flops for Women Men, Wide Strap Non-Slip Travel Sandals, Lightweight Quick-Drying Beach Slippers for Vacation, Pool & Shower",ZD003-White-10/11,3.99
FBA可售不一致,361,B0GZ213HB8,ZD003-Yellow-9/10,ZD003-Yellow-9/10,凯旋,公司,4,2,0,B0GL9J1BLX,人字拖,"Foldable EVA Flip Flops for Women Men, Wide Strap Non-Slip Travel Sandals, Lightweight Quick-Drying Beach Slippers for Vacation, Pool & Shower",ZD003-Yellow-9/10,3.99
FBA可售不一致,363,B0GYZBXR4B,SP-TU-6JT-01,SP-TU-6JT-01,图图,图图,8,7,3,B0GYXBKG5T,6件套,"Dog Rope Toys Set of 6, Cotton Interactive Chew Toys for Small/Medium Dogs, Teething & Training Variety Pack",SP-TU-6JT-01,9.89
FBA可售不一致,364,B0GYYL9J3D,KCC-SDshengjie-1,KCC-SDshengjie-1,凯旋,凯旋,8,9,0,B0GYXX7NM4,宠物玩具,"Cross Shaped Dog Rope Toy, Interactive Multi Tug Chew Toy for Small Dogs, Teething Four Way Rope Toy for Pet Daily Play",KCC-SDshengjie-1,3.37
FBA可售不一致,365,B0GYYSZY4F,SP-TU-BZQ-01,SP-TU-BZQ-01,图图,图图,8,7,2,B0GYXBVR59,辫子球,"Dog Braided Rope Ball Toy, 38CM Cotton Tug & Fetch Toy for Medium Dogs, Durable Teething & Training Toy",SP-TU-BZQ-01,4.66
FBA可售不一致,367,B0GYXQ38YM,QS-527-A110-34-35,QS-527-A110-34-35,公司,公司,2,3,0,B0GYX16S5J,潜水溯溪鞋,"Kids Water Shoes, Cute Starfish Print Quick-Dry Aqua Socks for Toddler Boys Girls, Non-Slip Swim Shoes for Beach, Pool, Water Park, River Trekking, and Indoor Activities",QS-527-A110-34-35,4.99
FBA可售不一致,368,B0GYXQN6CV,KCC-xiaoshizi-h,KCC-xiaoshizi-h,凯旋,凯旋,18,5,4,B0GYZ941PY,宠物玩具,"Lion Shaped Dog Rope Toy, Interactive Tug Chew Toy for Small Dogs, Teething Rope Knot Toy for Pet Daily Play",KCC-xiaoshizi-h,3.73
FBA可售不一致,370,B0GYYLMR8G,KCC-mahuaquan-1,KCC-mahuaquan-1,凯旋,凯旋,8,6,2,B0GYYM1WG2,宠物玩具,"Natural Color Dog Ring Rope Toy, Interactive Tug Chew Ring for Small Dogs, Teething Knot Rope Toy for Pet Daily Play",KCC-mahuaquan-1,3.69
FBA可售不一致,373,B0GYXXN95W,KCC-shouhuantangguo-cai,KCC-shouhuantangguo-cai,凯旋,凯旋,4,6,0,B0GYXQJ7WV,宠物玩具,"Ring Shaped Dog Rope Toy, Interactive Tug Chew Toy for Small Dogs, Teething Rope Knot Toy for Pet Daily Play",KCC-shouhuantangguo-cai,3.31
FBA可售不一致,374,B0GYZ28MV2,QS-526-B17-34-35,QS-526-B17-34-35,公司,公司,2,3,0,B0GYX16S5J,潜水溯溪鞋,"Kids Water Shoes, Cute Whale & Seahorse Print Quick-Dry Aqua Socks for Toddler Boys Girls, Non-Slip Swim Shoes for Beach, Pool, Water Park, River Trekking, and Indoor Activities",QS-526-B17-34-35,4.99
FBA可售不一致,375,B0GYYM96PX,SP-TU-STYQ-01,SP-TU-STYQ-01,图图,图图,12,11,0,B0GYXBVR59,双太阳球,"Dog Ring Rope Chew Toy, 35CM Heavy Duty Cotton Tug Toy for Medium Dogs, Durable Teething & Training Toy",SP-TU-STYQ-01,4.78
FBA可售不一致,376,B0GYY96ZG6,QS-528-A95-30-31,QS-528-A95-30-31,公司,公司,1,2,0,B0GYX16S5J,潜水溯溪鞋,"Kids Water Shoes, Cute Dolphin Print Quick-Dry Aqua Socks for Toddler Boys Girls, Non-Slip Swim Shoes for Beach, Pool, Water Park, River Trekking, and Indoor Activities",QS-528-A95-30-31,4.99
FBA可售不一致,377,B0GYX5XS6L,QS-528-A95-32-33,QS-528-A95-32-33,公司,公司,2,3,0,B0GYX16S5J,潜水溯溪鞋,"Kids Water Shoes, Cute Dolphin Print Quick-Dry Aqua Socks for Toddler Boys Girls, Non-Slip Swim Shoes for Beach, Pool, Water Park, River Trekking, and Indoor Activities",QS-528-A95-32-33,4.99
FBA可售不一致,378,B0GYX5VS9F,QS-527-A110-32-33,QS-527-A110-32-33,公司,公司,2,1,0,B0GYX16S5J,潜水溯溪鞋,"Kids Water Shoes, Cute Starfish Print Quick-Dry Aqua Socks for Toddler Boys Girls, Non-Slip Swim Shoes for Beach, Pool, Water Park, River Trekking, and Indoor Activities",QS-527-A110-32-33,4.99
FBA可售不一致,382,B0GYRPC9GF,QS-098-44/45,QS-098-44/45,公司,公司,3,1,1,B0GQBS64JX,潜水溯溪鞋,"Beach Water Shoes Unisex, Anti Slip Pattern Sole, Quick Dry Swim Shoes for Ocean",QS-098-44/45,4.99
FBA可售不一致,383,B0GYRCZGGD,QS-048-38/39,QS-048-38/39,公司,公司,2,4,0,B0GQBS64JX,潜水溯溪鞋,"Diving Swim Water Shoes for Men Women, Non Skid Sole, Stretch Fit Slip On",QS-048-38/39,4.99
FBA可售不一致,386,B0GYRBQVX4,QS-098-38/39,QS-098-38/39,公司,公司,5,7,0,B0GQBS64JX,潜水溯溪鞋,"Beach Water Shoes Unisex, Anti Slip Pattern Sole, Quick Dry Swim Shoes for Ocean",QS-098-38/39,4.99
FBA可售不一致,387,B0GYRCHGWX,QS-078-44/45,QS-078-44/45,公司,公司,1,0,1,B0GQBP3SH9,潜水溯溪鞋,"Unisex Aqua Shoes, Non Skid Rubber Sole, Stretch Fit, for Ocean Reef Walk",QS-078-44/45,4.69
FBA可售不一致,390,B0GYRF77GC,QS-051-38/39,QS-051-38/39,公司,公司,4,5,0,B0GQBZY2T5,潜水溯溪鞋,"Beach Aqua Shoes Unisex, Non Slip Rubber Sole, Comfortable Insole, for Ocean",QS-051-38/39,4.99
FBA可售不一致,392,B0GYRH3DZF,QS-006-44/45,QS-006-44/45,公司,公司,1,2,0,B0GQBS64JX,潜水溯溪鞋,"Pool Water Shoes for Men Women, Anti Skid Sole, Quick Dry, Lightweight Swim Shoes",QS-006-44/45,4.99
FBA可售不一致,393,B0GYRNCBCN,QS-063-44/45,QS-063-44/45,公司,公司,1,2,0,B0GQBP3SH9,潜水溯溪鞋,"Diving Beach Water Shoes Men Women, Non Slip Rubber Sole, Quick Dry Swim Shoes",QS-063-44/45,4.69
FBA可售不一致,394,B0GYRHBF5C,QS-059-44/45,QS-059-44/45,公司,公司,1,2,0,B0GQBP3SH9,潜水溯溪鞋,"Water Shoes Men Women, Non Slip Sole, Cushion Insole, for Beach Snorkeling",QS-059-44/45,4.69
FBA可售不一致,396,B0GYRBVN9R,QS-006-38/39,QS-006-38/39,公司,公司,1,0,1,B0GQBS64JX,潜水溯溪鞋,"Pool Water Shoes for Men Women, Anti Skid Sole, Quick Dry, Lightweight Swim Shoes",QS-006-38/39,4.99
FBA可售不一致,398,B0GYRQXF74,QS-012-38/39,QS-012-38/39,公司,公司,11,9,0,B0GQBS64JX,潜水溯溪鞋,Quick Dry Water Shoes Slip On Comfort Beach Shoes for Pool Surfing,QS-012-38/39,4.99
FBA可售不一致,399,B0GYRP5V9P,QS-012-44/45,QS-012-44/45,公司,公司,5,2,1,B0GQBS64JX,潜水溯溪鞋,Quick Dry Water Shoes Slip On Comfort Beach Shoes for Pool Surfing,QS-012-44/45,4.99
FBA可售不一致,401,B0GY8NTN5G,KCC-XGYF-L,KCC-XGYF-L,凯旋,凯旋,3,6,0,B0GY8X1TF6,小狗衣服,"Breathable Mesh Summer Dog Vest, Cute Printed Lightweight Tank Top As Daily Casual Apparel for Small Puppy and Small Breed Dogs",KCC-XGYF-L,2.99
FBA可售不一致,402,B0GY8VM6JW,KCC-XGYF-M,KCC-XGYF-M,凯旋,凯旋,6,7,0,B0GY8X1TF6,小狗衣服,"Breathable Mesh Summer Dog Vest, Cute Printed Lightweight Tank Top As Daily Casual Apparel for Small Puppy and Small Breed Dogs",KCC-XGYF-M,2.99
FBA可售不一致,403,B0GXYWJK13,SP-kai-01,SP-kai-01,图图,图图,8,11,0,B0GXYNCN33,开瓶器,"2Pcs Plastic Magnetic Bottle Openers, Fridge Adsorbable Beer Bottle Openers for Home Kitchen Bar Party Daily Use",SP-kai-01,1.99
FBA可售不一致,404,B0GXZ1VM7Y,SP-qingjied1-01,SP-qingjied1-01,图图,图图,2,3,0,B0GXZHBF7W,清洁果蔬,"4 Pcs PP Material Single-Sided Vegetable Brush, Flexible Fruit and Vegetable Cleaning Brush for Crevice & Kitchen Cleaning",SP-qingjied1-01,2.99
FBA可售不一致,405,B0GY3LWRLR,KCC-MJ-M,KCC-MJ-M,凯旋,凯旋,1,0,2,B0GY36F254,美甲,"Handmade Nude French Press On Nails, Reusable Glossy Full Set False Nails As Daily Manicure Accessory For Women Styling",KCC-MJ-M,1.99
FBA可售不一致,406,B0GY2T6R4H,SP-XIE5-H38/39,SP-XIE5-H38/39,公司,公司,4,3,1,B0GY2YYSHW,溯溪沙滩鞋,"Sport Water Shoes for Men Women, Anti-Slip Quick Dry Swim Shoes for Pool Beach Black",SP-XIE5-H38/39,3.99
FBA可售不一致,407,B0GY2K7LS6,SP-XIE6-Q36/37,SP-XIE6-Q36/37,公司,公司,10,13,0,B0GY2YYSHW,溯溪沙滩鞋,"Aqua Socks Water Shoes for Men Women, Anti-Slip Quick Dry Swim Shoes for Pool",SP-XIE6-Q36/37,3.99
FBA可售不一致,408,B0GY2SCDKB,SP-XIE2-Z42/43,SP-XIE2-Z42/43,公司,公司,10,9,0,B0GY2YYSHW,溯溪沙滩鞋,"Comfortable Water Shoes for Women Men, Anti-Slip Quick Dry Aqua Socks for Pool Beach",SP-XIE2-Z42/43,4.99
FBA可售不一致,417,B0GY2BP78J,SP-XIE6-Q44/45,SP-XIE6-Q44/45,公司,公司,10,11,1,B0GY2YYSHW,溯溪沙滩鞋,"Aqua Socks Water Shoes for Men Women, Anti-Slip Quick Dry Swim Shoes for Pool",SP-XIE6-Q44/45,4.99
FBA可售不一致,421,B0GY2R68P8,SP-XIE6-Q38/39,SP-XIE6-Q38/39,公司,公司,7,8,0,B0GY2YYSHW,溯溪沙滩鞋,"Aqua Socks Water Shoes for Men Women, Anti-Slip Quick Dry Swim Shoes for Pool",SP-XIE6-Q38/39,3.99
FBA可售不一致,424,B0GY2N1MN9,SP-XIE2-Z38/39,SP-XIE2-Z38/39,公司,公司,11,12,0,B0GY2YYSHW,溯溪沙滩鞋,"Comfortable Water Shoes for Women Men, Anti-Slip Quick Dry Aqua Socks for Pool Beach",SP-XIE2-Z38/39,3.99
FBA可售不一致,427,B0GY2VPH55,SP-XIE2-Z36/37,SP-XIE2-Z36/37,公司,公司,7,8,0,B0GY2YYSHW,溯溪沙滩鞋,"Comfortable Water Shoes for Women Men, Anti-Slip Quick Dry Aqua Socks for Pool Beach",SP-XIE2-Z36/37,3.99
FBA可售不一致,431,B0GXZ2K3DK,SP-shibian8g-01,SP-shibian8g-01,图图,图图,2,3,0,B0GXZ1PSZR,宠物拾便袋,"8 Rolls Thick Dog Poop Bags 1.2mm, Strong Leak-Proof Pet Waste Bags for Outdoor Walking, Large Disposable Dog Waste Bags",SP-shibian8g-01,4.99
FBA可售不一致,432,B0GXYRXTFX,KCC-SL-YF,KCC-SL-YF,凯旋,凯旋,13,14,5,B0GXYH5HX3,手链,"Pearl Crystal Bracelet For Women, Sparkling Pearl Chain Accessory For Wedding Date And Evening Outfit Decoration",KCC-SL-YF,3.99
FBA可售不一致,433,B0GXV19V2S,QS-074-44/45,QS-074-44/45,公司,公司,3,5,0,B0GQBS64JX,溯溪沙滩鞋,"Diving Beach Water Shoes Men Women, Non Slip Rubber Sole, Quick Dry Swim Shoes",QS-074-44/45,4.99
FBA可售不一致,438,B0GXTYMGDK,QS-058-44/45,QS-058-44/45,公司,公司,1,2,1,B0GQBS64JX,溯溪沙滩鞋,"Water Shoes Men Women, Non Slip Sole, Cushion Insole, for Beach Snorkeling",QS-058-44/45,4.99
FBA可售不一致,440,B0GXTYH56S,QS-014-44/45,QS-014-44/45,公司,公司,2,3,0,B0GQBS64JX,溯溪沙滩鞋,"Pool Water Shoes for Men Women, Anti Skid Sole, Quick Dry, Lightweight Swim Shoes",QS-014-44/45,4.99
FBA可售不一致,450,B0GXVC1MV4,QS-090-38/39,QS-090-38/39,公司,公司,1,2,0,B0GQBS64JX,溯溪沙滩鞋,"Beach Water Shoes Unisex, Anti Slip Pattern Sole, Quick Dry Swim Shoes for Ocean",QS-090-38/39,4.99
FBA可售不一致,458,B0GXHGC89T,QS-015-38/39,QS-015-38/39,公司,公司,12,13,0,B0GQBS64JX,溯溪沙滩鞋,Breathable Water Shoes Non Slip Beach Shoes for Women Men Outdoor Sports,QS-015-38/39,4.99
FBA可售不一致,467,B0GXHPJX87,QS-032-38/39,QS-032-38/39,公司,公司,6,7,1,B0GQBS64JX,溯溪沙滩鞋,"Beach Shoes for Men Women, Non Slip Rubber Sole, Quick Dry Printed Aqua Shoes",QS-032-38/39,4.99
FBA可售不一致,469,B0GXHJQM2G,QS-008-38/39,QS-008-38/39,公司,公司,10,13,0,B0GQBS64JX,溯溪沙滩鞋,"Slip On Water Shoes for Men Women, Non Slip Sole, Lightweight Travel Beach Shoes",QS-008-38/39,4.99
FBA可售不一致,474,B0GXHJS7N8,QS-032-44/45,QS-032-44/45,公司,公司,5,4,2,B0GQBS64JX,溯溪沙滩鞋,"Beach Shoes for Men Women, Non Slip Rubber Sole, Quick Dry Printed Aqua Shoes",QS-032-44/45,4.99
FBA可售不一致,476,B0GXHNGY1D,QS-008-44/45,QS-008-44/45,公司,公司,7,4,4,B0GQBS64JX,溯溪沙滩鞋,"Slip On Water Shoes for Men Women, Non Slip Sole, Lightweight Travel Beach Shoes",QS-008-44/45,4.99
FBA可售不一致,480,B0GXHNTB1B,QS-008-36/37,QS-008-36/37,公司,公司,6,7,0,B0GQBS64JX,溯溪沙滩鞋,"Slip On Water Shoes for Men Women, Non Slip Sole, Lightweight Travel Beach Shoes",QS-008-36/37,4.99
FBA可售不一致,483,B0GXHTM2VG,QS-077-38/39,QS-077-38/39,公司,公司,1,0,1,B0GQBP3SH9,溯溪沙滩鞋,"Water Shoes Men Women, Anti Slip Rubber Outsole, Lightweight, for Surf Snorkel",QS-077-38/39,3.99
FBA可售不一致,490,B0GXHF7SXG,QS-042-38/39,QS-042-38/39,公司,公司,1,2,0,B0GQBS64JX,溯溪沙滩鞋,"Unisex Swim Shoes, Non Skid Rubber Sole, Packable Quick Dry Beach Shoes",QS-042-38/39,4.99
FBA可售不一致,491,B0GXHMNQ4K,QS-032-36/37,QS-032-36/37,公司,公司,4,5,0,B0GQBS64JX,溯溪沙滩鞋,"Beach Shoes for Men Women, Non Slip Rubber Sole, Quick Dry Printed Aqua Shoes",QS-032-36/37,4.99
FBA可售不一致,492,B0GXHMZ7NC,QS-021-38/39,QS-021-38/39,公司,公司,5,6,0,B0GQBS64JX,溯溪沙滩鞋,"Unisex Reef Shoes, Non Slip Rubber Sole, Protective Water Shoes for Beach Ocean",QS-021-38/39,4.99
FBA可售不一致,494,B0GXCYL5NF,SP-NZ-X01,SP-NZ-X01,图图,图图,1,7,0,B0GXD26CK5,镊子,"Anti-Static Tweezers, 4 Styles: Straight, Curved, Round & Fine Point, Precision Stainless Steel for Electronics & Crafts",SP-NZ-X01,2.99
FBA可售不一致,495,B0GX9Z8DK7,KCC-LSTTJL-30PCS,KCC-LSTTJL-30PCS,凯旋,凯旋,3,5,1,B0GXB58BWF,30件螺丝批套筒棘轮组套,"30-Piece Ratchet Screwdriver Set with Socket Sleeves, Multi-Bit Home Repair Tool Kit with Storage Case, Phillips Slotted Torx Hex Bits for Furniture, Appliance, Electronics and DIY Projects",KCC-LSTTJL-30PCS,12.89
FBA可售不一致,497,B0GX3N743B,KCC-ST-HEI,KCC-ST-HEI,凯旋,凯旋,5,4,0,B0GX378BT9,健身手套,"Weight Lifting Gym Grips Pads, Heavy Duty Suede Leather Hand Grips for Weightlifting, Deadlift, Pull Up, Strength Training",KCC-JSST-HEI,2.99
FBA可售不一致,499,B0GX36B5MY,KCC-ST-HUI,KCC-ST-HUI,凯旋,凯旋,6,4,0,B0GX378BT9,健身手套,"Weight Lifting Gym Grips Pads, Heavy Duty Suede Leather Hand Grips for Weightlifting, Deadlift, Pull Up, Strength Training",KCC-JSST-HUI,2.99
FBA可售不一致,501,B0GX38ZRG9,KCC-ST-ZONG,KCC-ST-ZONG,凯旋,凯旋,8,5,0,B0GX378BT9,健身手套,"Weight Lifting Gym Grips Pads, Heavy Duty Suede Leather Hand Grips for Weightlifting, Deadlift, Pull Up, Strength Training",KCC-JSST-ZONG,2.99
FBA可售不一致,508,B0GX15M3T7,QS-053-36/37,QS-053-36/37,公司,公司,2,3,0,B0GQBP3SH9,溯溪沙滩鞋,"Slip On Beach Shoes Men Women, Non Skid Sole, Quick Dry Water Shoes",QS-053-36/37,4.99
FBA可售不一致,510,B0GX1BB6G8,QS-096-44/45,QS-096-44/45,公司,公司,2,3,0,B0GQBP3SH9,溯溪沙滩鞋,"Aqua Shoes Unisex, Anti Slip Rubber Sole, Quick Dry, for Surf Pool Ocean Beach",QS-096-44/45,4.99
FBA可售不一致,511,B0GX1H4VZ6,QS-022-44/45,QS-022-44/45,公司,公司,12,14,0,B0GQBS64JX,溯溪沙滩鞋,Breathable Water Shoes Non Slip Quick Dry Shoes for Beach Swimming,QS-022-44/45,4.99
FBA可售不一致,512,B0GX1G5PCM,QS-066-36/37,QS-066-36/37,公司,公司,2,3,0,B0GQBS64JX,溯溪沙滩鞋,"Slip On Swim Shoes Unisex, Non Slip Rubber Sole, Lightweight Quick Dry Aqua Shoes",QS-066-36/37,4.99
FBA可售不一致,519,B0GX1KG5YS,QS-066-38/39,QS-066-38/39,公司,公司,8,9,0,B0GQBS64JX,溯溪沙滩鞋,"Slip On Swim Shoes Unisex, Non Slip Rubber Sole, Lightweight Quick Dry Aqua Shoes",QS-066-38/39,4.99
FBA可售不一致,524,B0GWP6YC9B,KCC-FSD-B20,KCC-FSD-B20,凯旋,凯旋,4,5,0,B0GWPBRJCH,防水袋,"20L Waterproof Dry Bag, Roll Top Sack for Kayaking, Boating, Fishing, Camping, Hiking, Beach, Swimming, Keep Gear Dry",KCC-FSD-B20,9.99
FBA可售不一致,525,B0GWMD6H3X,KCC-CKYSK-1,KCC-CKYSK-1,凯旋,凯旋,8,23,1,B0GWM6Q395,卡通钥匙扣,"Highland Cow Keychain, Cow Keychain, Keychain For Women, Bag Charm Keychain, Purse Keychain",KCC-CKYSK-1,1.16
FBA可售不一致,526,B0GWMFQCCF,KCC-YTGS-R,KCC-YTGS-R,凯旋,凯旋,19,23,0,B0GWMG7S58,樱桃挂饰,"Cherry Keychain, Cute Leather Key Ring Charm for Car Keys, Bag, Purse, Backpack, Gift for Women, Mom, Wife, Daily Use",KCC-YTGS-R,1.56
FBA可售不一致,527,B0GWMFLZ51,SP-WZ-si01,SP-WZ-si01,图图,图图,14,6,0,B0GWMBJGRQ,袜子,"Women's Ice Silk Crew Socks 5 Pairs, Thin Breathable Cool Socks, Lightweight Soft Summer Socks",SP-WZ-si01,2.99
FBA可售不一致,530,B0GWLWGMLQ,SP-FSD-lu,SP-FSD-lu,图图,图图,1,2,0,B0GWLZDX4Q,防水袋,"1 Pack Waterproof Phone Pouch, IPX8 Underwater Dry Bag Case for Phones Up to 7.5"", Compatible with iPhone Samsung Multiple Colors Green",SP-FSD-lu,4.48
FBA可售不一致,537,B0GWLJ7XGS,SP-XIE-F40/41,SP-XIE-F40/41,公司,公司,4,2,0,B0GWL9YZNY,溯溪沙滩鞋,Men Women Water Shoes Quick Dry Non Slip Barefoot Shoes Lightweight Breathable Beach Swim Surf Yoga Outdoor Sports Aqua Socks,SP-XIE-F40/41,4.99
FBA可售不一致,538,B0GWLF5MPL,SP-XIE-S40/41,SP-XIE-S40/41,公司,公司,7,8,1,B0GWL9YZNY,溯溪沙滩鞋,Men Women Water Shoes Quick Dry Non Slip Barefoot Shoes Lightweight Breathable Beach Swim Surf Yoga Outdoor Sports Aqua Socks,SP-XIE-S40/41,4.99
FBA可售不一致,550,B0GWLBJPCN,SP-XIE-H42/43,SP-XIE-H42/43,公司,公司,14,15,1,B0GWL9YZNY,溯溪沙滩鞋,Men Women Water Shoes Quick Dry Non Slip Barefoot Shoes Lightweight Breathable Beach Swim Surf Yoga Outdoor Sports Aqua Socks,SP-XIE-H42/43,4.99
FBA可售不一致,553,B0GWKV7SVD,SP-XIE-L44/45,SP-XIE-L44/45,公司,公司,10,11,0,B0GWL9YZNY,溯溪沙滩鞋,Men Women Water Shoes Quick Dry Non Slip Barefoot Shoes Lightweight Breathable Beach Swim Surf Yoga Outdoor Sports Aqua Socks,SP-XIE-L44/45,4.99
FBA可售不一致,558,B0GWJ1Z6PV,QS-035-36/37,QS-035-36/37,公司,公司,4,6,0,B0GQBP3SH9,溯溪沙滩鞋,"Rafting Beach Water Shoes Unisex, Anti Slip Rubber Sole, Quick Dry Slip On",QS-035-36/37,4.69
FBA可售不一致,560,B0GWHM2CFD,QS-097-44/45,QS-097-44/45,公司,公司,1,4,0,B0GQBS64JX,溯溪沙滩鞋,Flexible Water Shoes Barefoot Slippers for Beach Pool Surfing Sports,QS-097-44/45,4.99
FBA可售不一致,561,B0GWHYY58F,QS-003-36/37,QS-003-36/37,公司,公司,24,19,0,B0GQBP3SH9,溯溪沙滩鞋,"Water Shoes for Men Women, Non Skid Sole, Stretch Fit, Snorkeling Surf Swim Shoes",QS-003-36/37,3.99
FBA可售不一致,567,B0GWHLR3YX,QS-067-44/45,QS-067-44/45,公司,公司,4,5,0,B0GQBS64JX,溯溪沙滩鞋,"Water Shoes Unisex, Anti Slip Pattern Sole, Thick Insole, for Creek River Beach",QS-067-44/45,4.99
FBA可售不一致,569,B0GWHQMP8N,QS-004-44/45,QS-004-44/45,公司,公司,4,3,0,B0GQBP3SH9,溯溪沙滩鞋,"Beach Water Shoes Unisex, Printed Design, Anti Slip Sole, Quick Dry Shoes for Pool Ocean",QS-004-44/45,4.99
FBA可售不一致,571,B0GWHYCBNT,QS-029-36/37,QS-029-36/37,公司,公司,8,10,0,B0GQBP3SH9,溯溪沙滩鞋,"Snorkel Swim Water Shoes Unisex, Non Skid Rubber Sole, Stretch Fit Beach Shoes Black",QS-029-36/37,4.99
FBA可售不一致,587,B0GVYW6Y73,QS-0161-38/39,QS-0161-38/39,公司,公司,1,2,0,B0GVYWN441,溯溪沙滩鞋,"Barefoot Water Shoes, Quick-Dry Aqua Socks for Diving, Snorkeling, Surfing, Hiking, Beach, Non-Slip Breathable Footwear for Men Women",QS-0161-38/39,4.99
FBA可售不一致,593,B0GVY271R9,QS-084-38/39,QS-084-38/39,公司,公司,1,2,0,B0GQBP3SH9,溯溪沙滩鞋,"Snorkeling Water Shoes for Men Women, Non Slip Rubber Sole, Quick Dry Beach Shoes",QS-084-38/39,4.99
FBA可售不一致,594,B0GVY41X9X,QS-016-38/39,QS-016-38/39,公司,公司,7,8,0,B0GQBS64JX,溯溪沙滩鞋,"Surf Water Shoes for Men Women, Anti Slip Rubber Sole, Stretch Upper, Quick Dry",QS-016-38/39,4.99
FBA可售不一致,595,B0GVXQ5Y8L,QS-029-38/39,QS-029-38/39,公司,公司,9,10,2,B0GQBP3SH9,溯溪沙滩鞋,"Snorkel Swim Water Shoes Unisex, Non Skid Rubber Sole, Stretch Fit Beach Shoes Black",QS-029-38/39,4.99
FBA可售不一致,605,B0GVXCPVKZ,ZD002-Grey-10/11,ZD002-Grey-10/11,公司,公司,2,3,0,B0GVXCPVKZ,拖鞋,"Foldable EVA Travel Slippers for Women Men, Lightweight Quick Drying Non Slip Shower Sandals, Portable Flip Flops for Bathroom, Hotel, Beach, Pool & Cruise",ZD002-Grey-10/11,4.3
FBA可售不一致,606,B0GVWFTT8G,QS-001-38/39,QS-001-38/39,公司,公司,1,0,1,B0GQBS64JX,溯溪沙滩鞋,Water Shoes for Women Men Quick Dry Barefoot Beach Swim Pool Walking Shoes,QS-001-38/39,4.99
FBA可售不一致,611,B0GVW9B1XZ,ZD001-Grey-9/10,ZD001-Grey-9/10,公司,公司,2,0,0,B0GL92S6S4,人字拖,"Foldable Flip Flops for Travel, Lightweight Portable Silicone Slippers, Compact Non-Slip Sandals for Home/Hotel/Beach, Comfortable Flexible Footwear for Women & Men",ZD001-Grey-9/10,4.3
FBA可售不一致,612,B0GVS9KJ3R,SP-huwan-dahei,SP-huwan-dahei,图图,图图,4,5,1,B0GVSBFMFQ,护腕,"2 Pack Wrist Rest with Thumb Support, Compression Sleeve for Tendonitis & Carpal Tunnel, Joint Stabilizer for Wrist Pain Relief",SP-huwan-dahei,5.99
FBA可售不一致,615,B0GVSG76VT,KCC-TLD-7.5,KCC-TLD-7.5 / KCC-TLD-5,凯旋,凯旋,20,25,0,B0GVSPL81C,弹力带,"Self Adhesive Elastic Training Bands, Reusable Compression Stretch Bands for Muscle Support, Fitness Training, Sports Wrap",KCC-TLD-7.5,1.99
FBA可售不一致,616,B0GVSG76VT,KCC-TLD-5,KCC-TLD-7.5 / KCC-TLD-5,凯旋,凯旋,2,25,0,B0GVSPL81C,弹力带,"Self Adhesive Elastic Training Bands, Reusable Compression Stretch Bands for Muscle Support, Fitness Training, Sports Wrap",KCC-TLD-5,1.99
FBA可售不一致,620,B0GVRKCLTK,SP-maojin-you,SP-maojin-you,图图,图图,6,7,0,B0GVR5WKNS,挂件毛巾,"Fuzzy Ball Chenille Hanging Hand Towels 2 Pack, Soft Absorbent Fast Drying Towels with Hanging Loop for Bathroom Kitchen",SP-maojin-you,5.25
FBA可售不一致,622,B0GVRNK67N,SP-maojin-feng,SP-maojin-feng,图图,图图,7,11,0,B0GVR5WKNS,挂件毛巾,"Fuzzy Ball Chenille Hanging Hand Towels 2 Pack, Soft Absorbent Fast Drying Towels with Hanging Loop for Bathroom Kitchen",SP-maojin-feng,5.25
FBA可售不一致,624,B0GVR7TJCT,SP-dengsan01-32,SP-dengsan01-32,图图,图图,15,10,2,B0GVQHM358,登山扣,"Multifunctional Aluminum Alloy Carabiner Clip, Heavy Duty D-Ring Locking Carabiner for Outdoor Hiking Camping Backpack Keychain,10 Pack",SP-dengsan01-32,2.99
FBA可售不一致,626,B0GVQN38YH,KCC-QXDK-XL,KCC-QXDK-XL,凯旋,凯旋,1,4,0,B0GVQN38YH,骑行短裤,"5 Pack Men's Cycling Shorts, Quick Dry Breathable Athletic Shorts, Lightweight High Stretch Sports Shorts for Running Cycling Workout Multicolor",KCC-QXDK-XL,13.99
FBA可售不一致,627,B0GVNR46S6,KCC-xieba-5se,KCC-xieba-5se,凯旋,凯旋,9,12,0,B0GVNVVXW4,鞋拔子,"6 Pcs Plastic Shoehorn Set, Portable Travel Shoe Horns, Lightweight Shoe Helper for Men Women Kids Seniors, 6 Assorted Colors",KCC-xieba-5se,1.99
FBA可售不一致,628,B0GVNCK43B,SP-shouyao01-xingyun,SP-shouyao01-xingyun,图图,图图,9,10,3,B0GVNB58BZ,收腰扣,"Waist Buckle Set for Women, Adjustable Pant Button Extender, Variety Styles Alloy Waist Cinch Clips, 4 Pieces Pack",SP-shouyao01-xingyun,1.99
FBA可售不一致,629,B0GVN3C9Q1,SP-shouyao02-zhenzhu,SP-shouyao02-zhenzhu,图图,图图,9,3,1,B0GVNB58BZ,收腰扣,"4 Pack Adjustable Waist Buckles for Pants, Multiple Styles Alloy Waist Cinch Clips, Clothing Waist Tightener for Women",SP-shouyao02-zhenzhu,1.99
FBA可售不一致,632,B0GVJQ1PC3,SP-BINGXIU-lan02,SP-BINGXIU-lan02,图图,图图,4,6,0,B0GVN3TTBB,冰袖,"Gradient Color Ice Silk UV Protection Arm Sleeves, 2 Pairs Cooling Sun Protection Arm Covers for Men Women Outdoor Sports",SP-BINGXIU-lan02,2.99
FBA可售不一致,635,B0GV2ZZBN9,KCC-fangqiegeshoutao-M,KCC-fangqiegeshoutao-M,凯旋,凯旋,2,5,0,B0GV2ZZBN9,防切割手套,"HPPE Nitrile Sandy Finish Cut Resistant Gloves, EN 388 Level 5 Protection, Safety Work Gloves for Kitchen, Gardening, Construction, Men & Women",KCC-fangqiegeshoutao-M,2.16
FBA可售不一致,636,B0GV35X3PV,KCC-dingqingshoutao-L-bailan,KCC-dingqingshoutao-L-bailan,凯旋,凯旋,1,7,0,B0GZ2FSRT5,丁晴手套,"3 Pairs Nylon Lined Nitrile Coated Work Gloves, Dipped Rubber Non-Slip Safety Gloves for Gardening, Construction, Household & Men",KCC-dingqingshoutao-L-bailan,3.99
FBA可售不一致,637,B0GV33DSMP,KCC-Pushoutao-M,KCC-Pushoutao-M,凯旋,凯旋,5,7,0,B0GZ2JYPV1,防切割手套,"HPPE Lined Cut Resistant Gloves with PU & Nitrile Sandy Coating, EN 388 Level 5 Safety Work Gloves for Construction, Gardening, Industrial Work",KCC-Pushoutao-M,2.99
FBA可售不一致,639,B0GV36GVDZ,KCC-dingqingshoutao-L-heihei,KCC-dingqingshoutao-L-heihei,凯旋,凯旋,1,8,1,B0GZ2FSRT5,丁晴手套,"3 Pairs Nylon Lined Nitrile Coated Work Gloves, Dipped Rubber Non-Slip Safety Gloves for Gardening, Construction, Household & Men",KCC-dingqingshoutao-L-heihei,3.99
FBA可售不一致,643,B0GTZ8DVR3,KCC-wangyanwa-7se,KCC-wangyanwa-7se,凯旋,凯旋,3,8,1,B0GTZ8DVR3,网眼袜,"7 Pairs Men's Summer Thin Boat Socks, Breathable Mesh Low Cut Ankle Socks, Non-Slip Lightweight Invisible Liner Socks for Daily & Sports",KCC-wangyanwa-7se,5.4
FBA可售不一致,644,B0GTZGBVFC,KCC-chuanwa-6se,KCC-chuanwa-6se,凯旋,凯旋,8,9,1,B0GVN3WCSS,船袜,"6 Pairs Men's Pure Cotton Non-Slip Boat Socks, Anti-Slip No Show Low Cut Invisible Socks for Sneakers & Daily Wear",KCC-chuanwa-6se,5.4
FBA可售不一致,645,B0GTNKLTT3,SP-10-01,SP-10-01,图图,图图,7,0,4,B0GTNLDNKW,勺子,"Square Wooden Handle Silver Flatware Set, Food Grade Stainless Steel Cutlery Set, 1 Dinner Fork & 2 Teaspoon, Mirror Polished Dishwasher Safe Silverware",SP-10-01,2.1
FBA可售不一致,647,B0GTLTFHCL,SP-TUTU-TGJ-06,SP-TUTU-TGJ-06,图图,图图,10,6,0,B0GTLNNXR1,宠物玩具,"Premium Cotton Dog Rope Toys, Bone Chew Toys for Teething, Interactive Play & Training Toys for Small to Medium Dogs",SP-TUTU-TGJ-06,2.99
FBA可售不一致,649,B0GTBPDYC5,YQ-YUNYU-2026317-GUOLVQI-9,YQ-YUNYU-2026317-GUOLVQI-9,公司,公司,14,13,0,B0GT1K8L8Q,过滤器,"2 Pack Drain Hair Catcher-Sink Strainer, Shower Drain Cover, Drains Filter Cover for Kitchen Sink Bathroom Shower(Gray)",YQ-YUNYU-2026317-GUOLVQI-9,2.99
FBA可售不一致,651,B0GSXB1R4L,YQ-YUNYU-2026317-FADAI-3,YQ-YUNYU-2026317-FADAI-3,公司,公司,7,11,0,B0GSX41MVT,发带-白色-3,"Skincare Headband For Face Washing-Spa Headband, Makeup Headbands With Bow And Wrist Wash Bands Facial Routine Spa For Women(White)",YQ-YUNYU-2026317-3,2.86
FBA可售不一致,653,B0GSX65TMY,YQ-YUNYU-2026317-FADAI-5,YQ-YUNYU-2026317-FADAI-5,公司,公司,10,9,1,B0GSX41MVT,发带-绿色-5,"Skincare Headband For Face Washing-Spa Headband, Makeup Headbands With Bow And Wrist Wash Bands Facial Routine Spa For Women(Green)",YQ-YUNYU-2026317-5,2.86
FBA可售不一致,655,B0GSVKBZSV,KC-B9-L,KC-B9-L,图图,图图,2,3,0,B0HD6F5MYH,比基尼,Womens Two Piece Bikini Set Vintage Print Swimwear Halter String Triangle Swimsuit Back Self Tie Spaghetti Strap Bathing Suit,KC-B9-L,6.64
FBA可售不一致,656,B0GSVLB176,KB-B5-L,KB-B5-L,图图,图图,4,5,0,B0HD6F5MYH,比基尼,Buauty Bikini Sets for Women Two Piece Swimsuits Halter String Triangle Bathing Suit Sexy Tie Side Bottom Swimwear,KB-B5-L,6.64
FBA可售不一致,658,B0GSVJQJJJ,KC-B15-M,KC-B15-M,图图,图图,1,2,0,B0HD6F5MYH,比基尼,Women's String Triangle Bikini Top Sexy Self Tie Back Bathing Suit Swim Top,KC-B15-M,6.64
FBA可售不一致,659,B0GSVLSHCG,KC-B15-L,KC-B15-L,图图,图图,3,4,0,B0HD6F5MYH,比基尼,Women's String Triangle Bikini Top Sexy Self Tie Back Bathing Suit Swim Top,KC-B15-L,6.64
FBA可售不一致,661,B0GSVPQZ4D,KC-B10-L,KC-B10-L,图图,图图,12,13,0,B0HD6R23RJ,比基尼,Women Vintage Print Two Piece Bikini Set Halter String Triangle Swimsuit Back Self Tie Spaghetti Strap Swimwear Multicolor,KC-B10-L,6.99
FBA可售不一致,664,B0GSVPCRB7,KC-B8-M,KC-B8-M,图图,图图,6,7,0,B0HD6F5MYH,比基尼,Sexy Two Piece Bikini Sets for Women Halter Triangle Swimsuit Tie Side Bottom Bathing Suit,KC-B8-M,6.64
FBA可售不一致,673,B0GSVMWX93,KC-B10-M,KC-B10-M,图图,图图,5,7,0,B0GSVMWX93,比基尼,Women Vintage Print Two Piece Bikini Set Halter String Triangle Swimsuit Back Self Tie Spaghetti Strap Swimwear Multicolor,KC-B10-M,6.99
FBA可售不一致,674,B0GSVS38SN,KC-B4-M,KC-B4-M,图图,图图,3,4,0,B0HD6F5MYH,比基尼,Halter Triangle Bikini Set Women Sexy Two Piece Cheeky Thong Bathing Suit Swimsuit,KC-B4-M,6.64
FBA可售不一致,679,B0GS91TM1D,QS-115-42/43,QS-115-42/43,公司,公司,2,1,1,B0GQBS64JX,溯溪沙滩鞋,"Aqua Socks for Women Men, Water Shoes, Slip On Swim Footwear, Resort Pool Beach Water Park Cruise Summer Pair",QS-115-42/43,4.99
FBA可售不一致,681,B0GS8227R4,KC-16-01,KC-16-01,图图,凯旋,1,3,0,B0GS8KFR4R,手机链,Keychain for Men Women - Durable Metal Key Chain with Key Ring Car Key Accessory,KC-16-01,1.99
FBA可售不一致,683,B0GS8R1ZZF,KC-27-01,KC-27-01,图图,凯旋,8,1,5,B0GS8KFR4R,,"Beaded Cell Phone Strap for Women, Stylish Bead Wrist Lanyard, Decorative Phone Accessory",,1.99
FBA可售不一致,684,B0GS8KPF9V,KC-04-01,KC-04-01,图图,凯旋,1,3,1,B0GS8KFR4R,手机链,Keychain for Men Women - Durable Metal Key Chain with Key Ring Car Key Accessory,KC-04-01,1.99
FBA可售不一致,686,B0GRTXTK2L,QS-101-40/41,QS-101-40/41,公司,公司,1,2,0,B0GQBS64JX,溯溪沙滩鞋,"Beach Water Shoes Unisex, Anti Slip Pattern Sole, Quick Dry Swim Shoes for Ocean",QS-101-40/41,4.99
FBA可售不一致,696,B0GQBR6QKZ,QS-083-42/43,QS-083-42/43,公司,公司,3,5,0,B0GQBP3SH9,溯溪沙滩鞋,Lightweight Aqua Shoes Quick Dry Water Shoes for Beach Pool Activities,QS-083-42/43,4.69
FBA可售不一致,698,B0GQBLYKWM,QS-008-40/41,QS-008-40/41,公司,公司,10,11,1,B0GQBS64JX,溯溪沙滩鞋,"Slip On Water Shoes for Men Women, Non Slip Sole, Lightweight Travel Beach Shoes",QS-008-40/41,4.99
FBA可售不一致,700,B0GQBR61BP,QS-053-42/43,QS-053-42/43,公司,公司,5,8,0,B0GQBP3SH9,溯溪沙滩鞋,"Slip On Beach Shoes Men Women, Non Skid Sole, Quick Dry Water Shoes",QS-053-42/43,4.99
FBA可售不一致,705,B0GQC8X8K6,QS-045-40/41,QS-045-40/41,公司,公司,8,9,0,B0GQBS64JX,溯溪沙滩鞋,"Water Shoes Unisex, Anti Skid Sole, Thick Cushion Insole, for Kayak Rafting",QS-045-40/41,4.99
FBA可售不一致,717,B0GQCBNBL7,QS-047-42/43,QS-047-42/43,公司,公司,6,7,0,B0GQBS64JX,溯溪沙滩鞋,"Printed Beach Water Shoes Unisex, Non Slip Rubber Sole, Lightweight Swim Shoes",QS-047-42/43,4.99
FBA可售不一致,719,B0GQC8Z8DF,QS-003-42/43,QS-003-42/43,公司,公司,25,21,1,B0GQBP3SH9,溯溪沙滩鞋,"Water Shoes for Men Women, Non Skid Sole, Stretch Fit, Snorkeling Surf Swim Shoes",QS-003-42/43,4.99
FBA可售不一致,722,B0GQC6B87W,QS-099-42/43,QS-099-42/43,公司,公司,5,6,0,B0GQBP3SH9,溯溪沙滩鞋,"Creek River Water Shoes Men Women, Non Slip Rubber Sole, Quick Dry Slip On Shoes",QS-099-42/43,4.99
FBA可售不一致,728,B0GQCBKRNM,QS-049-40/41,QS-049-40/41,公司,公司,2,3,0,B0GQBS64JX,溯溪沙滩鞋,"Diving Swim Water Shoes for Men Women, Non Skid Sole, Stretch Fit Slip On",QS-049-40/41,4.99
FBA可售不一致,732,B0GQBT7L7K,QS-093-40/41,QS-093-40/41,公司,公司,5,6,0,B0GQBS64JX,溯溪沙滩鞋,"Diving Snorkel Shoes Men Women, Non Slip Rubber Sole, Quick Dry Water Shoes",QS-093-40/41,4.99
FBA可售不一致,738,B0GQBR8VD8,QS-045-42/43,QS-045-42/43,公司,公司,3,4,0,B0GQBS64JX,溯溪沙滩鞋,"Water Shoes Unisex, Anti Skid Sole, Thick Cushion Insole, for Kayak Rafting",QS-045-42/43,4.99
FBA可售不一致,744,B0GQBS6VFM,QS-082-42/43,QS-082-42/43,公司,公司,1,2,0,B0GQBP3SH9,溯溪沙滩鞋,"Unisex Aqua Shoes, Non Skid Rubber Sole, Stretch Fit, for Ocean Reef Walk",QS-082-42/43,4.99
FBA可售不一致,745,B0GQBS3LM6,QS-012-42/43,QS-012-42/43,公司,公司,6,2,1,B0GQBS64JX,溯溪沙滩鞋,Quick Dry Water Shoes Slip On Comfort Beach Shoes for Pool Surfing,QS-012-42/43,4.99
FBA可售不一致,747,B0GQC6BT3K,QS-049-42/43,QS-049-42/43,公司,公司,2,3,0,B0GQBS64JX,溯溪沙滩鞋,"Diving Swim Water Shoes for Men Women, Non Skid Sole, Stretch Fit Slip On",QS-049-42/43,4.99
FBA可售不一致,753,B0GQC25XMX,QS-014-40/41,QS-014-40/41,公司,公司,1,2,0,B0GQBS64JX,溯溪沙滩鞋,"Pool Water Shoes for Men Women, Anti Skid Sole, Quick Dry, Lightweight Swim Shoes",QS-014-40/41,4.69
FBA可售不一致,763,B0GQBGRKQB,QS-083-40/41,QS-083-40/41,公司,公司,2,3,0,B0GQBP3SH9,溯溪沙滩鞋,Lightweight Aqua Shoes Quick Dry Water Shoes for Beach Pool Activities,QS-083-40/41,4.69
FBA可售不一致,764,B0GQBRNH2V,QS-006-42/43,QS-006-42/43,公司,公司,1,2,0,B0GQBS64JX,溯溪沙滩鞋,"Pool Water Shoes for Men Women, Anti Skid Sole, Quick Dry, Lightweight Swim Shoes",QS-006-42/43,4.99
FBA可售不一致,768,B0GQC56WJS,QS-095-42/43,QS-095-42/43,公司,公司,4,5,0,B0GQBS64JX,溯溪沙滩鞋,"Beach Swim Water Shoes for Men Women, Non Slip Sole, Printed Quick Dry Slip On",QS-095-42/43,4.99
FBA可售不一致,769,B0GQBYCJKK,QS-022-40/41,QS-022-40/41,公司,公司,14,15,0,B0GQBS64JX,溯溪沙滩鞋,Breathable Water Shoes Non Slip Quick Dry Shoes for Beach Swimming,QS-022-40/41,4.99
FBA可售不一致,770,B0GQBX6NNV,QS-022-42/43,QS-022-42/43,公司,公司,20,21,0,B0GQBS64JX,溯溪沙滩鞋,Breathable Water Shoes Non Slip Quick Dry Shoes for Beach Swimming,QS-022-42/43,4.99
FBA可售不一致,771,B0GQBW11VQ,QS-063-40/41,QS-063-40/41,公司,公司,2,3,1,B0GQBP3SH9,溯溪沙滩鞋,"Diving Beach Water Shoes Men Women, Non Slip Rubber Sole, Quick Dry Swim Shoes",QS-063-40/41,4.69
FBA可售不一致,772,B0GQBSKW29,QS-003-40/41,QS-003-40/41,公司,公司,18,21,3,B0GQBP3SH9,溯溪沙滩鞋,"Water Shoes for Men Women, Non Skid Sole, Stretch Fit, Snorkeling Surf Swim Shoes",QS-003-40/41,3.99
FBA可售不一致,777,B0GQBSMZ3L,QS-034-42/43,QS-034-42/43,公司,公司,1,2,0,B0GQBS64JX,溯溪沙滩鞋,"Swim Water Shoes for Men Women, Non Slip Sole, Comfortable Fit, for Beach Pool",QS-034-42/43,4.69
FBA可售不一致,780,B0GQC8Z8DJ,QS-008-42/43,QS-008-42/43,公司,公司,6,2,1,B0GQBS64JX,溯溪沙滩鞋,"Slip On Water Shoes for Men Women, Non Slip Sole, Lightweight Travel Beach Shoes",QS-008-42/43,4.99
FBA可售不一致,783,B0GQBYR7Z7,QS-089-42/43,QS-089-42/43,公司,公司,5,6,1,B0GQBS64JX,溯溪沙滩鞋,Comfort Foldable Beach Shoes Non Slip Water Shoes for Women Men,QS-089-42/43,4.99
FBA可售不一致,786,B0GQC99BYJ,QS-076-40/41,QS-076-40/41,公司,公司,1,0,0,B0GQBP3SH9,溯溪沙滩鞋,"Unisex Swim Water Shoes, Non Skid Sole, Soft Stretch Upper, for Beach Pool",QS-076-40/41,3.99
FBA可售不一致,791,B0GQBYW8CQ,QS-085-40/41,QS-085-40/41,公司,公司,2,3,0,B0GQBP3SH9,溯溪沙滩鞋,"Rafting River Shoes Unisex, Non Skid Sole, Durable Rubber Outsole, Quick Dry",QS-085-40/41,4.69
FBA可售不一致,807,B0GQBSD76W,QS-014-42/43,QS-014-42/43,公司,公司,5,6,0,B0GQBS64JX,溯溪沙滩鞋,"Pool Water Shoes for Men Women, Anti Skid Sole, Quick Dry, Lightweight Swim Shoes",QS-014-42/43,4.99
FBA可售不一致,808,B0GQBRLZB9,QS-055-40/41,QS-055-40/41,公司,公司,7,5,1,B0GQBP3SH9,溯溪沙滩鞋,"Creek Trekking Water Shoes for Men Women, Anti Slip Sole, Durable Outsole",QS-055-40/41,4.69
FBA可售不一致,812,B0GL918DQV,ZD001-White-8/9,ZD001-White-8/9,凯旋,公司,3,1,2,B0GL92S6S4,折叠拖鞋001白,"Foldable Flip Flops for Travel, Lightweight Portable Silicone Slippers, Compact Non-Slip Sandals for Home/Hotel/Beach, Comfortable Flexible Footwear for Women & Men",ZD001-White-8/9,3.99
FBA可售不一致,814,B0GL91XJMV,ZD003-Yellow-8/9,ZD003-Yellow-8/9,公司,公司,4,2,1,B0GL9J1BLX,折叠拖鞋003黄,"Foldable EVA Flip Flops for Women Men, Wide Strap Non-Slip Travel Sandals, Lightweight Quick-Drying Beach Slippers for Vacation, Pool & Shower",ZD003-Yellow-8/9,3.44
FBA可售不一致,815,B0GL8XRPM9,ZD003-Black-7/8,ZD003-Black-7/8,公司,公司,2,0,2,B0GL9J1BLX,折叠拖鞋003黑,"Foldable EVA Flip Flops for Women Men, Wide Strap Non-Slip Travel Sandals, Lightweight Quick-Drying Beach Slippers for Vacation, Pool & Shower",ZD003-Black-7/8,3.99
FBA可售不一致,818,B0GL94NNFY,ZD003-Black-8/9,ZD003-Black-8/9,公司,公司,2,0,0,B0GL9J1BLX,折叠拖鞋003黑,"Foldable EVA Flip Flops for Women Men, Wide Strap Non-Slip Travel Sandals, Lightweight Quick-Drying Beach Slippers for Vacation, Pool & Shower",ZD003-Black-8/9,3.99
FBA可售不一致,820,B0GL94ZZDQ,ZD002-Pink-7/8,ZD002-Pink-7/8,公司,公司,4,3,1,B0GL91XJMF,折叠拖鞋002粉,"Foldable EVA Travel Slippers for Women Men, Lightweight Quick Drying Non Slip Shower Sandals, Portable Flip Flops for Bathroom, Hotel, Beach, Pool & Cruise",ZD002-Pink-7/8,3.99
FBA可售不一致,834,B0GL95J33J,ZD001-Yellow-8/9,ZD001-Yellow-8/9,公司,公司,3,1,0,B0GL92S6S4,折叠拖鞋001黄,"Foldable Flip Flops for Travel, Lightweight Portable Silicone Slippers, Compact Non-Slip Sandals for Home/Hotel/Beach, Comfortable Flexible Footwear for Women & Men",ZD001-Yellow-8/9,3.99
FBA可售不一致,892,B0H94VBS47,KCC-HWSS-1,KCC-HWSS-1,凯旋,凯旋,12,0,0,B0H94GZCMQ,户外绳索,"Silver Outdoor Rope Tightener with 3m Nylon Rope, Zinc Alloy Tent Rope Tensioner Hook",KCC-HWSS-1,3.26
FBA可售不一致,893,B0H94J45BK,KCC-JLBS-B,KCC-JLBS-B,凯旋,凯旋,20,0,0,B0H94M75FV,棘轮扳手,"Multifunctional Self-Tightening Ratchet Wrench, 45# Steel Heat-Treated Bicycle Repair Tool, Black, 5.91 Inch",KCC-JLBS-B,1.88
FBA可售不一致,894,B0H94H59HV,KCC-GD-O,KCC-GD-O,凯旋,凯旋,10,0,0,B0H94RCJKV,刮刀,Orange Retractable Razor Scraper Tool Set with 10 Metal Blades and 3 Wire Brushes,KCC-GD-O,2.66
FBA可售不一致,895,B0H94RF212,SP-zhankouhu-4,SP-zhankouhu-4,图图,图图,10,0,0,B0H94KN6QT,,"Butterfly Wall Hooks with Sponge Cleaning Pad, 4 Pack Self-Adhesive Hanging Hooks with 1PCS Water Absorbent Sponge for Kitchen Bathroom Organization",,3.13
FBA可售不一致,896,B0H94GR825,SP-haimianjia-gui,SP-haimianjia-gui,图图,图图,5,0,0,B0H94HJV8Q,,"Horror Ghost Face Sponge Holder, Funny Kitchen Sink Dish Sponge Drain Rack, Halloween Decor Dish Scrubber Storage Caddy",,6.32
FBA可售不一致,897,B0H94HLDQ8,SP-safen-1,SP-safen-1,图图,图图,6,0,0,B0H94XQT8C,,"Food Grade 304 Stainless Steel Powder Sugar Shaker Duster, One Hand Spring Operated Mini Mesh Sieve Dispenser for Baking, Cocoa, Matcha, Coffee Latte Decor",,2.64
FBA可售不一致,898,B0H94L3FGK,SP-huayiwang-2,SP-huayiwang-2,图图,图图,12,0,0,B0H94NNS7F,,"2 Pack Honeycomb Mesh Decor Film, DIY Vase Pebble Texture Molding Tape, Reusable Hex Grid Stencil for Home Ceramic Craft Decor",,1.78
FBA可售不一致,899,B0H94H27C2,SP-kaidan-fen2,SP-kaidan-fen2,图图,图图,6,0,0,B0H94TYLWT,,"Manual Egg Cracker Tool With Matching Silicone Egg Poacher Cups, Multicolor Kitchen Egg Cooking Gadget Set For Breakfast Baking",,1.76
FBA可售不一致,900,B0H94T18DW,SP-zhanmaoqi-2,SP-zhanmaoqi-2,图图,图图,6,0,0,B0H94M4CPQ,,"2 Pack Reusable Washable Lint Roller with Dust Cover & Hook, Portable Waterproof Pet Hair Remover for Clothes Sofa Car, White & Green",,2.56
FBA可售不一致,901,B0H94KM8XQ,SP-kaidan-hong2,SP-kaidan-hong2,图图,图图,6,0,0,B0H94TYLWT,,"Manual Egg Cracker Tool With Matching Silicone Egg Poacher Cups, Multicolor Kitchen Egg Cooking Gadget Set For Breakfast Baking",,1.76
FBA可售不一致,902,B0H8WRTHCN,KCC-GYXCSQ-1,KCC-GYXCSQ-1,凯旋,凯旋,5,0,0,B0H8WFLQB8,高压吸水枪,"Long Wand Foam Spray Gun with Detergent Soap Bottle, Adjustable Pattern Hose Attachment Sprayer for Car Wash and Garden Irrigation",KCC-GYXCSQ-1,8.59
FBA可售不一致,903,B0H8WYSL4R,WESSP-kaipingqi-1,WESSP-kaipingqi-1,图图,图图,4,0,0,B0H8WP6VP2,,"One-Touch Electric Hands-Free Can Opener, Battery Operated Kitchen Tool with Smooth Cut Edge for Daily Cans",,5.13
FBA可售不一致,904,B0H8S9YQP7,WESSP-doumaotihuan-mi,WESSP-doumaotihuan-mi,图图,图图,7,0,0,B0H8S9VYG3,2店逗猫棒替换头蜜蜂,"Single Bug Cat Wand Refill Attachment, Interchangeable Feather Teaser WESSPare with Bell, Snap On Replacement Head for Indoor Kitten Interactive Play",WESSP-doumaotihuan-mi,1.99
FBA可售不一致,905,B0H8SH9K6C,WESSP-doumaotihuan-hu,WESSP-doumaotihuan-hu,图图,图图,7,0,0,B0H8S9VYG3,2店逗猫棒替换头蝴蝶,"Single Bug Cat Wand Refill Attachment, Interchangeable Feather Teaser WESSPare with Bell, Snap On Replacement Head for Indoor Kitten Interactive Play",WESSP-doumaotihuan-hu,1.99
FBA可售不一致,906,B0H8SJXZM9,WESSP-doumaotihuan-fei,WESSP-doumaotihuan-fei,图图,图图,7,0,0,B0H8S9VYG3,2店逗猫棒替换头小飞虫,"Single Bug Cat Wand Refill Attachment, Interchangeable Feather Teaser WESSPare with Bell, Snap On Replacement Head for Indoor Kitten Interactive Play",WESSP-doumaotihuan-fei,1.99
FBA可售不一致,907,B0H8SD17Y2,SP-FP-dan02,SP-FP-dan02,图图,图图,10,0,0,B0H6ZW72SY,,"1Pcs Black Pink Makeup Puff Kit, Powder Cushion Beauty Sponge & Mini Finger Puffs for All Makeup Steps",,1.24
FBA可售不一致,908,B0H8SBSQLN,SP-FP-dingzhuang02,SP-FP-dingzhuang02,图图,图图,10,0,0,B0H6BD6LT4,,"2Pcs Black Pink Makeup Puff Kit, Powder Cushion Beauty Sponge & Mini Finger Puffs for All Makeup Steps",,1.24
FBA可售不一致,909,B0H8S6WLF4,SP-FP-tao01,SP-FP-tao01,图图,图图,5,0,0,B0H6BDX73N,,"10Pcs Powder Puff Set, Cloud Diamond Square Triangle Puffs for Loose Pressed Powder Touch Up",,2.68
FBA可售不一致,910,B0H8PZN871,Pet-XQ-RePur65,Pet-XQ-RePur65,cccady,未分配,10,0,0,B0HBMV3966,舒缓宠物项圈-紫色,"Pet Collar for Dogs & Cats 65cm, Adjustable Waterproof Collar for Daily Wear",Pet-XQ-RePur65,2.79
FBA可售不一致,911,B0H8NXW7RV,SP-doumaotihuan-hu,SP-doumaotihuan-hu,图图,图图,7,0,0,B0H8NYTS5W,逗猫棒替换头蝴蝶,"Single Bug Cat Wand Refill Attachment, Interchangeable Feather Teaser Spare with Bell, Snap On Replacement Head for Indoor Kitten Interactive Play",SP-doumaotihuan-hu,1.76
FBA可售不一致,912,B0H8NVTHWY,SP-doumaotihuan-fei,SP-doumaotihuan-fei,图图,图图,7,0,0,B0H8NYTS5W,逗猫棒替换头小飞虫,"Single Bug Cat Wand Refill Attachment, Interchangeable Feather Teaser Spare with Bell, Snap On Replacement Head for Indoor Kitten Interactive Play",SP-doumaotihuan-fei,1.76
FBA可售不一致,913,B0H8NZD7H3,SP-doumaotihuan-mi,SP-doumaotihuan-mi,图图,图图,7,0,0,B0H8NYTS5W,逗猫棒替换头蜜蜂,"Single Bug Cat Wand Refill Attachment, Interchangeable Feather Teaser Spare with Bell, Snap On Replacement Head for Indoor Kitten Interactive Play",SP-doumaotihuan-mi,1.76
FBA可售不一致,914,B0H8NS4XQD,SP-FP-quan02,SP-FP-quan02,图图,图图,10,0,0,B0H6B7MB9X,,"2Pcs Black Pink Makeup Puff Kit, Powder Cushion Beauty Sponge & Mini Finger Puffs for All Makeup Steps",,1.24
FBA可售不一致,915,B0H8N37Q9H,SP-jiroutie-x6,SP-jiroutie-x6,图图,图图,9,0,0,B0H8CQM5JZ,肌肉贴x6,"6 Pack Assorted Color Kinesiology Tape, 3X X-Shaped & 3X Wide Y-Shaped Elastic Athletic Muscle Support Tape for Sports & Sedentary Soreness Relief",SP-jiroutie-x6,2.88
FBA可售不一致,917,B0H8N2WFMC,SP-jiroutie-y6,SP-jiroutie-y6,图图,图图,9,0,0,B0H8CQM5JZ,肌肉贴y6,"6 Pack Assorted Color Kinesiology Tape, 3X X-Shaped & 3X Wide Y-Shaped Elastic Athletic Muscle Support Tape for Sports & Sedentary Soreness Relief",SP-jiroutie-y6,2.88
FBA可售不一致,921,B0H87Q24K7,SP-lixianqi-si,SP-lixianqi-si,图图,图图,7,0,0,B0H87LG4GP,理线器可撕款,"196.85In Reusable Cuttable Hook and Loop Cable Strap, Dark Gray Adjustable Cord Organizer Wrap for Desktop Charging Wire, Home Office Electronic Cable Sorting Supply",SP-lixianqi-si,1.99
FBA可售不一致,922,B0H87N9L4R,WESSP-diguan-1,WESSP-diguan-1,图图,图图,7,0,0,B0H87NRH3R,2店滴灌小鸟,"Bird Self Watering Plant Stake, Transparent Light Green Auto Slow Release Irrigation Spike, Water Insert for Indoor Outdoor Potted Flower Succulent Garden",WESSP-diguan-1,1.99
FBA可售不一致,923,B0H87PX6S8,SP-lixianqi-cai,SP-lixianqi-cai,图图,图图,7,0,0,B0H87LG4GP,理线器裁剪款,"196.85In Reusable Cuttable Hook and Loop Cable Strap, Dark Gray Adjustable Cord Organizer Wrap for Desktop Charging Wire, Home Office Electronic Cable Sorting Supply",SP-lixianqi-cai,1.99
FBA可售不一致,925,B0H83M8XCT,KCC-DZFZQ-1,KCC-DZFZQ-1,凯旋,凯旋,10,0,0,B0H83F9RNX,钉子辅助器,"Finger Protection Nail Holding Safety Plier, Multi Size Plastic Nail Positioning Tool For Diy Woodworking And Household Renovation",KCC-DZFZQ-1,2.56
FBA可售不一致,926,B0H839HNWC,SP-diguan-1,SP-diguan-1,图图,图图,7,0,0,B0H8386RRZ,滴灌小鸟,"Bird Self Watering Plant Stake, Transparent Light Green Auto Slow Release Irrigation Spike, Water Insert for Indoor Outdoor Potted Flower Succulent Garden",SP-diguan-1,1.99
FBA可售不一致,927,B0H837CPQJ,SP-tiezhi-h500,SP-tiezhi-h500,图图,图图,18,0,0,B0H82ZRD75,标签红色,"500 Sheets Blank Write-On Pantry Label Roll, Self Adhesive Blue Border Tags for Jars Canisters Food Containers",SP-tiezhi-h500,1.35
FBA可售不一致,928,B0H835R6L8,SP-tiezhi-hk500,SP-tiezhi-hk500,图图,图图,19,0,0,B0H82ZRD75,标签红空白色,"500 Sheets Blank Write-On Pantry Label Roll, Self Adhesive Blue Border Tags for Jars Canisters Food Containers",SP-tiezhi-hk500,1.35
FBA可售不一致,945,B0H6ZSB7QT,SP-FP-dan01,SP-FP-dan01,图图,图图,5,0,0,B0H6ZW72SY,,"4Pcs Beauty Sponge Set, Makeup Blenders for Foundation Concealer Loose Setting Powder Under Eye Touch Up",,4.16
FBA可售不一致,946,B0H6WFG56M,KCC-FPhei-6,KCC-FPhei-6,凯旋,凯旋,5,0,0,B0H6W3F8Y5,,"Set With 4 Triangle And 2 Cloud Shape Powder Puffs, Makeup Puff For Loose Powder And Cosmetic Foundation Use",,4.99
FBA可售不一致,947,B0H6W9TCGF,KCC-FPFH-6,KCC-FPFH-6,凯旋,凯旋,5,0,0,B0H6W517ZG,,"Set With 2 Triangle, 2 Diamond And 2 Cloud Shape Powder Puffs, Makeup Puff For Loose Powder Cosmetic Foundation Contouring",,4.99
FBA可售不一致,948,B0H6G4SYKL,KCC-SKJ-1,KCC-SKJ-1,凯旋,凯旋,1,0,0,B0H6FW2G5F,烧烤架,"Camping Grill Rack, Folding Campfire Grill for Picnic, Patio, and Travel Cooking With Portable Tabletop Stand.",KCC-SKJ-1,4.99
FBA可售不一致,950,B0H6FSY7JW,KCC-AMS-1,KCC-AMS-1,凯旋,凯旋,10,0,0,B0H6FS8PK7,按摩刷,"Beard Brush, Pocket Grooming Brush With Case, Is a Palm Fit Styling Tool for Travel, Desk, And Daily Touch Ups.",KCC-AMS-1,2.56
FBA可售不一致,951,B0H6B94W5W,SP-FP-dingzhuang01,SP-FP-dingzhuang01,图图,图图,5,0,0,B0H6BD6LT4,,"10Pcs Powder Puff Set, Cloud Bite Shape Makeup Puffs for Loose Pressed Powder Face Touch Up",,2.63
FBA可售不一致,953,B0H6B52MGC,SP-FP-quan01,SP-FP-quan01,图图,图图,5,0,0,B0H6B7MB9X,,"14Pcs Black Pink Makeup Puff Kit, Powder Cushion Beauty Sponge & Mini Finger Puffs for All Makeup Steps",,4.91
FBA可售不一致,1041,B0GY4XSHVF,Pet-WD-DeepBlue,Pet-WD-DeepBlue,cccady,cccady,2,5,0,B0HBCZN7V3,宠物生日围兜-深蓝色,Pet Birthday Bandana Bib Deep Blue,Pet-WD-DeepBlue,4.99
FBA可售不一致,1042,B0H269DYNM,Cycleglass-Black,Cycleglass-Black,cccady,cccady,20,100,0,B0H269DYNM,,"Shield Cycling Sunglasses with Carrying Case, Mirror Lens, Adult Unisex, Black Frame",,7.49
FBA可售不一致,1047,B0GZVL2BTT,Pet-XQ-Re-W48,Pet-XQ-Re-W48,cccady,cccady,5,0,0,B0HBMV3966,舒缓宠物项圈-白色,"Pet Collar for Dogs & Cats 48cm, Adjustable Waterproof Collar for Daily Wear",Pet-XQ-Re-W48,2.59
FBA可售不一致,1408,B0GZNZJ34V,QS-002-36/37,QS-002-36/37 / QS-001-36/37,公司,公司,3,5,0,B0GQBS64JX,,Water Shoes for Women Men Quick Dry Barefoot Beach Swim Pool Walking Shoes,,4.99
FBA可售不一致,1410,B0H147G4HD,KCC-caihong-1,KCC-caihong-1,凯旋,凯旋,1,5,0,B0GYXXHWBS,宠物玩具,"Dog Rope Toy, Multi Style Interactive Tug Chew Toys for Small Dogs, Teething Rope Toy Pack for Pet Daily Play",KCC-caihong-1,3.99
FBA可售不一致,1411,B0H14FXJZN,KCC-caihong-2,KCC-caihong-2,凯旋,凯旋,1,5,0,B0H14FXJZN,宠物玩具,"2 Pack Dog Rope Toy, Multi Style Interactive Tug Chew Toys for Small Dogs, Teething Rope Toy Pack for Pet Daily Play",KCC-caihong-2,3.99
FBA可售不一致,1422,B0GZP66WVT,QS-524-B23-26-27,QS-524-B23-26-27,公司,公司,3,0,0,B0GYX16S5J,,"Kids Water Shoes, Cute Ocean Cartoon Print Quick-Dry Aqua Socks for Toddler Boys Girls, Non-Slip Swim Shoes for Beach, Pool, Water Park, River Trekking, and Indoor Activities",,4.99
FBA可售不一致,1423,B0GZP6YWSJ,QS-524-B23-28-29,QS-524-B23-28-29,公司,公司,3,0,0,B0GYX16S5J,,"Kids Water Shoes, Cute Ocean Cartoon Print Quick-Dry Aqua Socks for Toddler Boys Girls, Non-Slip Swim Shoes for Beach, Pool, Water Park, River Trekking, and Indoor Activities",,4.99
FBA可售不一致,1428,B0GZNZJ34V,QS-001-36/37,QS-002-36/37 / QS-001-36/37,公司,公司,2,5,0,B0GQBS64JX,,Water Shoes for Women Men Quick Dry Barefoot Beach Swim Pool Walking Shoes,,4.99
FBA可售不一致,1432,B0GZNZDN1N,QS-506-D19-28/29,QS-506-D19-28/29,公司,公司,3,0,0,B0GYWSYXZ5,新款大童溯溪鞋,"Big Kids Water Shoes, Whale & Sailboat Print Non Slip Aqua Socks for Big Kids Beach Swim Pool",QS-506-D19-28/29,4.99
FBA可售不一致,1433,B0GZNTCX6T,QS-506-D19-26/27,QS-506-D19-26/27,公司,公司,3,0,0,B0GYWSYXZ5,新款大童溯溪鞋,"Big Kids Water Shoes, Whale & Sailboat Print Non Slip Aqua Socks for Big Kids Beach Swim Pool",QS-506-D19-26/27,4.99
FBA可售不一致,1434,B0GZN2SCLH,QS-506-D19-34/35,QS-506-D19-34/35,公司,公司,3,0,0,B0GYWSYXZ5,新款大童溯溪鞋,"Big Kids Water Shoes, Whale & Sailboat Print Non Slip Aqua Socks for Big Kids Beach Swim Pool",QS-506-D19-34/35,4.99
FBA可售不一致,1436,B0GYYSK2M4,QS-524-B23-34-35,QS-524-B23-34-35,公司,公司,3,0,0,B0GYX16S5J,潜水溯溪鞋,"Kids Water Shoes, Cute Ocean Cartoon Print Quick-Dry Aqua Socks for Toddler Boys Girls, Non-Slip Swim Shoes for Beach, Pool, Water Park, River Trekking, and Indoor Activities",QS-524-B23-34-35,4.99
FBA可售不一致,1437,B0GYZFL74L,SP-TU-XXDZ-01,SP-TU-XXDZ-01,图图,图图,1,5,0,B0GYXBVR59,星星吊坠,"Dog Star Pendant Rope Toy, 28CM Cotton Teething Toy for Small Dogs, Interactive Tug & Fetch Toy",SP-TU-XXDZ-01,4.44
FBA可售不一致,1438,B0GYX2TPFM,QS-524-B23-32-33,QS-524-B23-32-33,公司,公司,3,0,0,B0GYX16S5J,潜水溯溪鞋,"Kids Water Shoes, Cute Ocean Cartoon Print Quick-Dry Aqua Socks for Toddler Boys Girls, Non-Slip Swim Shoes for Beach, Pool, Water Park, River Trekking, and Indoor Activities",QS-524-B23-32-33,4.99
FBA可售不一致,1440,B0GYX2HZ32,QS-524-B23-30-31,QS-524-B23-30-31,公司,公司,3,0,0,B0GYX16S5J,潜水溯溪鞋,"Kids Water Shoes, Cute Ocean Cartoon Print Quick-Dry Aqua Socks for Toddler Boys Girls, Non-Slip Swim Shoes for Beach, Pool, Water Park, River Trekking, and Indoor Activities",QS-524-B23-30-31,4.99
FBA可售不一致,1442,B0GYX36NND,QS-506-D19-30/31,QS-506-D19-30/31,公司,公司,3,0,0,B0GYWSYXZ5,新款大童溯溪鞋,"Big Kids Water Shoes, Whale & Sailboat Print Non Slip Aqua Socks for Big Kids Beach Swim Pool",QS-506-D19-30/31,4.99
FBA可售不一致,1443,B0GYWPSZYZ,QS-506-D19-32/33,QS-506-D19-32/33,公司,公司,3,0,0,B0GYWSYXZ5,新款大童溯溪鞋,"Big Kids Water Shoes, Whale & Sailboat Print Non Slip Aqua Socks for Big Kids Beach Swim Pool",QS-506-D19-32/33,4.99
FBA可售不一致,1451,B0GY8SRWSQ,KCC-XGYF-XL,KCC-XGYF-XL,凯旋,凯旋,1,5,0,B0GY8X1TF6,小狗衣服,"Breathable Mesh Summer Dog Vest, Cute Printed Lightweight Tank Top As Daily Casual Apparel for Small Puppy and Small Breed Dogs",KCC-XGYF-XL,2.99
FBA可售不一致,1481,B0GWHQ5836,QS-0381-36/37,QS-0381-36/37,公司,公司,1,0,0,B0GVYWN441,溯溪沙滩鞋,"Swim Footwear for Women Men, Aqua Socks, Barefoot Water Shoes, Beach Yoga Pool Resort Summer Travel Pair",QS-0381-36/37,4.99
FBA可售不一致,1483,B0GWGV8TTG,SP-MZmi-lan,SP-MZmi-lan,图图,图图,1,2,0,B0GWGXYHXP,面罩,"3 Pack Camouflage Windproof Face Covering, Thermal Neck Gaiter Winter Warm Mask for Hunting Skiing Cycling",SP-MZmi-lan,5.99
FBA可售不一致,1499,B0GVQSCZDV,KCC-QXDK-S,KCC-QXDK-S,凯旋,凯旋,1,4,0,B0GVQSCZDV,骑行短裤,"5 Pack Men's Cycling Shorts, Quick Dry Breathable Athletic Shorts, Lightweight High Stretch Sports Shorts for Running Cycling Workout Multicolor",KCC-QXDK-S,13.99
FBA可售不一致,1500,B0GVMBGTHX,SP-underwear-yujia-L,SP-underwear-yujia-L,图图,图图,1,2,0,B0GWHYTZKS,,"8 Pack Women’s Seamless Thong Panties, Invisible Yoga Underwear Ultra Soft Comfortable Sexy Lace Briefs Multicolor",,12.99
FBA可售不一致,1503,B0GV26C5SC,SP-underwear-leisi-S,SP-underwear-leisi-S,图图,图图,1,2,0,B0GWJ2XYYS,内裤-蕾丝,"Sexy Lace Low Rise Underwear for Women 5 Pack, Soft Breathable Comfort Fashion Ladies Panties Multi Color",SP-underwear-leisi-S,12.99
FBA可售不一致,1504,B0GV2CZ4YS,SP-underwear-leisi-M,SP-underwear-leisi-M,图图,图图,1,2,0,B0GWJ2XYYS,内裤-蕾丝,"Sexy Lace Low Rise Underwear for Women 5 Pack, Soft Breathable Comfort Fashion Ladies Panties Multi Color",SP-underwear-leisi-M,12.99
