问题,ASIN,工具负责人,工具MSKU
工具有，Listing没有,B0H97H8RVB,图图,SP-MC-renou1
工具有，Listing没有,B0H97P14LT,图图,SP-FP-dingzhuang03
工具有，Listing没有,B0H97Y1RKM,图图,SP-MC-renou8
工具有，Listing没有,B0H97W8XH5,图图,SP-shoujizhijiazhang-1
工具有，Listing没有,B0H94TS8HG,凯旋,KCC-MTFST-W
工具有，Listing没有,B0H94L9VY7,图图,SP-kaidan-huang2
工具有，Listing没有,B0H8SJP2NW,图图,SP-FP-xi02
工具有，Listing没有,B0H8P41TZW,凯旋,KCC-NNL1FZ-1
工具有，Listing没有,B0H8P4K98V,凯旋,KCC-NNL1JD-1
工具有，Listing没有,B0H8PBT7LJ,凯旋,KCC-NNL1CCM-1
工具有，Listing没有,B0H8PBT46V,凯旋,KCC-NNL1WK-1
工具有，Listing没有,B0H8NTJTYD,凯旋,KCC-NNL1CZ-1
工具有，Listing没有,B0H8P5W6N2,凯旋,KCC-NNL1DL-1
工具有，Listing没有,B0H876S5GV,凯旋,KCC-NNLNG-1
工具有，Listing没有,B0H7G8V64T,图图,SP-shounacongwu-k
工具有，Listing没有,B0H7GCXM5V,图图,SP-shounacongwu-j
工具有，Listing没有,B0H7G98XJD,图图,SP-shounacongwu-s
工具有，Listing没有,B0H6BFF5YL,图图,SP-FP-xi01
工具有，Listing没有,B0H69RMR1H,凯旋,KCC-DDLS-LV
工具有，Listing没有,B0H69RBH4Y,凯旋,KCC-DDLS-HUI
工具有，Listing没有,B0H5TYG7Z9,图图,SP-buguang-blue
工具有，Listing没有,B0H5J8PDY7,图图,SP-WZ10-X
工具有，Listing没有,B0H5JD7BNQ,图图,SP-WZ10-A
工具有，Listing没有,B0H5JGKJGP,图图,SP-WZ10-S
工具有，Listing没有,B0H3V973JV,凯旋,KCC-MH004-1G
工具有，Listing没有,B0H3RMNP9Q,图图,SP-xianglian-p
工具有，Listing没有,B0H3RDPJGQ,图图,SP-xianglian-w
工具有，Listing没有,B0GS8PK3PZ,图图,KC-28-01
工具有，Listing没有,B0H8415FHJ,cccady,Pads-SET-3style-CC
工具有，Listing没有,B0GS6LWSWJ,cccady,WES-BF-34A
工具有，Listing没有,B0GS6CHFZT,cccady,WES-BH-37A
工具有，Listing没有,B0GL8MFZLM,cccady,WES-30005-Blue-8
工具有，Listing没有,B0GY4HJWN8,cccady,PetToy-Fish-M
工具有，Listing没有,B0GLFVMPV9,cccady,WES-3007-Red-8
工具有，Listing没有,B0GL8MNZGV,cccady,WES-30005-Blue-9
工具有，Listing没有,B0GL8Q7YXT,cccady,WES-3006-Pink-9
工具有，Listing没有,B0GS6RVCNY,cccady,WES-BXT-29A
工具有，Listing没有,B0GS6C5XVW,cccady,WES-HDF-34A
工具有，Listing没有,B0GS6QCDDB,cccady,WES-PH-34A
工具有，Listing没有,B0GS6HLRS4,cccady,WES-BXH-37A
工具有，Listing没有,B0GS6BT1TQ,cccady,WES-IR-29A
工具有，Listing没有,B0GS679H9Y,cccady,WES-PH-37A
工具有，Listing没有,B0GS6GMGVM,cccady,WES-BT-34A
工具有，Listing没有,B0GS6WXD2S,cccady,WES-HGF-37A
工具有，Listing没有,B0GS6PRM96,cccady,WES-PF-29A
工具有，Listing没有,B0GLFTK9SV,cccady,WES-3007-White-8
工具有，Listing没有,B0GLFZ7BC8,cccady,WES-3007-Green-9
工具有，Listing没有,B0GS69B7B6,cccady,WES-PR-34A
工具有，Listing没有,B0GS6GBL9V,cccady,WES-QCW-34A
工具有，Listing没有,B0GS6KY9BB,cccady,WES-BXH-29A
工具有，Listing没有,B0GS6C9S4D,cccady,WES-IR-34A
工具有，Listing没有,B0GS6G18D4,cccady,WES-BH-29A
工具有，Listing没有,B0GS6LY1C4,cccady,WES-PF-37A
工具有，Listing没有,B0GS69145N,cccady,WES-BXF-37A
工具有，Listing没有,B0H45R77Q6,cccady,YJQ-Ball-Purple-Re
工具有，Listing没有,B0GZQ7M31V,cccady,Pet-Toy-Feather
工具有，Listing没有,B0GZLJ5L2Z,cccady,Pet-Toy-Fish-MG
工具有，Listing没有,B0GS6N6MF6,cccady,WES-YZF-29A
工具有，Listing没有,B0GS6JZMHH,cccady,WES-PH-29A
工具有，Listing没有,B0GS6BT5H8,cccady,WES-BXR-29A
工具有，Listing没有,B0GS6KNF65,cccady,WES-HGF-34A
工具有，Listing没有,B0GS6H77DL,cccady,WES-PF-34A
工具有，Listing没有,B0GS68YNJB,cccady,WES-HDF-29A
工具有，Listing没有,B0GS6DVB7M,cccady,WES-PR-37A
工具有，Listing没有,B0GS6DCK6T,cccady,WES-PXF-37A
工具有，Listing没有,B0GS6NYSFM,cccady,WES-HDF-37A
工具有，Listing没有,B0GS6R48XB,cccady,WES-PHO-29A
工具有，Listing没有,B0GS6CYRWP,cccady,WES-BB-29A
工具有，Listing没有,B0GS6GCV8K,cccady,WES-PB-34A
工具有，Listing没有,B0GS6LRNJZ,cccady,WES-YZF-34A
工具有，Listing没有,B0GLFH98MS,cccady,WES-3007-Black-8
工具有，Listing没有,B0GL8GW4HF,cccady,WES-30005-Pink-9
工具有，Listing没有,B0GS6DHFM5,cccady,WES-BHO-34A
工具有，Listing没有,B0GS6PLWZ2,cccady,WES-PHO-34A
工具有，Listing没有,B0GS6CWBL1,cccady,WES-GRAD-34A
工具有，Listing没有,B0GY44YXL8,cccady,PetToy-Fish-G
工具有，Listing没有,B0GLFS39WF,cccady,WES-3007-Red-9
工具有，Listing没有,B0GS6CYGYL,cccady,WES-PXR-29A
工具有，Listing没有,B0GS68L54Q,cccady,WES-BHO-37A
工具有，Listing没有,B0GS6L4DDQ,cccady,WES-BXR-34A
工具有，Listing没有,B0GS6BZSHH,cccady,WES-QCW-37A
工具有，Listing没有,B0GS6CCS17,cccady,WES-YZR-37A
工具有，Listing没有,B0GS6HFC46,cccady,WES-PXHO-37A
工具有，Listing没有,B0GL8XMT4T,cccady,WES-3006-Grey-9
工具有，Listing没有,B0GL8PK8YC,cccady,WES-3006-Blue-9 / WES-3006-Blue-8
工具有，Listing没有,B0GS68XVG8,cccady,WES-BF-29A
工具有，Listing没有,B0GS6CVHYY,cccady,WES-PXR-34A
工具有，Listing没有,B0GS6LY1CD,cccady,WES-BXT-34A
工具有，Listing没有,B0GS6H5JW7,cccady,WES-BB-37A
工具有，Listing没有,B0GS68C9ZP,cccady,WES-BXF-34A
工具有，Listing没有,B0GS6JDJ86,cccady,WES-PXH-29A
工具有，Listing没有,B0GS6HSJKJ,cccady,WES-GRAD-29A
工具有，Listing没有,B0GS6CJNCD,cccady,WES-PXF-29A
工具有，Listing没有,B0GS6H989S,cccady,WES-QCW-28A
工具有，Listing没有,B0GL8ZHQCZ,cccady,WES-30005-Pink-8
工具有，Listing没有,B0GLF7QK79,cccady,WES-3007-Green-8
工具有，Listing没有,B0GL973XZN,cccady,WES-3006-Grey-8
工具有，Listing没有,B0GTPFF7H6,cccady,WES-BT-37A
工具有，Listing没有,B0GS69GV7W,cccady,WES-YZR-29A
工具有，Listing没有,B0GS6C41V5,cccady,WES-BXR-37A
工具有，Listing没有,B0GS6Q1GQN,cccady,WES-PXF-34A
工具有，Listing没有,B0GS6CMGZL,cccady,WES-PB-37A
工具有，Listing没有,B0GS6FK7BR,cccady,WES-PXH-34A
工具有，Listing没有,B0GS6GZVK2,cccady,WES-BB-34A
工具有，Listing没有,B0GS6DHFM7,cccady,WES-GRAD-36A
工具有，Listing没有,B0GS6D1DF1,cccady,WES-PXH-37A
工具有，Listing没有,B0GL8MQHBS,cccady,WES-30005-Grey-9
工具有，Listing没有,B0GS6VCB4R,cccady,WES-BXH-34A
工具有，Listing没有,B0GL8MDY9B,cccady,WES-3006-White-9
工具有，Listing没有,B0GLFWJP36,cccady,WES-3007-White-9
工具有，Listing没有,B0GL8DJ49P,cccady,WES-3006-White-8
工具有，Listing没有,B0GLFW1243,cccady,WES-3007-Yellow-9
工具有，Listing没有,B0GS6D6TG1,cccady,WES-YZF-37A
工具有，Listing没有,B0GS68VKD2,cccady,WES-PXR-37A
工具有，Listing没有,B0GS6CV8W7,cccady,WES-BXF-29A
工具有，Listing没有,B0GL8H8D84,cccady,WES-3006-Yellow-8
工具有，Listing没有,B0GS6Q3SH8,cccady,WES-BXT-37A
工具有，Listing没有,B0GS6D3TZN,cccady,WES-IR-37A
工具有，Listing没有,B0GS6D57MX,cccady,WES-PXHO-29A
工具有，Listing没有,B0GS6JSV6D,cccady,WES-PHO-37A
工具有，Listing没有,B0GL8RMKML,cccady,WES-3006-Yellow-9
工具有，Listing没有,B0GL8JZH94,cccady,WES-30005-White-8
工具有，Listing没有,B0GS6FG89Q,cccady,WES-YZR-34A
工具有，Listing没有,B0GS68ZC5P,cccady,WES-BHO-29A
工具有，Listing没有,B0GTLR99TS,cccady,WES-HGF-29A
工具有，Listing没有,B0GS6CF5PW,cccady,WES-BH-34A
工具有，Listing没有,B0GS68P9VD,cccady,WES-BF-37A
工具有，Listing没有,B0GS6DSWXH,cccady,WES-PB-29A
工具有，Listing没有,B0GL8NNY7J,cccady,WES-30005-Grey-8
工具有，Listing没有,B0GL8VYKG3,cccady,WES-30005-White-9
工具有，Listing没有,B0GS688D8B,cccady,WES-PXHO-34A
工具有，Listing没有,B0GS68WCSV,cccady,WES-BT-29A
工具有，Listing没有,B0GLFJG2JK,cccady,WES-3007-Yellow-8
工具有，Listing没有,B0GS688LXF,cccady,WES-PR-29A
工具有，Listing没有,B0GLFWNCBB,cccady,WES-3007-Black-9
