问题,ASIN,工具MSKU,工具负责人,工具FBA可售,工具近7日销量
工具有，Listing没有,B0H97H8RVB,SP-MC-renou1,图图,0,0
工具有，Listing没有,B0H97P14LT,SP-FP-dingzhuang03,图图,0,0
工具有，Listing没有,B0H97Y1RKM,SP-MC-renou8,图图,0,0
工具有，Listing没有,B0H97W8XH5,SP-shoujizhijiazhang-1,图图,0,0
工具有，Listing没有,B0H94TS8HG,KCC-MTFST-W,凯旋,0,0
工具有，Listing没有,B0H94L9VY7,SP-kaidan-huang2,图图,0,0
工具有，Listing没有,B0H6FFS6B2,QC-DB-H-silver1,未分配,0,0
工具有，Listing没有,B0H8SJP2NW,SP-FP-xi02,图图,0,0
工具有，Listing没有,B0H8P41TZW,KCC-NNL1FZ-1,凯旋,0,0
工具有，Listing没有,B0H8P4K98V,KCC-NNL1JD-1,凯旋,0,0
工具有，Listing没有,B0H8PBT7LJ,KCC-NNL1CCM-1,凯旋,0,0
工具有，Listing没有,B0H8PBT46V,KCC-NNL1WK-1,凯旋,0,0
工具有，Listing没有,B0H8P2D7B2,KCC-NNL1JQR-1,凯旋,10,0
工具有，Listing没有,B0H8NTJTYD,KCC-NNL1CZ-1,凯旋,0,0
工具有，Listing没有,B0H8P5W6N2,KCC-NNL1DL-1,凯旋,0,0
工具有，Listing没有,B0H876S5GV,KCC-NNLNG-1,凯旋,0,0
工具有，Listing没有,B0H7G8V64T,SP-shounacongwu-k,图图,0,0
工具有，Listing没有,B0H7GCXM5V,SP-shounacongwu-j,图图,0,0
工具有，Listing没有,B0H7G98XJD,SP-shounacongwu-s,图图,0,0
工具有，Listing没有,B0H7C53DVB,SP-fanguangwei-6,图图,0,0
工具有，Listing没有,B0H6W7LF4V,KCC-FPFEN-8,凯旋,0,0
工具有，Listing没有,B0H6W82VV7,KCC-FPfen-7,凯旋,0,0
工具有，Listing没有,B0H6HK5SZ8,KCC-BSHP-1,凯旋,0,0
工具有，Listing没有,B0H6BFF5YL,SP-FP-xi01,图图,0,0
工具有，Listing没有,B0H69RMR1H,KCC-DDLS-LV,凯旋,0,0
工具有，Listing没有,B0H69RBH4Y,KCC-DDLS-HUI,凯旋,0,0
工具有，Listing没有,B0H5TYG7Z9,SP-buguang-blue,图图,0,0
工具有，Listing没有,B0H5NTZKC8,SP-xiangquan1-38-cheng,图图,0,0
工具有，Listing没有,B0H5NF8MGH,SP-xiangquan1-38-zi,图图,0,0
工具有，Listing没有,B0H5J8PDY7,SP-WZ10-X,图图,0,0
工具有，Listing没有,B0H5JD7BNQ,SP-WZ10-A,图图,0,0
工具有，Listing没有,B0H5JGKJGP,SP-WZ10-S,图图,0,0
工具有，Listing没有,B0H5CNVNDK,SP-weishui-fen,图图,0,0
工具有，Listing没有,B0H5CB39RP,SP-weishui-lan,图图,0,0
工具有，Listing没有,B0H4ZP6BZG,SP-niuniule-6se1,图图,4,0
工具有，Listing没有,B0H4QTM77B,SP-shuibei02-hei,图图,0,0
工具有，Listing没有,B0H4QY2Q6R,SP-sirong-black,图图,3,2
工具有，Listing没有,B0H451VW9M,KCC-STK-AA-L,凯旋,1,0
工具有，Listing没有,B0H3V8VYK3,KCC-MH156-1G,凯旋,0,0
工具有，Listing没有,B0H3VCVR3G,KCC-MH090-1G,凯旋,0,0
工具有，Listing没有,B0H3VC8N4Z,KCC-MH165-1G,凯旋,0,0
工具有，Listing没有,B0H3V973JV,KCC-MH004-1G,凯旋,0,0
工具有，Listing没有,B0H3VCCBDJ,KCC-MH164-1G,凯旋,0,0
工具有，Listing没有,B0H3VPVTQF,KCC-MH142-1G,凯旋,0,0
工具有，Listing没有,B0H3RMNP9Q,SP-xianglian-p,图图,5,0
工具有，Listing没有,B0H3RDPJGQ,SP-xianglian-w,图图,5,0
工具有，Listing没有,B0H3N8XDC5,KCC-FZAS-1,凯旋,0,0
工具有，Listing没有,B0H3NKP2K8,KCC-XHYB-HONG,凯旋,4,0
工具有，Listing没有,B0H3MTZ7M7,SP-niuniule-cleargreen,图图,2,0
工具有，Listing没有,B0H3MVMZL4,SP-niuniule-pink,图图,3,0
工具有，Listing没有,B0H3L79V74,SP-jieya-6,图图,21,0
工具有，Listing没有,B0H3KXLW3T,KCC-FZQNH-ZI,凯旋,1,1
工具有，Listing没有,B0H2MKJY53,QS-2606-42/43,公司,0,0
工具有，Listing没有,B0H2MJXMYW,QS-C101-38/39,公司,1,0
工具有，Listing没有,B0H2M93FTT,QS-2606-38/39,公司,0,0
工具有，Listing没有,B0H2MP7TL4,QS-HZ2618,公司,0,0
工具有，Listing没有,B0H2MBJZ6V,QS-2606-40/41,公司,0,0
工具有，Listing没有,B0H2MJC9ZP,QS-HZC106,公司,0,0
工具有，Listing没有,B0H2MXJX81,QS-2626-36/37,公司,0,1
工具有，Listing没有,B0H2MNTR2Y,QS-2511-38/39,公司,0,0
工具有，Listing没有,B0H2MHW7PW,QS-2626-40/41,公司,0,2
工具有，Listing没有,B0H2MBRYRM,QS-HZ2514,公司,0,0
工具有，Listing没有,B0H2MGTDQ4,QS-C107-34/35,公司,0,0
工具有，Listing没有,B0H2MC8HVM,QS-C115-44/45,公司,1,0
工具有，Listing没有,B0H2MDNXR3,QS-HZ2621,公司,0,0
工具有，Listing没有,B0H2MLGSHL,QS-HZ2617,公司,0,0
工具有，Listing没有,B0H2MLWR4F,QS-HZ2622,公司,0,0
工具有，Listing没有,B0H2MCVDJJ,QS-HZ2515,公司,0,0
工具有，Listing没有,B0H2MPV9YB,QS-C103-40/41,公司,0,0
工具有，Listing没有,B0H2MBYWQV,QS-2617-36/37,公司,1,0
工具有，Listing没有,B0H2MDG6TR,QS-HZC107,公司,0,0
工具有，Listing没有,B0H2MKFX9F,QS-C103-38/39,公司,0,0
工具有，Listing没有,B0H2MD1JPB,QS-HZ2705,公司,0,0
工具有，Listing没有,B0H2MK5NZ3,QS-2612-38/39,公司,0,0
工具有，Listing没有,B0H2MDKRCT,QS-HZ2520,公司,0,0
工具有，Listing没有,B0H2MGFWV1,QS-HZC112,公司,0,0
工具有，Listing没有,B0H2MGRXC8,QS-C107-28/29,公司,0,0
工具有，Listing没有,B0H2MJVYY6,QS-HZC103,公司,0,0
工具有，Listing没有,B0H2MDF84V,QS-C106-36/37,公司,0,0
工具有，Listing没有,B0H2MGL5L5,QS-HZ2623,公司,0,0
工具有，Listing没有,B0H2MG2781,QS-HZ2511,公司,0,0
工具有，Listing没有,B0H2MGJPP4,QS-C117-44/45,公司,0,0
工具有，Listing没有,B0H2MKWWZW,QS-2561-42/43,公司,1,0
工具有，Listing没有,B0H2MM7VPH,QS-HZ2624,公司,0,0
工具有，Listing没有,B0H2MBRRNZ,QS-C101-44/45,公司,0,0
工具有，Listing没有,B0H2MJBTHZ,QS-2561-40/41,公司,1,2
工具有，Listing没有,B0H2MBLGFC,QS-HZC104,公司,0,0
工具有，Listing没有,B0H2MGP8CT,QS-2552-42/43,公司,0,2
工具有，Listing没有,B0H2MG417C,QS-HZ2626,公司,0,0
工具有，Listing没有,B0H2MK6WJK,QS-HZC115,公司,0,0
工具有，Listing没有,B0H2MB435X,QS-C107-32/33,公司,0,0
工具有，Listing没有,B0H2M8PXRD,QS-HZC114,公司,0,0
工具有，Listing没有,B0H2ML1K4G,QS-C101-42/43,公司,0,0
工具有，Listing没有,B0H2M5NVM9,QS-HZC119,公司,0,0
工具有，Listing没有,B0H2MGJPH3,QS-HZ2706,公司,0,0
工具有，Listing没有,B0H2MKQTGD,QS-HZ2628,公司,0,0
工具有，Listing没有,B0H2MT7TLV,QS-HZC117,公司,0,0
工具有，Listing没有,B0H2MJ6F72,QS-HZ2610,公司,0,0
工具有，Listing没有,B0H2M93FQD,QS-2620-38/39,公司,1,1
工具有，Listing没有,B0H2MF9ZZ2,QS-2623-38/39,公司,1,1
工具有，Listing没有,B0H2MJ5WV7,QS-C103-44/45,公司,0,1
工具有，Listing没有,B0H2MPXMXR,QS-HZ2620,公司,0,0
工具有，Listing没有,B0H2MK5G7D,QS-2610-36/37,公司,0,0
工具有，Listing没有,B0H2MMSRXY,QS-C119-36/37,公司,0,1
工具有，Listing没有,B0H2M5MV6K,QS-2624-36/37,公司,0,0
工具有，Listing没有,B0H2MQVN5R,QS-HZ2529,公司,0,0
工具有，Listing没有,B0H2MHYC54,QS-C112-42/43,公司,0,0
工具有，Listing没有,B0H2MT377B,QS-C107-26/27,公司,0,0
工具有，Listing没有,B0H2MDCXKF,QS-2628-36/37,公司,0,0
工具有，Listing没有,B0H2MCHRBC,QS-2620-36/37,公司,0,0
工具有，Listing没有,B0H2MPVM5K,QS-HZ2532,公司,0,0
工具有，Listing没有,B0H2MC7ZZB,QS-HZ2606,公司,0,0
工具有，Listing没有,B0H2MPBWHP,QS-HZ2612,公司,0,0
工具有，Listing没有,B0H2MK58P1,QS-HZ2625,公司,0,0
工具有，Listing没有,B0H2MPC7RH,QS-HZ2561,公司,0,0
工具有，Listing没有,B0H2MHVYGX,QS-HZC101,公司,0,0
工具有，Listing没有,B0H2MM61MC,QS-HZ2629,公司,0,0
工具有，Listing没有,B0H2MDB683,QS-HZ2609,公司,0,0
工具有，Listing没有,B0H2MLT2ZB,QS-HZC118,公司,0,0
工具有，Listing没有,B0H2MDW5C5,QS-2618-38/39,公司,0,0
工具有，Listing没有,B0H2MFZJH1,QS-HZ2552,公司,0,0
工具有，Listing没有,B0H2MJQYM5,QS-2606-36/37,公司,0,0
工具有，Listing没有,B0H2M64575,QC-DB-H-red,未分配,1,0
工具有，Listing没有,B0H2MFFPB1,QC-DB-H-rainbow,未分配,0,0
工具有，Listing没有,B0H2LG6HGD,SP-daosuiji-1,图图,5,0
工具有，Listing没有,B0H2HM9RSJ,KCC-33GGTZ-1,凯旋,0,0
工具有，Listing没有,B0H2HCN84Y,KCC-BMFSL-1,凯旋,10,0
工具有，Listing没有,B0H2HBYBBW,KCC-01KCJSL-1,凯旋,0,0
工具有，Listing没有,B0H2H2CZVC,SP-jiyagao-g,图图,5,0
工具有，Listing没有,B0H2GTRJV1,SP-jiyagao-y,图图,1,1
工具有，Listing没有,B0H27RWJ6F,KCC-YJKZ-3,凯旋,10,0
工具有，Listing没有,B0H2813QBX,KCC-CWW-1,凯旋,3,2
工具有，Listing没有,B0H27MFJLP,KCC-XMSJZJ-1,凯旋,2,0
工具有，Listing没有,B0H262SBM3,QS-5051-D18-26/27,公司,0,0
工具有，Listing没有,B0H25TSPR7,QS-5051-D18-30/31,公司,0,0
工具有，Listing没有,B0H262GSNC,QS-5051-D18-34/35,公司,0,0
工具有，Listing没有,B0H25Y357W,QS-5051-D18-28/29,公司,0,0
工具有，Listing没有,B0H263TPH5,QS-5051-D18-32/33,公司,0,0
工具有，Listing没有,B0H23X3FN9,QS-152-42/43,公司,0,0
工具有，Listing没有,B0H23WSXBN,QS-152-36/37,公司,0,0
工具有，Listing没有,B0H23KX96L,QS-153,公司,0,0
工具有，Listing没有,B0H23VJJBT,QS-151,公司,0,0
工具有，Listing没有,B0H24289G7,QS-156-36/37,公司,0,0
工具有，Listing没有,B0H23VQC13,QS-150,公司,0,0
工具有，Listing没有,B0H241D83M,QS-155-42/43,公司,0,0
工具有，Listing没有,B0H23MM8YJ,QS-152-40/41,公司,0,0
工具有，Listing没有,B0H23XXV2D,QS-155-36/37,公司,0,0
工具有，Listing没有,B0H23Y2F43,QS-152-38/39,公司,0,0
工具有，Listing没有,B0H23VPTWS,QS-155-38/39,公司,0,0
工具有，Listing没有,B0H23VPG25,QS-152-44/45,公司,0,0
工具有，Listing没有,B0H23VN8CJ,QS-155-40/41,公司,0,0
工具有，Listing没有,B0H23RQNNB,QS-156-44/45,公司,0,0
工具有，Listing没有,B0H23ZYYTK,QS-156-42/43,公司,0,0
工具有，Listing没有,B0H23JZLLX,QS-156-40/41,公司,0,0
工具有，Listing没有,B0H23VGZZR,QS-155-44/45,公司,0,0
工具有，Listing没有,B0H23XLPPB,QS-156-38/39,公司,0,0
工具有，Listing没有,B0H1V939K7,KCC-EJSNB-HEI,凯旋,0,1
工具有，Listing没有,B0H1V7Z5HC,KCC-MNWXL-CHENG,凯旋,10,0
工具有，Listing没有,B0H1S2SW62,QS-106-44/45,公司,0,0
工具有，Listing没有,B0H1RZL9RX,QS-106-38/39,公司,0,0
工具有，Listing没有,B0H1S63B4J,QS-106-36/37,公司,0,0
工具有，Listing没有,B0GS4RDLJJ,QS-112,公司,0,0
工具有，Listing没有,B0GS4FS63Y,QS-111,公司,0,0
工具有，Listing没有,B0H1S8VD1J,QS-134,公司,0,0
工具有，Listing没有,B0H1S3PSQ3,QS-125,公司,0,0
工具有，Listing没有,B0H1RTH2KG,QS-137,公司,0,0
工具有，Listing没有,B0H1RY9T8J,QS-132,公司,0,0
工具有，Listing没有,B0H1RQ5NLJ,QS-139,公司,0,0
工具有，Listing没有,B0H1RSLHH7,QS-113-42/43,公司,0,0
工具有，Listing没有,B0H1S2MCYQ,QS-129-36/37,公司,0,1
工具有，Listing没有,B0H1RVY4FL,QS-134-38/39,公司,0,0
工具有，Listing没有,B0H1RWFCVR,QS-123,公司,0,0
工具有，Listing没有,B0H1RWSYQ8,QS-122,公司,0,0
工具有，Listing没有,B0H1S51N4Q,QS-118,公司,0,0
工具有，Listing没有,B0H1RSTCJL,QS-114-38/39,公司,0,1
工具有，Listing没有,B0H1SBMY4H,QS-120-38/39,公司,0,0
工具有，Listing没有,B0H1RZJ64N,QS-118-38/39,公司,0,0
工具有，Listing没有,B0H1S6582P,QS-120-40/41,公司,0,1
工具有，Listing没有,B0H1S18687,QS-120-36/37,公司,1,0
工具有，Listing没有,B0H1S8K83L,QS-124,公司,0,0
工具有，Listing没有,B0H1S8CNQV,QS-126,公司,0,0
工具有，Listing没有,B0H1S938C7,QS-119,公司,0,0
工具有，Listing没有,B0H1S5N75D,QS-135,公司,0,0
工具有，Listing没有,B0H1RYYG1V,QS-138,公司,0,0
工具有，Listing没有,B0H1S28G3Z,QS-131,公司,0,0
工具有，Listing没有,B0H1RSFVTX,QS-114,公司,0,0
工具有，Listing没有,B0H1S3MM3D,QS-128,公司,0,0
工具有，Listing没有,B0H1S6JDF8,QS-129-38/39,公司,0,0
工具有，Listing没有,B0H1RZLMMH,QS-113-38/39,公司,0,0
工具有，Listing没有,B0H1RYQ4NR,QS-136,公司,0,0
工具有，Listing没有,B0H1RWZN1D,QS-115-36/37,公司,0,1
工具有，Listing没有,B0H1RV72Z9,QS-133,公司,0,0
工具有，Listing没有,B0H1RRCCWR,QS-127,公司,0,0
工具有，Listing没有,B0H1S3DT2F,QS-115-38/39,公司,0,0
工具有，Listing没有,B0H1S2F7BK,QS-129,公司,0,0
工具有，Listing没有,B0H1S45NQC,QS-121,公司,0,0
工具有，Listing没有,B0H1RYTDS4,QS-137-38/39,公司,0,0
工具有，Listing没有,B0H1RFDSKL,QS-109,公司,0,0
工具有，Listing没有,B0H1QSNRLW,SP-qiesi-1,图图,0,0
工具有，Listing没有,B0H1RKLGR2,KCC-SJBLC-LAN,凯旋,3,0
工具有，Listing没有,B0H1R64J77,KCC-LJQ-HONG,凯旋,8,2
工具有，Listing没有,B0H1Q2343Y,KCC-DXYSK-1,凯旋,1,0
工具有，Listing没有,B0H1HLGSBL,KCC-XBJ-1,凯旋,0,2
工具有，Listing没有,B0H1GX3Z2D,KCC-DNB-1,凯旋,0,0
工具有，Listing没有,B0H1CP58NN,KCC-CDSND-HUANG,凯旋,0,0
工具有，Listing没有,B0H1D7B7RY,QS-079-44/45,公司,0,0
工具有，Listing没有,B0GQBS5TQ3,QS-092,公司,0,0
工具有，Listing没有,B0GQBYS57V,QS-010,公司,0,0
工具有，Listing没有,B0GQBV1H8M,QS-020,公司,0,0
工具有，Listing没有,B0GQBV6R4B,QS-062,公司,0,0
工具有，Listing没有,B0GQBK3LKY,QS-061,公司,0,0
工具有，Listing没有,B0GQC6FJQG,QS-058,公司,0,0
工具有，Listing没有,B0GQC398DS,QS-001,公司,0,0
工具有，Listing没有,B0GQC4C415,QS-079,公司,0,0
工具有，Listing没有,B0GQBJZP6W,QS-031,公司,0,0
工具有，Listing没有,B0GQC6NDGW,QS-055,公司,0,0
工具有，Listing没有,B0GQBV54GW,QS-068,公司,0,0
工具有，Listing没有,B0GQBT7L6Z,QS-048,公司,0,0
工具有，Listing没有,B0H1D668X7,QS-020-36/37,公司,0,0
工具有，Listing没有,B0H1DDF3FR,QS-057-44/45,公司,0,0
工具有，Listing没有,B0GQBVRN6P,QS-056,公司,0,0
工具有，Listing没有,B0GQC4CFDT,QS-063,公司,0,0
工具有，Listing没有,B0GQC2WHR8,QS-097,公司,0,0
工具有，Listing没有,B0GQBVWQYW,QS-074,公司,0,0
工具有，Listing没有,B0H1D5K8NQ,QS-020-38/39,公司,0,0
工具有，Listing没有,B0GQC3J9ZT,QS-046,公司,0,0
工具有，Listing没有,B0GQC1FF7J,QS-036,公司,0,0
工具有，Listing没有,B0GQC6JQJH,QS-070,公司,0,0
工具有，Listing没有,B0GQBVRN77,QS-100,公司,0,0
工具有，Listing没有,B0H1DBJQCD,QS-036-36/37,公司,0,0
工具有，Listing没有,B0H1D59KV4,QS-037-44/45,公司,1,0
工具有，Listing没有,B0GQC5XQJ9,QS-081,公司,0,0
工具有，Listing没有,B0H1CZBLFG,QS-056-44/45,公司,0,0
工具有，Listing没有,B0GQC47WR7,QS-091,公司,0,0
工具有，Listing没有,B0GQBX1JV1,QS-042,公司,0,0
工具有，Listing没有,B0GQBZXFT3,QS-059,公司,0,0
工具有，Listing没有,B0GQBWRZJZ,QS-047,公司,0,0
工具有，Listing没有,B0GQBY6JH7,QS-034,公司,0,0
工具有，Listing没有,B0GQC5GMRB,QS-040,公司,0,0
工具有，Listing没有,B0H1D84G4F,QS-028-38/39,公司,0,1
工具有，Listing没有,B0GQBKLQGH,QS-078,公司,0,0
工具有，Listing没有,B0GQBYRX3L,QS-069,公司,0,0
工具有，Listing没有,B0GQBVQK5K,QS-037,公司,0,0
工具有，Listing没有,B0GQBWWBVS,QS-090,公司,0,0
工具有，Listing没有,B0GQGYF5F3,QS-064,公司,0,0
工具有，Listing没有,B0GQC57SNQ,QS-043,公司,0,0
工具有，Listing没有,B0GQBH6STQ,QS-006,公司,0,0
工具有，Listing没有,B0H1D48YB5,QS-028-44/45,公司,0,0
工具有，Listing没有,B0GQBPCFYH,QS-057,公司,0,0
工具有，Listing没有,B0GQBLLLJD,QS-072,公司,0,0
工具有，Listing没有,B0GQC221DV,QS-005,公司,0,0
工具有，Listing没有,B0GQBTRBMV,QS-045,公司,0,0
工具有，Listing没有,B0GQBQ5T4X,QS-089,公司,0,0
工具有，Listing没有,B0GQC2ZWCD,QS-011,公司,0,0
工具有，Listing没有,B0GQC78R77,QS-049,公司,0,0
工具有，Listing没有,B0H1D7Y8D9,QS-036-38/39,公司,0,0
工具有，Listing没有,B0H1D84KD1,QS-037-38/39,公司,0,1
工具有，Listing没有,B0GQBSTMDN,QS-093,公司,0,0
工具有，Listing没有,B0H1D7FC7H,QS-070-44/45,公司,0,0
工具有，Listing没有,B0GQBSS5XW,QS-014,公司,0,0
工具有，Listing没有,B0GQBWT7X7,QS-033,公司,0,0
工具有，Listing没有,B0H1C8Z882,SP-guolv-50,图图,0,7
工具有，Listing没有,B0H14WYGTH,QS-069-36/37,公司,0,0
工具有，Listing没有,B0H14ZZTKQ,QS-024-36/37,公司,0,0
工具有，Listing没有,B0H152PSTD,QS-049-36/37,公司,0,0
工具有，Listing没有,B0H146YY6V,KCC-caihong-3,凯旋,4,0
工具有，Listing没有,B0GZZ7N5PK,YQ-QWER-2026420-MGZJJ-1,凯旋,0,0
工具有，Listing没有,B0GZYW9QPZ,YQ-QWER-2026420-AMD-4,凯旋,0,0
工具有，Listing没有,B0GZVW59DY,QS-513-A73-1-26/27,公司,0,0
工具有，Listing没有,B0GZVB6YTS,KCC-SHD-1,凯旋,73,35
工具有，Listing没有,B0GZVPLXZ5,QS-513-A73-1-28/29,公司,0,0
工具有，Listing没有,B0GZV4KW2X,KCC-KPQ-3GE,凯旋,6,0
工具有，Listing没有,B0GZVLYXWV,KCC-HCKFJ-CAI,凯旋,10,0
工具有，Listing没有,B0GZTX8K5L,SP-guaidao-4,图图,2,0
工具有，Listing没有,B0GZV9MPY8,SP-zhengjia-2,图图,3,0
工具有，Listing没有,B0GZP98QX3,QS-521-D18-26-27,公司,0,0
工具有，Listing没有,B0GZP49CJ3,QS-521-D18-28-29,公司,0,0
工具有，Listing没有,B0GZP4MM83,QS-302-38/39,公司,0,0
工具有，Listing没有,B0GZP4ZT52,QS-303-40/41,公司,0,0
工具有，Listing没有,B0GZP8HTJV,QS-305-42/43,公司,0,0
工具有，Listing没有,B0GZP1GVMM,QS-302-44/45,公司,0,0
工具有，Listing没有,B0GZP4VVX6,QS-303-42/43,公司,0,0
工具有，Listing没有,B0GZP4LVW3,QS-302-42/43,公司,0,0
工具有，Listing没有,B0GZNZSYJX,QS-304-44/45,公司,0,0
工具有，Listing没有,B0GZP739SP,QS-304-40/41,公司,0,0
工具有，Listing没有,B0GZP7HXHT,QS-303-38/39,公司,0,0
工具有，Listing没有,B0GZP2YBKQ,QS-305-44/45,公司,0,0
工具有，Listing没有,B0GZPTK3MD,QS-304-36/37,公司,0,0
工具有，Listing没有,B0GZP2WNDF,QS-302-40/41,公司,0,0
工具有，Listing没有,B0GZP6HJR3,QS-305-36/37,公司,0,0
工具有，Listing没有,B0GZP94KG5,QS-303-36/37,公司,0,0
工具有，Listing没有,B0GZPSB3V9,QS-304-42/43,公司,0,0
工具有，Listing没有,B0GZPW9ZLH,QS-305-40/41,公司,0,0
工具有，Listing没有,B0GZP1SYJ4,QS-303-44/45,公司,0,0
工具有，Listing没有,B0GZP7MHF9,QS-301-42/43,公司,0,0
工具有，Listing没有,B0GZPLZV8R,QS-302-36/37,公司,0,0
工具有，Listing没有,B0GZQ1FP84,QS-305-38/39,公司,0,0
工具有，Listing没有,B0GZP4FVXV,QS-304-38/39,公司,0,0
工具有，Listing没有,B0GZNZ8CZP,QS-517-D4-26-27,公司,0,0
工具有，Listing没有,B0GZNZNYGG,QS-519-D15-26-27,公司,0,0
工具有，Listing没有,B0GZP2MVNZ,QS-515-D2-28-29,公司,0,0
工具有，Listing没有,B0GZNXBT1C,QS-525-B20-26-27,公司,0,0
工具有，Listing没有,B0GZNZKXCZ,QS-073-36/37,公司,0,0
工具有，Listing没有,B0GZP1ZQZZ,QS-019-36/37,公司,0,0
工具有，Listing没有,B0GZNYCJ66,QS-519-D15-28-29,公司,0,0
工具有，Listing没有,B0GZNTXDZP,QS-517-D4-28-29,公司,0,0
工具有，Listing没有,B0GZP9J958,QS-520-D16-26-27,公司,0,0
工具有，Listing没有,B0GZPJBW7C,QS-520-D16-28-29,公司,0,0
工具有，Listing没有,B0GZP2QRHV,QS-525-B20-28-29,公司,0,0
工具有，Listing没有,B0GZNYLMQJ,QS-100-36/37,公司,0,0
工具有，Listing没有,B0GZP4CRTM,QS-048-36/37,公司,0,0
工具有，Listing没有,B0GZP36XSB,QS-523-B44-28-29,公司,0,0
工具有，Listing没有,B0GZNZMB8B,QS-051-36/37,公司,0,0
工具有，Listing没有,B0GZNXC1FB,QS-078-36/37,公司,0,0
工具有，Listing没有,B0GZNZVVZB,QS-011-36/37,公司,0,0
工具有，Listing没有,B0GZP8HRWT,QS-515-D2-26-27,公司,0,0
工具有，Listing没有,B0GZNYK8YY,QS-518-D7-26-27,公司,0,0
工具有，Listing没有,B0GZP5ZM6V,QS-518-D7-28-29,公司,0,0
工具有，Listing没有,B0GZP7BMBN,QS-063-36/37,公司,0,0
工具有，Listing没有,B0GZNTB7ZD,QS-059-36/37,公司,0,0
工具有，Listing没有,B0GZNZDZ2N,QS-522-B43-26-27,公司,0,0
工具有，Listing没有,B0GZP2HNM6,QS-523-B44-26-27,公司,0,0
工具有，Listing没有,B0GZP5YJ5V,QS-046-36/37,公司,0,0
工具有，Listing没有,B0GZP1YT17,QS-522-B43-28-29,公司,0,0
工具有，Listing没有,B0GZNYY5TV,QS-006-37/38,公司,0,0
工具有，Listing没有,B0GZNT8DPK,QS-504-D13-28/29,公司,0,0
工具有，Listing没有,B0GZNW75GK,QS-504-D13-26/27,公司,0,0
工具有，Listing没有,B0GZNSTDMX,QS-505-D18-26/27,公司,0,0
工具有，Listing没有,B0GZNL5SR3,QS-502-D11-26/27,公司,0,0
工具有，Listing没有,B0GZNTQ6B9,QS-512-A71-26/27,公司,0,0
工具有，Listing没有,B0GZNL3X4R,QS-509-A51-28/29,公司,0,0
工具有，Listing没有,B0GZNX36VP,QS-514-A73-2-26/27,公司,0,0
工具有，Listing没有,B0GZNSTT7X,QS-501-D10-26/27,公司,0,0
工具有，Listing没有,B0GZNZ73XH,QS-502-D11-28/29,公司,0,0
工具有，Listing没有,B0GZNPBNPY,QS-500-D8-26/27,公司,0,0
工具有，Listing没有,B0GZNYZXNR,QS-500-D8-28/29,公司,0,0
工具有，Listing没有,B0GZNQH8LW,QS-510-A52-28/29,公司,0,0
工具有，Listing没有,B0GZNWLQQY,QS-508-D23-28/29,公司,0,0
工具有，Listing没有,B0GZNW49WB,QS-501-D10-28/29,公司,0,0
工具有，Listing没有,B0GZNW64CC,QS-503-D12-28/29,公司,0,0
工具有，Listing没有,B0GZNX83TN,QS-507-D20-28/29,公司,0,0
工具有，Listing没有,B0GZNWCC1L,QS-503-D12-26/27,公司,0,0
工具有，Listing没有,B0GZNQYNXZ,QS-511-A70-26/27,公司,0,0
工具有，Listing没有,B0GZNQ8DM4,QS-510-A52-26/27,公司,0,0
工具有，Listing没有,B0GZP26WP8,QS-514-A73-2-28/29,公司,0,0
工具有，Listing没有,B0GZNZ64DR,QS-508-D23-26/27,公司,0,0
工具有，Listing没有,B0GZNV2YV9,QS-509-A51-26/27,公司,0,0
工具有，Listing没有,B0GZNWBHP5,QS-511-A70-28/29,公司,0,0
工具有，Listing没有,B0GZNXQ241,QS-512-A71-28/29,公司,0,0
工具有，Listing没有,B0GZNVSY3M,QS-505-D18-28/29,公司,0,0
工具有，Listing没有,B0GZNX763Q,QS-507-D20-26/27,公司,0,0
工具有，Listing没有,B0GZN2N35K,QS-509-A51-34/35,公司,0,0
工具有，Listing没有,B0GZMSHNGC,QS-512-A71-34/35,公司,0,0
工具有，Listing没有,B0GZN3CM1X,QS-503-D12-34/35,公司,0,0
工具有，Listing没有,B0GZMWG21D,QS-513-A73-1-34/35,公司,0,0
工具有，Listing没有,B0GZMK7NRR,QS-511-A70-34/35,公司,0,0
工具有，Listing没有,B0GZN2N35V,QS-514-A73-2-34/35,公司,0,0
工具有，Listing没有,B0GZMVWW4Q,QS-508-D23-34/35,公司,0,0
工具有，Listing没有,B0GZMXBQF7,QS-500-D8-34/35,公司,0,0
工具有，Listing没有,B0GZMWN9SP,QS-501-D10-34/35,公司,0,0
工具有，Listing没有,B0GZMZXX3X,QS-510-A52-34/35,公司,0,0
工具有，Listing没有,B0GZN2LF6N,QS-502-D11-34/35,公司,0,0
工具有，Listing没有,B0GZMQLKV5,QS-505-D18-34/35,公司,0,0
工具有，Listing没有,B0GZN5457J,QS-504-D13-34/35,公司,0,0
工具有，Listing没有,B0GZMZS24N,QS-507-D20-34/35,公司,0,0
工具有，Listing没有,B0H1RQYJ6K,QS-115,公司,0,0
工具有，Listing没有,B0GZ274TX7,ZD003-Red-10/11,公司,0,0
工具有，Listing没有,B0GZ1GGMMH,ZD003-Red-9/10,公司,0,0
工具有，Listing没有,B0GYXX4VHT,SP-TU-BLTY-01,图图,4,0
工具有，Listing没有,B0GYY98FT5,QS-525-B20-34-35,公司,0,0
工具有，Listing没有,B0GYXY1GG1,KCC-xiangbi-h,凯旋,3,1
工具有，Listing没有,B0GYYM92M5,KCC-qianyinsheng-ql,凯旋,0,0
工具有，Listing没有,B0GYXXL33F,QS-520-D16-34-35,公司,0,0
工具有，Listing没有,B0GYZ2DDM9,QS-522-B43-34-35,公司,0,0
工具有，Listing没有,B0GYZC6BBG,QS-517-D4-34-35,公司,0,0
工具有，Listing没有,B0GYZ1SQGM,QS-519-D15-34-35,公司,0,0
工具有，Listing没有,B0GYYLYK1D,QS-515-D2-34-35,公司,0,0
工具有，Listing没有,B0GYZHHWW4,QS-518-D7-34-35,公司,0,0
工具有，Listing没有,B0GYXXH7BG,SP-TU-LXXDQ-01,图图,4,0
工具有，Listing没有,B0GYXQ8J5C,SP-TU-TYQ-01,图图,4,0
工具有，Listing没有,B0GYXQN3J3,QS-523-B44-34-35,公司,0,0
工具有，Listing没有,B0GYYRM4R1,QS-521-D18-34-35,公司,0,0
工具有，Listing没有,B0GYX331MV,QS-525-B20-32-33,公司,0,0
工具有，Listing没有,B0GYY8FW8Y,QS-523-B44-30-31,公司,0,0
工具有，Listing没有,B0GYY8ZJ95,QS-525-B20-30-31,公司,0,0
工具有，Listing没有,B0GYX67LCZ,QS-521-D18-30-31,公司,0,0
工具有，Listing没有,B0GYY8ZJ9D,QS-522-B43-30-31,公司,0,0
工具有，Listing没有,B0GYWXVQQK,QS-529-A96-32-33,公司,1,1
工具有，Listing没有,B0GYX59QHZ,QS-520-D16-32-33,公司,0,0
工具有，Listing没有,B0GYX18LNS,QS-515-D2-32-33,公司,0,0
工具有，Listing没有,B0GYX7W3ZC,QS-519-D15-30-31,公司,0,0
工具有，Listing没有,B0GYYRQDGH,QS-520-D16-30-31,公司,0,0
工具有，Listing没有,B0GYWZPWS3,QS-518-D7-30-31,公司,0,0
工具有，Listing没有,B0GYX7SGMC,QS-517-D4-30-31,公司,0,0
工具有，Listing没有,B0GYWSBKT1,QS-518-D7-32-33,公司,0,0
工具有，Listing没有,B0GYWZVZM7,QS-507-D20-30/31,公司,0,0
工具有，Listing没有,B0GYX37L5M,QS-521-D18-32-33,公司,0,0
工具有，Listing没有,B0GYXC45TY,QS-517-D4-32-33,公司,0,0
工具有，Listing没有,B0GYX82K1W,QS-519-D15-32-33,公司,0,0
工具有，Listing没有,B0GYX89MPB,QS-515-D2-30-31,公司,0,0
工具有，Listing没有,B0GYY8CG3N,QS-522-B43-32-33,公司,0,0
工具有，Listing没有,B0GYX2PWVD,QS-523-B44-32-33,公司,0,0
工具有，Listing没有,B0GYYJZWGT,QS-504-D13-30/31,公司,0,0
工具有，Listing没有,B0GYX15KGF,QS-504-D13-32/33,公司,0,0
工具有，Listing没有,B0GYX3PLX7,QS-510-A52-32/33,公司,0,0
工具有，Listing没有,B0GYWXYK4D,QS-502-D11-30/31,公司,0,0
工具有，Listing没有,B0GYWL4S4D,QS-513-A73-1-30/31,公司,0,0
工具有，Listing没有,B0GYX5NN9Z,QS-508-D23-32/33,公司,0,0
工具有，Listing没有,B0GYWMV4KK,QS-508-D23-30/31,公司,0,0
工具有，Listing没有,B0GYWWF2XG,QS-512-A71-32/33,公司,0,0
工具有，Listing没有,B0GYWP4XPL,QS-513-A73-1-32/33,公司,0,0
工具有，Listing没有,B0GYX119M5,QS-509-A51-30/31,公司,0,0
工具有，Listing没有,B0GYWTX8P4,QS-509-A51-32/33,公司,0,0
工具有，Listing没有,B0GYWZXN4S,QS-512-A71-30/31,公司,0,0
工具有，Listing没有,B0GYX1P7VW,QS-505-D18-30/31,公司,0,0
工具有，Listing没有,B0GYWRT7PS,QS-503-D12-32/33,公司,0,0
工具有，Listing没有,B0GYX33BY6,QS-505-D18-32/33,公司,0,0
工具有，Listing没有,B0GYX1LV4M,QS-511-A70-32/33,公司,0,0
工具有，Listing没有,B0GYX34RVF,QS-514-A73-2-30/31,公司,0,0
工具有，Listing没有,B0GYWMZXLQ,QS-511-A70-30/31,公司,0,0
工具有，Listing没有,B0GYX38P16,QS-514-A73-2-32/33,公司,0,0
工具有，Listing没有,B0GYWZSMLF,QS-507-D20-32/33,公司,0,0
工具有，Listing没有,B0GYX116H8,QS-500-D8-32/33,公司,0,0
工具有，Listing没有,B0GYWX7FPT,QS-502-D11-32/33,公司,0,0
工具有，Listing没有,B0GYWTCBF9,QS-501-D10-32/33,公司,0,0
工具有，Listing没有,B0GYWQ9XQM,QS-500-D8-30/31,公司,0,0
工具有，Listing没有,B0GYX11Q5H,QS-510-A52-30/31,公司,0,0
工具有，Listing没有,B0GYX5K1XG,QS-503-D12-30/31,公司,0,0
工具有，Listing没有,B0GYRN4C3K,QS-019-38/39,公司,0,0
工具有，Listing没有,B0GYRXFNDC,QS-078-38/39,公司,0,0
工具有，Listing没有,B0GYRNDNXG,QS-100-44/45,公司,0,0
工具有，Listing没有,B0GYQKLH3V,KCC-fangqiegeshoutao-S,凯旋,5,0
工具有，Listing没有,B0GY92J1JD,KCC-GGYF-HXL,凯旋,3,0
工具有，Listing没有,B0GY8TJKWP,KCC-XGYF-XXL,凯旋,4,1
工具有，Listing没有,B0GY2K26R1,SP-XIE1-F44/45,公司,0,0
工具有，Listing没有,B0GXYT47SB,KCC-FHT-16,凯旋,3,0
工具有，Listing没有,B0GXYPMH36,KCC-TS-BAI,凯旋,1,5
工具有，Listing没有,B0GXYFH5KP,KCC-ED-43,凯旋,0,0
工具有，Listing没有,B0GXXRP1DF,SP-fengpu02-01,图图,1,0
工具有，Listing没有,B0GXXMTTMZ,KCC-HDJ-0608J,凯旋,4,1
工具有，Listing没有,B0GXXT7DBZ,KCC-HDJ-0608Y,凯旋,5,0
工具有，Listing没有,B0GXXRB9PT,KCC-HDJ-0619Y,凯旋,3,1
工具有，Listing没有,B0GXXGTKQD,KCC-HDJ-0619J,凯旋,4,1
工具有，Listing没有,B0GXVL887H,KCC-YZQXNLJ-1,凯旋,10,0
工具有，Listing没有,B0GXTXWG61,QS-088-44/45,公司,0,0
工具有，Listing没有,B0GXV7R7WK,QS-058-38/39,公司,0,1
工具有，Listing没有,B0GXTZDWC7,QS-014-38/39,公司,0,0
工具有，Listing没有,B0GXV525NQ,QS-043-44/45,公司,0,0
工具有，Listing没有,B0GXV1J54S,QS-044-38/39,公司,0,0
工具有，Listing没有,B0GXTVPM1W,QS-024-38/39,公司,0,0
工具有，Listing没有,B0GXHLNPWW,QS-025-36/37,公司,0,0
工具有，Listing没有,B0GXHG2DDV,QS-095-44/45,公司,0,0
工具有，Listing没有,B0GXHNK6WF,QS-055-44/45,公司,3,1
工具有，Listing没有,B0GXHGTR9W,QS-064-38/39,公司,0,0
工具有，Listing没有,B0GXHSKSMH,QS-071-44/45,公司,0,0
工具有，Listing没有,B0GXHMSZ4N,QS-045-38/39,公司,0,0
工具有，Listing没有,B0GXHSLKVF,QS-062-44/45,公司,0,0
工具有，Listing没有,B0GXHL55YY,QS-064-44/45,公司,0,0
工具有，Listing没有,B0GXHRV1YY,QS-025/44/45,公司,1,0
工具有，Listing没有,B0GXHQYCND,QS-055-38/39,公司,0,1
工具有，Listing没有,B0GXHMDPRK,QS-064-36/37,公司,0,0
工具有，Listing没有,B0GXHK2ZNS,QS-055-36/37,公司,0,0
工具有，Listing没有,B0GXHQTVYF,QS-025-38/39,公司,0,0
工具有，Listing没有,B0GXHMG159,QS-093-38/39,公司,0,0
工具有，Listing没有,B0GXHCNGL4,QS-085-44/45,公司,0,0
工具有，Listing没有,B0GXHLNTMJ,QS-076-36/37,公司,0,0
工具有，Listing没有,B0GXHT74M5,QS-083-36/37,公司,3,0
工具有，Listing没有,B0GXHJF29T,QS-009-44/45,公司,0,0
工具有，Listing没有,B0GXHWWX4H,QS-095-38/39,公司,0,0
工具有，Listing没有,B0GXHSDVM3,QS-076-38/39,公司,0,0
工具有，Listing没有,B0GXHH1ZH7,QS-076-44/45,公司,0,0
工具有，Listing没有,B0GXD91MXN,SP-NZ-W01,图图,9,0
工具有，Listing没有,B0GXD8ZXJQ,SP-NZ-J01,图图,10,0
工具有，Listing没有,B0GXB3K6XF,KCC-LSP-23PCS,图图,10,0
工具有，Listing没有,B0GX9WTV39,SP-GWD-01,图图,11,0
工具有，Listing没有,B0GX9ZBHLW,SP-LSD-22,图图,12,0
工具有，Listing没有,B0GXB8V5BG,KCC-CCXCQ-LV,凯旋,10,0
工具有，Listing没有,B0GX9VS5ZB,KCC-CDB-LED,凯旋,1,2
工具有，Listing没有,B0GX6727PY,KCC-NK1-L,凯旋,1,0
工具有，Listing没有,B0GX6FGCG5,KCC-NK1-S,凯旋,1,0
工具有，Listing没有,B0GX6CBR5C,KCC-NK1-XL,凯旋,0,0
工具有，Listing没有,B0GX4W15V8,KCC-YSL-HEI,凯旋,1,0
工具有，Listing没有,B0GX5CR5YY,KCC-YSL-FEN,凯旋,1,0
工具有，Listing没有,B0GX4M9P38,KCC-YSL-LAN,凯旋,1,0
工具有，Listing没有,B0GX3VSHC1,KCC-YSL-HONG,凯旋,1,0
工具有，Listing没有,B0GX4QQV9P,KCC-YSL-CHENG,凯旋,1,0
工具有，Listing没有,B0GX51YZH8,KCC-YSL-BAI,凯旋,1,0
工具有，Listing没有,B0GX4M6S5V,KCC-YSL-LV,凯旋,1,0
工具有，Listing没有,B0GX1GL76Y,QS-0871-40/41,公司,0,0
工具有，Listing没有,B0GX1GD7ZV,QS-0661-36/37,公司,0,0
工具有，Listing没有,B0GX1DKKSM,QS-0871-42/43,公司,0,0
工具有，Listing没有,B0GX19ZKLR,QS-0221-40/41,公司,0,0
工具有，Listing没有,B0GX1G5PLY,QS-0531-38/39,公司,0,0
工具有，Listing没有,B0GX1CN4WB,QS-0871-44/45,公司,0,0
工具有，Listing没有,B0GX19PYDP,QS-0661-38/39,公司,0,0
工具有，Listing没有,B0GX14BVM6,QS-0661-42/43,公司,0,0
工具有，Listing没有,B0GX1BK685,QS-0221-36/37,公司,0,0
工具有，Listing没有,B0GX196GDM,QS-0221-44/45,公司,0,0
工具有，Listing没有,B0GX1796GX,QS-0871-38/39,公司,0,0
工具有，Listing没有,B0GX16WPYH,QS-0871-36/37,公司,0,0
工具有，Listing没有,B0GX15DCHB,QS-0531-44/45,公司,0,0
工具有，Listing没有,B0GX1DJJ7S,QS-0661-44/45,公司,0,0
工具有，Listing没有,B0GX18X1JZ,QS-0661-40/41,公司,0,0
工具有，Listing没有,B0GX1G9T56,QS-0531-36/37,公司,0,0
工具有，Listing没有,B0GX1DWSJL,QS-0531-40/41,公司,0,0
工具有，Listing没有,B0GX1JCJJK,QS-0221-42/43,公司,0,0
工具有，Listing没有,B0GWMCQ5RD,SP-MT02-huang,图图,0,0
工具有，Listing没有,B0GWPGSBY7,SP-SJ77,图图,1,0
工具有，Listing没有,B0GWQWHZ21,KCC-SJFSD-B,凯旋,2,0
工具有，Listing没有,B0GWQN7PV7,KCC-SJFSD-W,凯旋,2,0
工具有，Listing没有,B0GWPWFQJ1,KCC-SJJ-BW,凯旋,0,0
工具有，Listing没有,B0GWPSJ362,KCC-ZJ-B,凯旋,0,0
工具有，Listing没有,B0GWP6YKNN,SP-WZ-duan01,图图,2,0
工具有，Listing没有,B0GWP77J6Z,KCC-XH-W,凯旋,1,0
工具有，Listing没有,B0GWP9GDTB,KCC-XH-B,凯旋,2,0
工具有，Listing没有,B0GWLP2L5H,SP-SJ-L47,图图,0,0
工具有，Listing没有,B0GWLZV2D9,SP-SJ45,图图,0,0
工具有，Listing没有,B0GWLYRH4D,SP-SJ-L59,图图,0,0
工具有，Listing没有,B0GWLSZL92,SP-SJ-L46,图图,0,0
工具有，Listing没有,B0GWLX9TRD,SP-SJ-L52,图图,0,0
工具有，Listing没有,B0GWMP43CW,SP-MZ-quan01lan,图图,0,0
工具有，Listing没有,B0GWMRF1L7,SP-MZ-quan01lu,图图,0,0
工具有，Listing没有,B0GWM785D2,SP-MZ-quan02liang,图图,0,0
工具有，Listing没有,B0GWMDRP71,SP-MZ-quan02hei,图图,1,0
工具有，Listing没有,B0GWMN7K3V,KCC-XGBH-B,凯旋,1,0
工具有，Listing没有,B0GWM7VH5T,KCC-FSB-W,凯旋,1,0
工具有，Listing没有,B0GWM8M7KM,KCC-FSB-B,凯旋,0,0
工具有，Listing没有,B0GWM697J9,KCC-CZMJJ-O,凯旋,1,0
工具有，Listing没有,B0GWM1LMZN,KCC-NZWQ-B,凯旋,0,0
工具有，Listing没有,B0GWM28RF7,SP-CD03-HUI,图图,2,0
工具有，Listing没有,B0GWLTKBX3,SP-CD02-PINK11,图图,2,0
工具有，Listing没有,B0GWLZ6PL4,SP-CD03-JING,图图,2,0
工具有，Listing没有,B0GWM3D9M3,SP-CD02-WHITE11,图图,2,0
工具有，Listing没有,B0GWM4HLLN,SP-CD03-ZONG,图图,2,0
工具有，Listing没有,B0GWLY3851,SP-CD03-KA,图图,2,0
工具有，Listing没有,B0GWLY7VQ5,SP-CD01-pink18,图图,2,0
工具有，Listing没有,B0GWLTPGZW,SP-CD01-white18,图图,2,0
工具有，Listing没有,B0GWLX3CGQ,SP-FSD-shenfeng,图图,0,0
工具有，Listing没有,B0GWHZBCSR,QS-0671-36/37,公司,0,0
工具有，Listing没有,B0GWHWCD4H,QS-0671-44/45,公司,0,0
工具有，Listing没有,B0GWJ132JD,QS-0041-42/43,公司,0,0
工具有，Listing没有,B0GWHX8BVZ,QS-0041-44/45,公司,0,0
工具有，Listing没有,B0GWHPB99L,QS-0041-40/41,公司,0,0
工具有，Listing没有,B0GWHRXCPW,QS-0351-36/37,公司,0,0
工具有，Listing没有,B0GWHRNF4T,QS-0031-44/45,公司,0,0
工具有，Listing没有,B0GWHZZTNB,QS-0031-36/37,公司,0,0
工具有，Listing没有,B0GWHXBXZZ,QS-0351-44/45,公司,0,0
工具有，Listing没有,B0GWHLZGWH,QS-0601-36/37,公司,0,0
工具有，Listing没有,B0GWHW3CW2,QS-0991-36/37,公司,0,0
工具有，Listing没有,B0GWJ15XLP,QS-0911-36/37,公司,0,0
工具有，Listing没有,B0GWHW99FZ,QS-0161-36/37,公司,0,0
工具有，Listing没有,B0GWJ3XTHY,QS-0351-42/43,公司,0,0
工具有，Listing没有,B0GWHLD4RL,QS-0841-36/37,公司,0,0
工具有，Listing没有,B0GWJ28WJL,QS-0351-40/41,公司,0,0
工具有，Listing没有,B0GWJ19DJN,QS-0161-44/45,公司,0,0
工具有，Listing没有,B0GWHSVGLH,QS-0351-38/39,公司,0,0
工具有，Listing没有,B0GWJ1GR51,QS-0041-36/37,公司,0,0
工具有，Listing没有,B0GWHMW4JQ,QS-0041-38/39,公司,0,0
工具有，Listing没有,B0GWHLLNW3,QS-0841-44/45,公司,0,0
工具有，Listing没有,B0GWHM2CXZ,QS-0341-36/37,公司,0,0
工具有，Listing没有,B0GWHR3KQR,QS-0911-44/45,公司,0,0
工具有，Listing没有,B0GWHLD1S4,QS-0381-44/45,公司,0,0
工具有，Listing没有,B0GWHR2T4L,QS-0341-44/45,公司,0,0
工具有，Listing没有,B0GWHVSKNH,QS-094-44/45,公司,0,0
工具有，Listing没有,B0GWHJH9NB,QS-034-44/45,公司,0,0
工具有，Listing没有,B0GWJ29HLT,QS-0291-36/37,公司,0,0
工具有，Listing没有,B0GWHYN2SD,QS-0601-44/45,公司,0,0
工具有，Listing没有,B0GWHVND1Y,QS-0291-44/45,公司,0,0
工具有，Listing没有,B0GWHF1NX2,KCC-LYB-P,凯旋,0,0
工具有，Listing没有,B0GWGS5N75,SP-MZ-hei,图图,1,0
工具有，Listing没有,B0GWH7W4NJ,SP-MZ-liang,图图,2,0
工具有，Listing没有,B0GWGVQ9G5,SP-MZ-qian,图图,2,0
工具有，Listing没有,B0GWH7HXN3,SP-MZmi-lu,图图,2,0
工具有，Listing没有,B0GWGYCMQQ,SP-MZ-an,图图,2,0
工具有，Listing没有,B0GVYXVF6Q,QS-0291-42/43,公司,0,0
工具有，Listing没有,B0GVZ3RJFZ,QS-0671-38/39,公司,0,0
工具有，Listing没有,B0GVYYZ582,QS-0291-40/41,公司,0,0
工具有，Listing没有,B0GVZ5W3RR,QS-0671-42/43,公司,0,0
工具有，Listing没有,B0GVYVLF6S,QS-0941-38/39,公司,0,0
工具有，Listing没有,B0GVZ3NPYC,QS-0291-38/39,公司,0,0
工具有，Listing没有,B0GVYYRFVF,QS-0671-40/41,公司,0,0
工具有，Listing没有,B0GVZ5VJDK,QS-0911-40/41,公司,0,0
工具有，Listing没有,B0GVYXDF6L,QS-0161-42/43,公司,0,0
工具有，Listing没有,B0GVZ15F1J,QS-0381-38/39,公司,0,0
工具有，Listing没有,B0GVZ1LVM7,QS-0341-40/41,公司,0,0
工具有，Listing没有,B0GVZ4T6TN,QS-0841-38/39,公司,0,0
工具有，Listing没有,B0GVZ3Z4WT,QS-0031-42/43,公司,0,0
工具有，Listing没有,B0GVYNHYBM,QS-0911-42/43,公司,0,0
工具有，Listing没有,B0GVYRB6Q8,QS-0161-40/41,公司,0,0
工具有，Listing没有,B0GVZ3LHRM,QS-0841-40/41,公司,0,0
工具有，Listing没有,B0GVYSMPKK,QS-0601-40/41,公司,0,0
工具有，Listing没有,B0GVYX84FW,QS-0381-40/41,公司,0,0
工具有，Listing没有,B0GVYTHTKR,QS-0341-42/43,公司,0,0
工具有，Listing没有,B0GVYXN2BN,QS-0841-42/43,公司,0,0
工具有，Listing没有,B0GVZ5Q959,QS-0601-42/43,公司,0,0
工具有，Listing没有,B0GVZ3LHRW,QS-0031-38/39,公司,0,0
工具有，Listing没有,B0GVZ5Q95T,QS-0381-42/43,公司,0,0
工具有，Listing没有,B0GVYVSG8V,QS-0911-38/39,公司,0,0
工具有，Listing没有,B0GVYZ1M5M,QS-0601-38/39,公司,0,0
工具有，Listing没有,B0GVZ27FGX,QS-0031-40/41,公司,0,0
工具有，Listing没有,B0GVYMFHZW,QS-0341-38/39,公司,0,0
工具有，Listing没有,B0GVXGPXJR,ZD002-Blue-6/7,公司,0,0
工具有，Listing没有,B0GVXM4185,ZD002-Grey-6/7,公司,0,1
工具有，Listing没有,B0GVS1H1F2,SP-huwan-xihan01,图图,1,0
工具有，Listing没有,B0GVS8ZGPJ,KCC-LYB-C,凯旋,1,0
工具有，Listing没有,B0GVS4YGHX,KCC-LYB-G,凯旋,0,0
工具有，Listing没有,B0GVS8JT3L,KCC-LL-20,凯旋,8,1
工具有，Listing没有,B0GVRBM2XF,KCC-SGBX-M,凯旋,1,0
工具有，Listing没有,B0GVRNGGGJ,KCC-SGBX-2XL,凯旋,1,0
工具有，Listing没有,B0GVRPF1BL,KCC-SGBX-S,凯旋,1,0
工具有，Listing没有,B0GVRQ6RNB,KCC-SGBX-XL,凯旋,0,0
工具有，Listing没有,B0GVRFQ3Y2,KCC-SGBX-L,凯旋,0,0
工具有，Listing没有,B0GVQTJ64K,KCC-QXST-XL,凯旋,0,0
工具有，Listing没有,B0GVQWFBQ3,KCC-QXDK-L,凯旋,4,0
工具有，Listing没有,B0GVQHT8WS,KCC-QXDK-M,凯旋,4,0
工具有，Listing没有,B0GVQQGM3X,KCC-QXDK-2XL,凯旋,3,0
工具有，Listing没有,B0GVQJ4QQQ,SP-yaodai-zhenkou-tuo,图图,0,2
工具有，Listing没有,B0GVQJ28C9,SP-yaodai-zhenkou-bai,图图,2,0
工具有，Listing没有,B0GVQLDCJK,SP-yaodai-jiao,图图,2,0
工具有，Listing没有,B0GVQCXT83,SP-yaodai-zhenkou-hei,图图,0,2
工具有，Listing没有,B0GVNNLZKB,SP-yaodai-hei,图图,2,0
工具有，Listing没有,B0GVNMFKYK,SP-yaodai-tou,图图,2,0
工具有，Listing没有,B0GVN9F8JJ,SP-shouyao02-duokuan,图图,0,0
工具有，Listing没有,B0GVJPSDPN,SP-BINGXIU-feng01,图图,2,0
工具有，Listing没有,B0GVJMW61F,SP-BINGXIU-lan01,图图,2,0
工具有，Listing没有,B0GVK28TBN,SP-mianjiao-zhao,图图,3,1
工具有，Listing没有,B0GVJZXKQH,SP-jiaoshui-xiao,图图,0,0
工具有，Listing没有,B0GVJR87CR,SP-jiaoshui-zhoa,图图,2,0
工具有，Listing没有,B0GVK48L58,SP-jiaoshui-tai,图图,2,0
工具有，Listing没有,B0GVJSR613,SP-jiaoshui-zhong,图图,2,0
工具有，Listing没有,B0GVJPZTQH,SP-mianjiao-xiao,图图,1,1
工具有，Listing没有,B0GVJSQSMQ,SP-jiaoshui-bei,图图,2,0
工具有，Listing没有,B0GVJVCZV7,SP-mianjiao-you,图图,2,0
工具有，Listing没有,B0GVJW8PZ2,SP-jiaoshui-mao,图图,2,0
工具有，Listing没有,B0GQC21D3X,QS-050,公司,0,0
工具有，Listing没有,B0GV2BWRSV,SP-underwear-dingzi-M,图图,2,0
工具有，Listing没有,B0GV2MGVNH,SP-underwear-hudie-M,图图,2,0
工具有，Listing没有,B0GV262S7G,SP-underwear-mian-M,图图,2,0
工具有，Listing没有,B0GV2PSZQQ,SP-underwear-dingzi-S,图图,2,0
工具有，Listing没有,B0GV3H7V3F,KCC-dingqingshoutao-L-baihui,凯旋,9,2
工具有，Listing没有,B0GV3173L5,KCC-dingqingshoutao-L-baiju,凯旋,8,0
工具有，Listing没有,B0GV337TG4,KCC-dingqingshoutao-L-huihei,凯旋,5,1
工具有，Listing没有,B0GV2QDYDR,SP-fadai-yujia-01,图图,0,0
工具有，Listing没有,B0GV2J1N9T,SP-zhihan-duose,图图,0,1
工具有，Listing没有,B0GV2MRKXY,SP-underwear-hudie-S,图图,2,0
工具有，Listing没有,B0GV28GL4D,SP-underwear-sancan-L,图图,2,0
工具有，Listing没有,B0GV2SGQ7C,SP-underwear-mian-L,图图,1,0
工具有，Listing没有,B0GV281YBX,SP-underwear-yujia-XL,图图,2,0
工具有，Listing没有,B0GTZ8SXFZ,KCC-chuanwa-7se,凯旋,3,1
工具有，Listing没有,B0GTZCB863,KCC-duanwa-5se,凯旋,5,0
工具有，Listing没有,B0GTV4RLX4,KCC-yaowanfenzhuanghe-ka28,凯旋,0,0
工具有，Listing没有,B0GTLVB2N8,SP-06-01,图图,0,0
工具有，Listing没有,B0GTLPT7GP,SP-TUTU-HLB-01,图图,0,0
工具有，Listing没有,B0GTK3G7N3,KCC-zhijiadao-lv,凯旋,1,0
工具有，Listing没有,B0GTK6XGD7,KCC-zangyitong-hei82L,凯旋,0,0
工具有，Listing没有,B0GTKN6LGZ,KCC-zhijiaqian-1,凯旋,5,4
工具有，Listing没有,B0GTBPWFZR,YQ-YUNYU-2026317-GUOLVQI-6,公司,15,0
工具有，Listing没有,B0GSZHTZKJ,KC-S1-01,图图,1,0
工具有，Listing没有,B0GSZGMVX9,KC-S7-01,图图,0,0
工具有，Listing没有,B0GSZ8HWV1,KC-S9-01,图图,0,0
工具有，Listing没有,B0GSZB2WH4,KC-S4-01,图图,0,0
工具有，Listing没有,B0GSZ35W7N,KC-S10-01,图图,0,0
工具有，Listing没有,B0GSZ5GS3T,KC-S8-01,图图,0,0
工具有，Listing没有,B0GSZBPCSV,KC-S2-01,图图,0,0
工具有，Listing没有,B0GSZ8NLGJ,KC-S11-01,图图,0,0
工具有，Listing没有,B0GSZCYFZR,KC-S3-01,凯旋,0,0
工具有，Listing没有,B0GSZBNW4X,KC-S5-01,图图,0,0
工具有，Listing没有,B0GSZ4P6CZ,KC-S6-01,图图,0,0
工具有，Listing没有,B0GSYNPDHP,KC-C1-02,图图,0,0
工具有，Listing没有,B0GSYC9MG2,KC-C2-02,图图,0,0
工具有，Listing没有,B0GSYQKC48,KC-C3-01,图图,0,0
工具有，Listing没有,B0GSYGK19M,KC-C2-01,图图,0,0
工具有，Listing没有,B0GSVM4XNG,KC-B6-M,图图,0,0
工具有，Listing没有,B0GSVPVM8Q,KC-B7-M,图图,0,1
工具有，Listing没有,B0GSVPS6MB,KC-B12-L,图图,0,0
工具有，Listing没有,B0GS89ZDRB,KC-20,未分配,0,0
工具有，Listing没有,B0GS8H528L,KC-13,未分配,0,0
工具有，Listing没有,B0GS8FNNPV,KC-19,未分配,0,0
工具有，Listing没有,B0GS8BSV8N,KC-09,未分配,0,0
工具有，Listing没有,B0GS8LV62P,KC-04,未分配,0,0
工具有，Listing没有,B0GS977XDT,KC-18,未分配,0,0
工具有，Listing没有,B0GS8H61LY,KC-03,未分配,0,0
工具有，Listing没有,B0GS8R22B2,KC-17,未分配,0,0
工具有，Listing没有,B0GS8V6Q47,KC-23,未分配,0,0
工具有，Listing没有,B0GS8L55J6,KC-08,未分配,0,0
工具有，Listing没有,B0GS8H6C5T,KC-26,未分配,0,0
工具有，Listing没有,B0GS8XLFP4,KC-10,未分配,0,0
工具有，Listing没有,B0GS8GRGDQ,KC-06,未分配,0,0
工具有，Listing没有,B0GS8M2RT3,KC-25,未分配,0,0
工具有，Listing没有,B0GS91FBBX,KC-16,未分配,0,0
工具有，Listing没有,B0GS84GZ91,KC-02,未分配,0,0
工具有，Listing没有,B0GS8XDQG4,KC-24,未分配,0,0
工具有，Listing没有,B0GS8S5Z6Y,KC-27,未分配,0,0
工具有，Listing没有,B0GS8XRC56,KC-07,未分配,0,0
工具有，Listing没有,B0GS8543YS,KC-22,未分配,0,0
工具有，Listing没有,B0GS8V8PLQ,QS-115-40/41,公司,0,0
工具有，Listing没有,B0GS8TQ2SS,QS-117-42/43,公司,0,0
工具有，Listing没有,B0GS8SNYJS,QS-116-40/41,公司,0,0
工具有，Listing没有,B0GS8SMWM7,QS-117-40/41,公司,0,0
工具有，Listing没有,B0GS8G3YPX,KC-06-01,图图,0,0
工具有，Listing没有,B0GS8FSLZ6,KC-17-01,凯旋,0,2
工具有，Listing没有,B0GS8XL36M,KC-03-01,凯旋,3,2
工具有，Listing没有,B0GS8PK3PZ,KC-28-01,图图,0,0
工具有，Listing没有,B0GS8BLWC3,KC-02-01,凯旋,3,1
工具有，Listing没有,B0GS8M33PJ,KC-25-01,图图,4,0
工具有，Listing没有,B0GS8XH3LL,KC-23-01,凯旋,3,2
工具有，Listing没有,B0GS8G3ND6,KC-09-01,图图,0,0
工具有，Listing没有,B0GS8NRCB1,KC-13-01,凯旋,2,0
工具有，Listing没有,B0GS91TZCJ,KC-22-01,图图,2,0
工具有，Listing没有,B0GS879CK3,KC-21-01,图图,0,0
工具有，Listing没有,B0GS8B9K84,KC-08-01,图图,2,0
工具有，Listing没有,B0GS18GLZQ,QS-106-42/43,公司,0,0
工具有，Listing没有,B0GS1FQT44,QS-106-40/41,公司,0,0
工具有，Listing没有,B0H1RVDFR7,QS-102,公司,0,0
工具有，Listing没有,B0GQGMNNQS,QS-064-40/41,公司,0,0
工具有，Listing没有,B0GQBT4JVT,QS-080-42/43,公司,0,0
工具有，Listing没有,B0GQC4D973,QS-054-40/41,公司,0,0
工具有，Listing没有,B0GQBK3LKN,QS-041-42/43,公司,0,0
工具有，Listing没有,B0GQBTJWWY,QS-026-42/43,公司,0,0
工具有，Listing没有,B0GQBWXFT2,QS-080-40/41,公司,0,0
工具有，Listing没有,B0GQBNFNDT,QS-041-40/41,公司,0,0
工具有，Listing没有,B0GQBW1S6N,QS-054-42/43,公司,0,0
工具有，Listing没有,B0GQBJ1DD7,QS-026-40/41,公司,0,0
工具有，Listing没有,B0GQBMQF7C,QS-009-42/43,公司,0,0
工具有，Listing没有,B0GQBPCFYY,QS-092-42/43,公司,0,0
工具有，Listing没有,B0GQBVVDZF,QS-078-40/41,公司,0,0
工具有，Listing没有,B0GQBQ2LLQ,QS-027-40/41,公司,0,0
工具有，Listing没有,B0GQBNHMKV,QS-090-42/43,公司,0,0
工具有，Listing没有,B0GQC3B4SN,QS-023-40/41,公司,0,0
工具有，Listing没有,B0GQC5GMRK,QS-078-42/43,公司,0,0
工具有，Listing没有,B0GQC6B848,QS-039-42/43,公司,0,0
工具有，Listing没有,B0GQC15K84,QS-025-42/43,公司,0,0
工具有，Listing没有,B0GQC56DW3,QS-030-40/41,公司,0,0
工具有，Listing没有,B0GQBT5JCY,QS-025-40/41,公司,0,0
工具有，Listing没有,B0GQBYST5G,QS-030-42/43,公司,0,0
工具有，Listing没有,B0GQC67PC8,QS-086-40/41,公司,0,0
工具有，Listing没有,B0GQBKZW8W,QS-023-42/43,公司,0,0
工具有，Listing没有,B0GQC3LH63,QS-013-40/41,公司,0,0
工具有，Listing没有,B0GQBV3P16,QS-056-42/43,公司,0,0
工具有，Listing没有,B0GQBTM4FM,QS-057-42/43,公司,0,0
工具有，Listing没有,B0GQBN3QY6,QS-058-42/43,公司,0,0
工具有，Listing没有,B0GQBSGKM5,QS-039-40/41,公司,0,0
工具有，Listing没有,B0GQC7FNZC,QS-028-42/43,公司,0,0
工具有，Listing没有,B0GQC56FHC,QS-063-42/43,公司,3,0
工具有，Listing没有,B0GQBKLQFN,QS-018-40/41,公司,0,0
工具有，Listing没有,B0GQBNZFL5,QS-061-40/41,公司,0,0
工具有，Listing没有,B0GQBNQZY6,QS-061-42/43,公司,0,0
工具有，Listing没有,B0GQBW11VF,QS-024-42/43,公司,0,0
工具有，Listing没有,B0GQC6LDLC,QS-092-40/41,公司,0,0
工具有，Listing没有,B0GQBY2SXV,QS-043-40/41,公司,0,0
工具有，Listing没有,B0GQBR7JC4,QS-070-42/43,公司,0,0
工具有，Listing没有,B0GQC8P369,QS-070-40/41,公司,0,0
工具有，Listing没有,B0GQBY2WKX,QS-036-40/41,公司,0,0
工具有，Listing没有,B0GQBKLQH8,QS-017-40/41,公司,0,0
工具有，Listing没有,B0GQBVKQGT,QS-001-42/43,公司,0,0
工具有，Listing没有,B0GQCBNKCQ,QS-081-42/43,公司,0,0
工具有，Listing没有,B0GQC278T9,QS-038-40/41,公司,0,0
工具有，Listing没有,B0GQBTMCW4,QS-011-40/41,公司,0,0
工具有，Listing没有,B0GQBJWLJ9,QS-051-40/41,公司,1,0
工具有，Listing没有,B0GQBK1J9N,QS-069-42/43,公司,1,0
工具有，Listing没有,B0GQBVTJ3Y,QS-099-40/41,公司,0,0
工具有，Listing没有,B0GQBPVXCL,QS-065-40/41,公司,0,0
工具有，Listing没有,B0GQC91BXF,QS-052-42/43,公司,0,0
工具有，Listing没有,B0GQC5YZBV,QS-069-40/41,公司,1,0
工具有，Listing没有,B0GQBWTWT3,QS-065-42/43,公司,0,0
工具有，Listing没有,B0GQBN9FRV,QS-052-40/41,公司,0,0
工具有，Listing没有,B0GQBJWLHW,QS-007-40/41,公司,0,0
工具有，Listing没有,B0GQCBGQQM,QS-046-42/43,公司,0,0
工具有，Listing没有,B0GQC8QZ11,QS-007-42/43,公司,0,0
工具有，Listing没有,B0GQBGP5JL,QS-085-42/43,公司,0,0
工具有，Listing没有,B0GQBYHG4P,QS-027-42/43,公司,0,0
工具有，Listing没有,B0GQC19C18,QS-086-42/43,公司,0,0
工具有，Listing没有,B0GQBLSQJ1,QS-037-40/41,公司,0,0
工具有，Listing没有,B0GQC2ZHDW,QS-094-40/41,公司,1,0
工具有，Listing没有,B0GQC7FNZ8,QS-018-42/43,公司,0,0
工具有，Listing没有,B0GQC52WRV,QS-020-40/41,公司,0,0
工具有，Listing没有,B0GQBKN7V2,QS-017-42/43,公司,0,0
工具有，Listing没有,B0GQBYXH21,QS-019-40/41,公司,0,0
工具有，Listing没有,B0GL9D1VKG,ZD002-Blue-8/9,公司,0,0
工具有，Listing没有,B0GL8WG66H,ZD002-White-7/8,公司,2,0
工具有，Listing没有,B0GL93TCW4,ZD001-Yellow-7/8,公司,0,0
工具有，Listing没有,B0GK9H9CXH,SLP-1-B6,未分配,0,0
工具有，Listing没有,B0GK9NNJG9,SLP-1-B7,未分配,0,0
工具有，Listing没有,B0GK9N7WXT,SLP-1-P7,未分配,0,0
工具有，Listing没有,B0GK9TPYNV,SLP-1-P6,未分配,0,0
工具有，Listing没有,B0GK6LHM5C,YUN-A114-3,未分配,0,0
工具有，Listing没有,B0GK7BGPCB,YUN-A141-2,未分配,0,0
工具有，Listing没有,B0GK69BKBV,YUN-A141-3,未分配,0,0
工具有，Listing没有,B0GJKCJ75N,YU-Y104-2,未分配,0,0
工具有，Listing没有,B0GK6NHPNV,YUN-A120-1,未分配,0,0
工具有，Listing没有,B0GK6M2NPY,YUN-A145-3,未分配,0,0
工具有，Listing没有,B0GK751VHB,YUN-A146-3,未分配,0,0
工具有，Listing没有,B0GK6GRG76,YUN-A150-2,未分配,0,0
工具有，Listing没有,B0GK5X9VTN,YUN-A148-2,未分配,0,0
工具有，Listing没有,B0GK6DV2G2,YUN-A126-1,未分配,0,0
工具有，Listing没有,B0GK648Q1H,YUN-A121-1,未分配,0,0
工具有，Listing没有,B0GK7B4FVN,YUN-A105-3,未分配,0,0
工具有，Listing没有,B0GK74WYZ6,YUN-A112-2,未分配,0,0
工具有，Listing没有,B0GK6KS8ZM,YUN-A123-2,未分配,0,0
工具有，Listing没有,B0GK5VDG9Y,YUN-A137-2,未分配,0,0
工具有，Listing没有,B0GK5VWKJ7,YUN-A112-3,未分配,0,0
工具有，Listing没有,B0GK5VLNJ7,YUN-A110-2,未分配,0,0
工具有，Listing没有,B0GJJQ79WB,YU-Y105-3,未分配,0,0
工具有，Listing没有,B0GK68Y239,YUN-A129-1,未分配,0,0
工具有，Listing没有,B0GK64YB27,YUN-A119-1,未分配,0,0
工具有，Listing没有,B0GK6K6ZG7,YUN-A128-3,未分配,0,0
工具有，Listing没有,B0GK6GHM8W,YUN-A142-1,未分配,0,0
工具有，Listing没有,B0GK5ZKT66,YUN-A146-2,未分配,0,0
工具有，Listing没有,B0GK6SHCCH,YUN-A118-3,未分配,0,0
工具有，Listing没有,B0GK7B5V5N,YUN-A108-3,未分配,0,0
工具有，Listing没有,B0GK6NDLQQ,YUN-A118-1,未分配,0,0
工具有，Listing没有,B0GK7B5V6J,YUN-A128-2,未分配,0,0
工具有，Listing没有,B0GK64KLYB,YUN-A108-1,未分配,0,0
工具有，Listing没有,B0GK6NBKRL,YUN-A126-3,未分配,0,0
工具有，Listing没有,B0GK6KHLP2,YUN-A126-2,未分配,0,0
工具有，Listing没有,B0GK66DHWV,YUN-A134-2,未分配,0,0
工具有，Listing没有,B0GK6KKMNY,YUN-A105-2,未分配,0,0
工具有，Listing没有,B0GJJBWB62,YU-Y104-3,未分配,0,0
工具有，Listing没有,B0GK7127RJ,YUN-A134-1,未分配,0,0
工具有，Listing没有,B0GK66L4TB,YUN-A133-3,未分配,0,0
工具有，Listing没有,B0GK692Q8X,YUN-A134-3,未分配,0,0
工具有，Listing没有,B0GK5DRD2L,YUN-A111-1,未分配,0,0
工具有，Listing没有,B0GK6LNKDG,YUN-A140-2,未分配,0,0
工具有，Listing没有,B0GJK63273,YU-Y103-2,未分配,0,0
工具有，Listing没有,B0GK6RH1MN,YUN-A140-1,未分配,0,0
工具有，Listing没有,B0GK6NFWHM,YUN-A133-1,未分配,0,0
工具有，Listing没有,B0GK6Q2BM3,YUN-A138-2,未分配,0,0
工具有，Listing没有,B0GK719QVT,YUN-A115-2,未分配,0,0
工具有，Listing没有,B0GK6M5S3B,YUN-A110-3,未分配,0,0
工具有，Listing没有,B0GK6DR8XH,YUN-A131-3,未分配,0,0
工具有，Listing没有,B0GJJQ5N39,YU-Y102-2,未分配,0,0
工具有，Listing没有,B0GK654BS8,YUN-A132-1,未分配,0,0
工具有，Listing没有,B0GK66PSGY,YUN-A110-1,未分配,0,0
工具有，Listing没有,B0GJJZH1YF,YU-Y103-1,未分配,0,0
工具有，Listing没有,B0GK6G9SPR,YUN-A137-3,未分配,0,0
工具有，Listing没有,B0GK74R7VZ,YUN-A102-1,未分配,0,0
工具有，Listing没有,B0GK5ZT8ND,YUN-A109-1,未分配,0,0
工具有，Listing没有,B0GK5ZFX2R,YUN-A149-2,未分配,0,0
工具有，Listing没有,B0GK6KHPXR,YUN-A131-2,未分配,0,0
工具有，Listing没有,B0GK6H2871,YUN-A152-1,未分配,0,0
工具有，Listing没有,B0GJK16LDP,YU-Y102-1,未分配,0,0
工具有，Listing没有,B0GK6NMX1C,YUN-A150-1,未分配,0,0
工具有，Listing没有,B0GK6S638Q,YUN-A130-2,未分配,0,0
工具有，Listing没有,B0GK64WW71,YUN-A130-3,未分配,0,0
工具有，Listing没有,B0GK6HJWY9,YUN-A148-3,未分配,0,0
工具有，Listing没有,B0GJK4YG6W,YU-Y102-3,未分配,0,0
工具有，Listing没有,B0GK692SWF,YUN-A147,未分配,0,0
工具有，Listing没有,B0GK6DMZK3,YUN-A144-1,未分配,0,0
工具有，Listing没有,B0GJJTN9DB,YU-Y101-2,未分配,0,0
工具有，Listing没有,B0GK64WRPM,YUN-A146-1,未分配,0,0
工具有，Listing没有,B0GJJ3P5YQ,YU-Y101-1,未分配,0,0
工具有，Listing没有,B0GK5RGBMQ,YUN-A136-3,未分配,0,0
工具有，Listing没有,B0GK6RLHXF,YUN-A145-1,未分配,0,0
工具有，Listing没有,B0GK6Q2MRK,YUN-A138-3,未分配,0,0
工具有，Listing没有,B0GK64T7B8,YUN-A127-3,未分配,0,0
工具有，Listing没有,B0GK696L53,YUN-A125-3,未分配,0,0
工具有，Listing没有,B0GK711WNB,YUN-A151-1,未分配,0,0
工具有，Listing没有,B0GK7B97SM,YUN-A106-1,未分配,0,0
工具有，Listing没有,B0GK5VGQ1H,YUN-A123-1,未分配,0,0
工具有，Listing没有,B0GK6GJW8W,YUN-A102-2,未分配,0,0
工具有，Listing没有,B0GK6B8XYS,YUN-A144-2,未分配,0,0
工具有，Listing没有,B0GK68SWTG,YUN-A103-1,未分配,0,0
工具有，Listing没有,B0GJJMM5HV,YU-Y101-3,未分配,0,0
工具有，Listing没有,B0GK7B6K28,YUN-A145-2,未分配,0,0
工具有，Listing没有,B0GK74JFP4,YUN-A117-1,未分配,0,0
工具有，Listing没有,B0GK68XTJ4,YUN-A153-2,未分配,0,0
工具有，Listing没有,B0GK66NHLN,YUN-A153-1,未分配,0,0
工具有，Listing没有,B0GK658N3V,YUN-A101-1,未分配,0,0
工具有，Listing没有,B0GK5R8KGF,YUN-A143-2,未分配,0,0
工具有，Listing没有,B0GK66L4SN,YUN-A114-2,未分配,0,0
工具有，Listing没有,B0GK5XQQCQ,YUN-A113-2,未分配,0,0
工具有，Listing没有,B0GK6S4QXL,YUN-A113-3,未分配,0,0
工具有，Listing没有,B0GK5ZFP1V,YUN-A136-1,未分配,0,0
工具有，Listing没有,B0GK5ZHRDY,YUN-A142-2,未分配,0,0
工具有，Listing没有,B0GK7BB71Z,YUN-A150-3,未分配,0,0
工具有，Listing没有,B0GK5VYNJX,YUN-A113-1,未分配,0,0
工具有，Listing没有,B0GK5ZYX1B,YUN-A111-2,未分配,0,0
工具有，Listing没有,B0GK6HTQMM,YUN-A106-3,未分配,0,0
工具有，Listing没有,B0GK6DMZJ6,YUN-A106-2,未分配,0,0
工具有，Listing没有,B0GK751VG2,YUN-A104-1,未分配,0,0
工具有，Listing没有,B0GK6WTQB4,YUN-A120-2,未分配,0,0
工具有，Listing没有,B0GK6RPW2Z,YUN-A116-2,未分配,0,0
工具有，Listing没有,B0GK64MM3R,YUN-A132-3,未分配,0,0
工具有，Listing没有,B0GK6M83NP,YUN-A114-1,未分配,0,0
工具有，Listing没有,B0GK6FBNNL,YUN-A103-2,未分配,0,0
工具有，Listing没有,B0GK6KD5QQ,YUN-A109-3,未分配,0,0
工具有，Listing没有,B0GK5ZYFPC,YUN-A109-2,未分配,0,0
工具有，Listing没有,B0GK6GN8PS,YUN-A101-2,未分配,0,0
工具有，Listing没有,B0GJJFCYTF,YU-Y106-1,未分配,0,0
工具有，Listing没有,B0GJJNMSZ8,YU-Y104-1,未分配,0,0
工具有，Listing没有,B0GK71QGW9,YUN-A104-2,未分配,0,0
工具有，Listing没有,B0GK6HHH66,YUN-A103-3,未分配,0,0
工具有，Listing没有,B0GK6M3Z6X,YUN-A122-2,未分配,0,0
工具有，Listing没有,B0GK5YSYPK,YUN-A117-3,未分配,0,0
工具有，Listing没有,B0GK6M1N4V,YUN-A101-3,未分配,0,0
工具有，Listing没有,B0GK6LCR7B,YUN-A102-3,未分配,0,0
工具有，Listing没有,B0GJJTXL9W,YU-Y106-2,未分配,0,0
工具有，Listing没有,B0GK66CNLT,YUN-A116-3,未分配,0,0
工具有，Listing没有,B0GK6PJWDV,YUN-A121-2,未分配,0,0
工具有，Listing没有,B0GK6WCHDQ,YUN-A128-1,未分配,0,0
工具有，Listing没有,B0GK7BFDK9,YUN-A108-2,未分配,0,0
工具有，Listing没有,B0GK6GN8RZ,YUN-A115-1,未分配,0,0
工具有，Listing没有,B0GK64SNBX,YUN-A127-1,未分配,0,0
工具有，Listing没有,B0GK69VGYG,YUN-A124-2,未分配,0,0
工具有，Listing没有,B0GJK7YWBY,YU-Y105-2,未分配,0,0
工具有，Listing没有,B0GK66FKRS,YUN-A124-1,未分配,0,0
工具有，Listing没有,B0GK5VL8B1,YUN-A111-3,未分配,0,0
工具有，Listing没有,B0GK6GN8RJ,YUN-A104-3,未分配,0,0
工具有，Listing没有,B0GJHSGDV7,YU-Y105-1,未分配,0,0
工具有，Listing没有,B0GK5XQQCM,YUN-A118-2,未分配,0,0
工具有，Listing没有,B0GK63RC8W,YUN-A116-1,未分配,0,0
工具有，Listing没有,B0GJJVJX1M,YU-Y103-3,未分配,0,0
工具有，Listing没有,B0GK6FB5PG,YUN-A115-3,未分配,0,0
工具有，Listing没有,B0GK5TWXW3,YUN-A105-1,未分配,0,0
工具有，Listing没有,B0GK5VMK7N,YUN-A143-3,未分配,0,0
工具有，Listing没有,B0GK6H493V,YUN-A143-1,未分配,0,0
工具有，Listing没有,B0GK66GF9W,YUN-A149-1,未分配,0,0
工具有，Listing没有,B0GK7533XJ,YUN-A141-1,未分配,0,0
工具有，Listing没有,B0GK5TWXWG,YUN-A142-3,未分配,0,0
工具有，Listing没有,B0GK5ZTLRR,YUN-A151-3,未分配,0,0
工具有，Listing没有,B0GK6GM8WF,YUN-A137-1,未分配,0,0
工具有，Listing没有,B0GK5RSMRY,YUN-A124-3,未分配,0,0
工具有，Listing没有,B0GK6G752C,YUN-A122-1,未分配,0,0
工具有，Listing没有,B0GK6DT4CM,YUN-A132-2,未分配,0,0
工具有，Listing没有,B0GK751VHT,YUN-A139-3,未分配,0,0
工具有，Listing没有,B0GK6GF4B6,YUN-A138-1,未分配,0,0
工具有，Listing没有,B0GK6M8GSZ,YUN-A135-1,未分配,0,0
工具有，Listing没有,B0GK6DR8X6,YUN-A129-3,未分配,0,0
工具有，Listing没有,B0GK74KMWT,YUN-A119-2,未分配,0,0
工具有，Listing没有,B0GK6ND9Y1,YUN-A112-1,未分配,0,0
工具有，Listing没有,B0GK6M8TS6,YUN-A135-2,未分配,0,0
工具有，Listing没有,B0GK6M9PC7,YUN-A125-1,未分配,0,0
工具有，Listing没有,B0GK7BDZJY,YUN-A133-2,未分配,0,0
工具有，Listing没有,B0GK7B76H8,YUN-A148-1,未分配,0,0
工具有，Listing没有,B0GK6GZ8QD,YUN-A123-3,未分配,0,0
工具有，Listing没有,B0GK6HM828,YUN-A119-3,未分配,0,0
工具有，Listing没有,B0GK5X88NR,YUN-A136-2,未分配,0,0
工具有，Listing没有,B0GK5DYG83,YUN-A131-1,未分配,0,0
工具有，Listing没有,B0GK64YRXK,YUN-A151-2,未分配,0,0
工具有，Listing没有,B0GK6F9JT2,YUN-A125-2,未分配,0,0
工具有，Listing没有,B0GK5RGKVV,YUN-A140-3,未分配,0,0
工具有，Listing没有,B0GK6B1DL3,YUN-A122-3,未分配,0,0
工具有，Listing没有,B0GJK4X6JH,YU-Y106-3,未分配,0,0
工具有，Listing没有,B0GK6WG68M,YUN-A121-3,未分配,0,0
工具有，Listing没有,B0GK6PXD94,YUN-A120-3,未分配,0,0
工具有，Listing没有,B0GK5VMRJC,YUN-A117-2,未分配,0,0
工具有，Listing没有,B0GK6SF1G2,YUN-A135-3,未分配,0,0
工具有，Listing没有,B0GK6RJMPJ,YUN-A139-2,未分配,0,0
工具有，Listing没有,B0GK5ZBDNC,YUN-A152-2,未分配,0,0
工具有，Listing没有,B0GK6WZCCP,YUN-A129-2,未分配,0,0
工具有，Listing没有,B0GK5R9Z4P,YUN-A152-3,未分配,0,0
工具有，Listing没有,B0GK6H493G,YUN-A139-1,未分配,0,0
工具有，Listing没有,B0GK6F8G3D,YUN-A149-3,未分配,0,0
工具有，Listing没有,B0GK66M41Q,YUN-A144-3,未分配,0,0
工具有，Listing没有,B0GK5ZRRBW,YUN-A127-2,未分配,0,0
工具有，Listing没有,B0GK6F9JTL,YUN-A130-1,未分配,0,0
工具有，Listing没有,B0GK6FDDWJ,YUN-A153-3,未分配,0,0
工具有，Listing没有,B0H9B72CJ2,WESDW-EJSNH-GREEN-1,未分配,0,0
工具有，Listing没有,B0H99WLQDJ,WESDW-EJSNH-RED-1,未分配,0,0
工具有，Listing没有,B0H9BBGBSQ,WESDW-EJSNH-GRAY-1,未分配,0,0
工具有，Listing没有,B0H98RXR5K,WESDW-SJXSNQ-WHITE-6,未分配,0,0
工具有，Listing没有,B0H98HP2L1,WESDW-SJXSNQ-BLACK-6,未分配,0,0
工具有，Listing没有,B0H98SDFWL,WESDW-SJXSNQ-BLACK-3,未分配,0,0
工具有，Listing没有,B0H98MRSXL,WESDW-SJXSNQ-WHITE-3,未分配,0,0
工具有，Listing没有,B0H8SCR8Z6,WESSP-FP-dan02,图图,0,0
工具有，Listing没有,B0H8SBQ1XW,WESSP-FP-dan01,图图,0,0
工具有，Listing没有,B0H8S7ZM74,WESSP-FP-tao01,图图,0,0
工具有，Listing没有,B0H8SFCT8W,WESSP-FP-quan01,图图,0,0
工具有，Listing没有,B0H8SHV4KS,WESSP-FP-quan02,图图,0,0
工具有，Listing没有,B0H8S26BW8,WESSP-FP-dingzhuang02,图图,0,0
工具有，Listing没有,B0H8SJZY7T,WESSP-FP-tao02,图图,0,0
工具有，Listing没有,B0H8SFXNND,WESSP-FP-xi01,图图,0,0
工具有，Listing没有,B0H8SFC151,WESSP-FP-xi02,图图,0,0
工具有，Listing没有,B0H8SJBQQK,WESSP-FP-dingzhuang01,图图,0,0
工具有，Listing没有,B0H8S4VRSD,CA-Pettoy-Feather-Wood,cccady,0,0
工具有，Listing没有,B0H8PNVG7B,CA-Pettoy-Sisal,cccady,0,0
工具有，Listing没有,B0H8MNFHMX,CA-Coffeebrush-Pearwood,cccady,0,0
工具有，Listing没有,B0H8MCXC8K,CA-Coffeebrush-Blackwood,cccady,0,0
工具有，Listing没有,B0H8LNWNNN,CA-Washbag-Grey,cccady,0,0
工具有，Listing没有,B0H8LRCK1M,CA-Washbag-White,cccady,0,0
工具有，Listing没有,B0H8LK5VHQ,CA-Shakerbottle-Black,cccady,0,0
工具有，Listing没有,B0H8LHQRX5,CA-Shakerbottle-Green,cccady,0,0
工具有，Listing没有,B0H8LQN9TZ,CA-Shakerbottle-Pink,cccady,0,0
工具有，Listing没有,B0H8KBFYVV,CA-Pet-XQ-Airtag-Pink,cccady,0,0
工具有，Listing没有,B0H8K76WLS,CA-Pet-XQ-Airtag-Black,cccady,0,0
工具有，Listing没有,B0H8K1DHH8,CA-Pet-XQ-Airtag-Blue,cccady,0,0
工具有，Listing没有,B0H8D864GK,CA-Towel-green,cccady,0,0
工具有，Listing没有,B0H8D65QW1,CA-Towel-grey,cccady,0,0
工具有，Listing没有,B0H8CY3NGM,CA-Towel-pink,cccady,0,0
工具有，Listing没有,B0H89XDSFK,CA-Petchewtoy-fly,cccady,0,0
工具有，Listing没有,B0H8BBXXBL,CA-Petchewtoy-bird,cccady,0,0
工具有，Listing没有,B0H89Q7F2Q,CA-Petchewtoy-mouse,cccady,0,0
工具有，Listing没有,B0H8B1T9QP,CA-Petchewtoy-ball,cccady,0,0
工具有，Listing没有,B0H889RPFB,CCC-PetXQ-Airlight-WHITE,cccady,0,0
工具有，Listing没有,B0H88KGPMT,CC-PetXQ-Airlight-PINK,cccady,0,0
工具有，Listing没有,B0H87Q3ZTB,WESSP-tiezhi-hk500,图图,0,0
工具有，Listing没有,B0H87SNRRG,WESSP-tiezhi-h500,图图,0,0
工具有，Listing没有,B0H87RHXHQ,WESSP-tiezhi-lk500,图图,0,0
工具有，Listing没有,B0H87R9CGN,WESSP-tiezhi-l500,图图,0,0
工具有，Listing没有,B0H86VSQ13,PET-Toy-3MQ-CC,cccady,0,0
工具有，Listing没有,B0H8415FHJ,Pads-SET-3style-CC,cccady,0,0
工具有，Listing没有,B0H77FDN3F,Spraybottle-Grey-cc1,cccady,2,0
工具有，Listing没有,B0H5B69771,WESKCC-SHD1-1,cccady,16,0
工具有，Listing没有,B0H4GGQ6TK,WESSP-feizaodie-3,图图,0,0
工具有，Listing没有,B0H2G8F5WG,Gd-Wrap-SN-Blue,cccady,5,0
工具有，Listing没有,B0H2FK3923,Pet-WD-Yellow-1,cccady,5,0
工具有，Listing没有,B0GT4P549G,YJK-2308-CoralPink-L,cccady,3,0
工具有，Listing没有,B0GT4VZCW4,YJK-2308-CoralPink-M,cccady,3,0
工具有，Listing没有,B0GSJNZ22P,YDBX-ZW01-White-M,cccady,3,0
工具有，Listing没有,B0GSJLD5YY,YDBX-7017-PeachPink-S,cccady,3,0
工具有，Listing没有,B0H2G1TNWP,Gd-Wrap-SN-Woody,cccady,5,0
工具有，Listing没有,B0H2G8FHSV,Gd-Wrap-SN-Lava-Orange,cccady,5,0
工具有，Listing没有,B0GS6LWSWJ,WES-BF-34A,cccady,0,0
工具有，Listing没有,B0GY4YDL7C,Pet-WD-Green,cccady,5,0
工具有，Listing没有,B0GY4H1D97,Pet-WD-Pink,cccady,5,0
工具有，Listing没有,B0GSJSV391,YDBX-7017-ForestGreen-M,cccady,3,0
工具有，Listing没有,B0GSJF1FSL,YDBX-7020-Mocha-L,cccady,3,0
工具有，Listing没有,B0GS6CHFZT,WES-BH-37A,cccady,0,0
工具有，Listing没有,B0GL8MFZLM,WES-30005-Blue-8,cccady,0,0
工具有，Listing没有,B0GT59LT17,YJK-522-Beige-XL,cccady,3,0
工具有，Listing没有,B0GY4HJWN8,PetToy-Fish-M,cccady,9,0
工具有，Listing没有,B0GT5F2WYJ,YJK-FJK-Coffee-L,cccady,3,0
工具有，Listing没有,B0GSJSNDVQ,YDBX-7017-ForestGreen-S,cccady,2,0
工具有，Listing没有,B0GLFVMPV9,WES-3007-Red-8,cccady,0,0
工具有，Listing没有,B0GT56RB3X,YJK-2308-Red-M,cccady,3,0
工具有，Listing没有,B0GL8MNZGV,WES-30005-Blue-9,cccady,0,0
工具有，Listing没有,B0GSJV3YX4,YDBX-7020-RedWine-S,cccady,3,0
工具有，Listing没有,B0GSJRQPB3,YDBX-7020-Pistachio-S,cccady,3,0
工具有，Listing没有,B0GL8Q7YXT,WES-3006-Pink-9,cccady,3,0
工具有，Listing没有,B0GS6RVCNY,WES-BXT-29A,cccady,0,0
工具有，Listing没有,B0GS6C5XVW,WES-HDF-34A,cccady,0,0
工具有，Listing没有,B0GT4ZBXGL,YJK-2308-AppleGreen-S,cccady,3,0
工具有，Listing没有,B0GY4XKZW8,Pet-WD-Red,cccady,5,0
工具有，Listing没有,B0GS6QCDDB,WES-PH-34A,cccady,0,0
工具有，Listing没有,B0GT52539D,YJK-FJK-Mocha-L,cccady,3,0
工具有，Listing没有,B0GSJZLQ43,YDBX-7020-RedWine-M,cccady,3,0
工具有，Listing没有,B0GT523YHV,YJK-FJK-Mocha-XL,cccady,3,0
工具有，Listing没有,B0GS6HLRS4,WES-BXH-37A,cccady,0,0
工具有，Listing没有,B0GS6BT1TQ,WES-IR-29A,cccady,1,0
工具有，Listing没有,B0GS679H9Y,WES-PH-37A,cccady,0,0
工具有，Listing没有,B0GS6GMGVM,WES-BT-34A,cccady,0,0
工具有，Listing没有,B0GSJMNNXK,YDBX-7020-Pistachio-L,cccady,3,0
工具有，Listing没有,B0GSJVQLKZ,YDBX-7020-RedWine-L,cccady,3,0
工具有，Listing没有,B0GSJN2NZ3,YDBX-7017-PeachPink-M,cccady,3,0
工具有，Listing没有,B0GS6WXD2S,WES-HGF-37A,cccady,0,0
工具有，Listing没有,B0GS6PRM96,WES-PF-29A,cccady,0,0
工具有，Listing没有,B0GLFTK9SV,WES-3007-White-8,cccady,0,0
工具有，Listing没有,B0GLFZ7BC8,WES-3007-Green-9,cccady,0,0
工具有，Listing没有,B0GS69B7B6,WES-PR-34A,cccady,0,0
工具有，Listing没有,B0GS6GBL9V,WES-QCW-34A,cccady,0,0
工具有，Listing没有,B0GS6KY9BB,WES-BXH-29A,cccady,0,0
工具有，Listing没有,B0H2G28YBD,Gd-Wrap-SN-White,cccady,5,0
工具有，Listing没有,B0GY4XNMQ5,Pet-WD-SkyBlue,cccady,5,0
工具有，Listing没有,B0H2GC9CB3,Gd-Wrap-SN-Pink,cccady,5,0
工具有，Listing没有,B0GS6C9S4D,WES-IR-34A,cccady,0,0
工具有，Listing没有,B0GS6G18D4,WES-BH-29A,cccady,0,0
工具有，Listing没有,B0GS6LY1C4,WES-PF-37A,cccady,0,0
工具有，Listing没有,B0GS69145N,WES-BXF-37A,cccady,0,0
工具有，Listing没有,B0H45R77Q6,YJQ-Ball-Purple-Re,cccady,0,0
工具有，Listing没有,B0H2FJYSVR,YJQ-Ball-Pink,cccady,3,0
工具有，Listing没有,B0GZQ7M31V,Pet-Toy-Feather,cccady,18,0
工具有，Listing没有,B0H2FJ7FJQ,Pet-WD-Orange-1,cccady,5,0
工具有，Listing没有,B0GZLJ5L2Z,Pet-Toy-Fish-MG,cccady,3,1
工具有，Listing没有,B0GYNBBCJP,U6F19-Black,cccady,5,0
工具有，Listing没有,B0H21WXBXX,Coffee-LZ-SU04-200,cccady,3,0
工具有，Listing没有,B0GS6N6MF6,WES-YZF-29A,cccady,0,0
工具有，Listing没有,B0GY4PB5LZ,Pet-WD-Purple,cccady,5,0
工具有，Listing没有,B0GS6JZMHH,WES-PH-29A,cccady,0,0
工具有，Listing没有,B0GS6BT5H8,WES-BXR-29A,cccady,0,0
工具有，Listing没有,B0GT54FVGL,YJK-522-Beige-M,cccady,3,0
工具有，Listing没有,B0GT55WJPX,YJK-FJK-Mocha-M,cccady,3,0
工具有，Listing没有,B0GSJLQGDW,YDBX-7017-TomatoPurple-S,cccady,3,0
工具有，Listing没有,B0GS6KNF65,WES-HGF-34A,cccady,0,0
工具有，Listing没有,B0GSJY37PV,YDBX-7017-TomatoPurple-L,cccady,3,0
工具有，Listing没有,B0GSJWF3QR,YDBX-7017-PeachPink-L,cccady,3,0
工具有，Listing没有,B0H2G3YSRM,Gd-Wrap-SN-Green,cccady,5,0
工具有，Listing没有,B0GS6H77DL,WES-PF-34A,cccady,0,0
工具有，Listing没有,B0GS68YNJB,WES-HDF-29A,cccady,0,0
工具有，Listing没有,B0GS6DVB7M,WES-PR-37A,cccady,0,0
工具有，Listing没有,B0GS6DCK6T,WES-PXF-37A,cccady,0,0
工具有，Listing没有,B0GS6NYSFM,WES-HDF-37A,cccady,0,0
工具有，Listing没有,B0GS6R48XB,WES-PHO-29A,cccady,0,0
工具有，Listing没有,B0GS6CYRWP,WES-BB-29A,cccady,0,0
工具有，Listing没有,B0GS6GCV8K,WES-PB-34A,cccady,0,0
工具有，Listing没有,B0GSJT3V72,YDBX-ZW01-Matcha-L,cccady,3,0
工具有，Listing没有,B0GT4SZ9T5,YJK-2308-CoralPink-S,cccady,3,0
工具有，Listing没有,B0GS6LRNJZ,WES-YZF-34A,cccady,0,0
工具有，Listing没有,B0GLFH98MS,WES-3007-Black-8,cccady,0,0
工具有，Listing没有,B0GL8GW4HF,WES-30005-Pink-9,cccady,0,0
工具有，Listing没有,B0GT5J8QNX,YJK-522-Coffee-M,cccady,3,0
工具有，Listing没有,B0GS6DHFM5,WES-BHO-34A,cccady,0,0
工具有，Listing没有,B0GS6PLWZ2,WES-PHO-34A,cccady,0,0
工具有，Listing没有,B0GSJRLF19,YDBX-ZW01-White-L,cccady,3,0
工具有，Listing没有,B0GYNGR4XF,U6F19-Green,cccady,5,0
工具有，Listing没有,B0GYN357S4,U6F19-White,cccady,5,0
工具有，Listing没有,B0GS6CWBL1,WES-GRAD-34A,cccady,2,0
工具有，Listing没有,B0GY44YXL8,PetToy-Fish-G,cccady,6,0
工具有，Listing没有,B0GLFS39WF,WES-3007-Red-9,cccady,0,0
工具有，Listing没有,B0GSJV9D6R,YDBX-ZW01-Matcha-M,cccady,3,0
工具有，Listing没有,B0GSJPD8BM,YDBX-7017-ForestGreen-L,cccady,3,0
工具有，Listing没有,B0GS6CYGYL,WES-PXR-29A,cccady,0,0
工具有，Listing没有,B0GS68L54Q,WES-BHO-37A,cccady,0,0
工具有，Listing没有,B0GS6L4DDQ,WES-BXR-34A,cccady,0,0
工具有，Listing没有,B0GSJWC46D,YDBX-7020-Pistachio-M,cccady,3,0
工具有，Listing没有,B0GSJJB85Q,YDBX-7017-TomatoPurple-M,cccady,3,0
工具有，Listing没有,B0GS6BZSHH,WES-QCW-37A,cccady,0,0
工具有，Listing没有,B0GS6CCS17,WES-YZR-37A,cccady,0,0
工具有，Listing没有,B0GS6HFC46,WES-PXHO-37A,cccady,0,0
工具有，Listing没有,B0GL8XMT4T,WES-3006-Grey-9,cccady,0,0
工具有，Listing没有,B0GL8PK8YC,WES-3006-Blue-9 / WES-3006-Blue-8,cccady,5,0
工具有，Listing没有,B0GT5F8K51,YJK-FJK-Coffee-XL,cccady,3,0
工具有，Listing没有,B0GS68XVG8,WES-BF-29A,cccady,0,0
工具有，Listing没有,B0GS6CVHYY,WES-PXR-34A,cccady,0,0
工具有，Listing没有,B0GS6LY1CD,WES-BXT-34A,cccady,0,0
工具有，Listing没有,B0GS6H5JW7,WES-BB-37A,cccady,0,0
工具有，Listing没有,B0GS68C9ZP,WES-BXF-34A,cccady,0,0
工具有，Listing没有,B0GS6JDJ86,WES-PXH-29A,cccady,0,0
工具有，Listing没有,B0GS6HSJKJ,WES-GRAD-29A,cccady,2,0
工具有，Listing没有,B0GS6CJNCD,WES-PXF-29A,cccady,0,0
工具有，Listing没有,B0GS6H989S,WES-QCW-28A,cccady,0,0
工具有，Listing没有,B0GL8ZHQCZ,WES-30005-Pink-8,cccady,0,0
工具有，Listing没有,B0GLF7QK79,WES-3007-Green-8,cccady,0,0
工具有，Listing没有,B0GL973XZN,WES-3006-Grey-8,cccady,0,0
工具有，Listing没有,B0GSJRF5V5,YDBX-7020-Mocha-S,cccady,3,0
工具有，Listing没有,B0GTPFF7H6,WES-BT-37A,cccady,0,0
工具有，Listing没有,B0GT58J55M,YJK-522-Coffee-XL,cccady,3,0
工具有，Listing没有,B0GSJZ362Y,YDBX-ZW01-Matcha-XL,cccady,3,0
工具有，Listing没有,B0GSJQTCJF,YDBX-7020-Mocha-M,cccady,3,0
工具有，Listing没有,B0GT52Z7NC,YJK-522-Beige-L,cccady,3,0
工具有，Listing没有,B0GS69GV7W,WES-YZR-29A,cccady,0,0
工具有，Listing没有,B0GT56SR8C,YJK-522-Coffee-L,cccady,3,0
工具有，Listing没有,B0GSJLMRYC,YDBX-7020-White-L,cccady,3,0
工具有，Listing没有,B0GT5C99NV,YJK-FJK-Coffee-M,cccady,3,0
工具有，Listing没有,B0GS6C41V5,WES-BXR-37A,cccady,0,0
工具有，Listing没有,B0GS6Q1GQN,WES-PXF-34A,cccady,0,0
工具有，Listing没有,B0GT59BZLQ,YJK-2308-AppleGreen-M,cccady,3,0
工具有，Listing没有,B0GS6CMGZL,WES-PB-37A,cccady,0,0
工具有，Listing没有,B0GS6FK7BR,WES-PXH-34A,cccady,2,0
工具有，Listing没有,B0GS6GZVK2,WES-BB-34A,cccady,0,0
工具有，Listing没有,B0GS6DHFM7,WES-GRAD-36A,cccady,2,0
工具有，Listing没有,B0GS6D1DF1,WES-PXH-37A,cccady,0,0
工具有，Listing没有,B0GL8MQHBS,WES-30005-Grey-9,cccady,0,0
工具有，Listing没有,B0GS6VCB4R,WES-BXH-34A,cccady,0,0
工具有，Listing没有,B0GT5DQC9L,YJK-2308-AppleGreen-L,cccady,3,0
工具有，Listing没有,B0GL8MDY9B,WES-3006-White-9,cccady,0,0
工具有，Listing没有,B0GT59LT15,YJK-2308-Red-L,cccady,3,0
工具有，Listing没有,B0GLFWJP36,WES-3007-White-9,cccady,0,0
工具有，Listing没有,B0GL8DJ49P,WES-3006-White-8,cccady,0,0
工具有，Listing没有,B0GLFW1243,WES-3007-Yellow-9,cccady,0,0
工具有，Listing没有,B0GS6D6TG1,WES-YZF-37A,cccady,0,0
工具有，Listing没有,B0GS68VKD2,WES-PXR-37A,cccady,0,0
工具有，Listing没有,B0GS6CV8W7,WES-BXF-29A,cccady,0,0
工具有，Listing没有,B0GL8H8D84,WES-3006-Yellow-8,cccady,0,0
工具有，Listing没有,B0GS6Q3SH8,WES-BXT-37A,cccady,0,0
工具有，Listing没有,B0GS6D3TZN,WES-IR-37A,cccady,0,0
工具有，Listing没有,B0GS6D57MX,WES-PXHO-29A,cccady,0,0
工具有，Listing没有,B0GS6JSV6D,WES-PHO-37A,cccady,3,0
工具有，Listing没有,B0GL8RMKML,WES-3006-Yellow-9,cccady,0,0
工具有，Listing没有,B0GL8JZH94,WES-30005-White-8,cccady,0,0
工具有，Listing没有,B0GS6FG89Q,WES-YZR-34A,cccady,0,0
工具有，Listing没有,B0GS68ZC5P,WES-BHO-29A,cccady,0,0
工具有，Listing没有,B0GSJPB11K,YDBX-ZW01-White-XL,cccady,3,0
工具有，Listing没有,B0GT5CHQQM,YJK-2308-Red-S,cccady,3,0
工具有，Listing没有,B0GTLR99TS,WES-HGF-29A,cccady,0,0
工具有，Listing没有,B0GSJM15GB,YDBX-7020-White-S,cccady,3,0
工具有，Listing没有,B0GS6CF5PW,WES-BH-34A,cccady,0,0
工具有，Listing没有,B0GS68P9VD,WES-BF-37A,cccady,0,0
工具有，Listing没有,B0GS6DSWXH,WES-PB-29A,cccady,0,0
工具有，Listing没有,B0GL8NNY7J,WES-30005-Grey-8,cccady,0,0
工具有，Listing没有,B0GL8VYKG3,WES-30005-White-9,cccady,0,0
工具有，Listing没有,B0GS688D8B,WES-PXHO-34A,cccady,0,0
工具有，Listing没有,B0GS68WCSV,WES-BT-29A,cccady,0,0
工具有，Listing没有,B0GLFJG2JK,WES-3007-Yellow-8,cccady,0,0
工具有，Listing没有,B0GS688LXF,WES-PR-29A,cccady,0,0
工具有，Listing没有,B0GLFWNCBB,WES-3007-Black-9,cccady,0,0
